2026-07-23 08:45:59 [background-preinit] INFO  o.h.validator.internal.util.Version - HV000001: Hibernate Validator 8.0.3.Final
2026-07-23 08:45:59 [restartedMain] INFO  com.ecommerce.Application - Starting Application using Java 17.0.19 with PID 12380 (C:\Users\PabloBezerradaSilva\Documents\Java\fourcamp26-pablosilva\ecommerce-api\target\classes started by PabloBezerradaSilva in C:\Users\PabloBezerradaSilva\Documents\Java\fourcamp26-pablosilva\ecommerce-api)
2026-07-23 08:45:59 [restartedMain] DEBUG com.ecommerce.Application - Running with Spring Boot v3.5.16, Spring v6.2.19
2026-07-23 08:45:59 [restartedMain] INFO  com.ecommerce.Application - No active profile set, falling back to 1 default profile: "default"
2026-07-23 08:45:59 [restartedMain] INFO  o.s.b.d.e.DevToolsPropertyDefaultsPostProcessor - Devtools property defaults active! Set 'spring.devtools.add-properties' to 'false' to disable
2026-07-23 08:45:59 [restartedMain] INFO  o.s.b.d.e.DevToolsPropertyDefaultsPostProcessor - For additional web related logging consider setting the 'logging.level.web' property to 'DEBUG'
2026-07-23 08:46:02 [restartedMain] INFO  o.s.d.r.c.RepositoryConfigurationDelegate - Bootstrapping Spring Data JPA repositories in DEFAULT mode.
2026-07-23 08:46:02 [restartedMain] INFO  o.s.d.r.c.RepositoryConfigurationDelegate - Finished Spring Data repository scanning in 183 ms. Found 6 JPA repository interfaces.
2026-07-23 08:46:04 [restartedMain] INFO  o.s.b.w.e.tomcat.TomcatWebServer - Tomcat initialized with port 8080 (http)
2026-07-23 08:46:04 [restartedMain] INFO  o.a.coyote.http11.Http11NioProtocol - Initializing ProtocolHandler ["http-nio-8080"]
2026-07-23 08:46:04 [restartedMain] INFO  o.a.catalina.core.StandardService - Starting service [Tomcat]
2026-07-23 08:46:04 [restartedMain] INFO  o.a.catalina.core.StandardEngine - Starting Servlet engine: [Apache Tomcat/10.1.55]
2026-07-23 08:46:04 [restartedMain] INFO  o.a.c.c.C.[.[localhost].[/api] - Initializing Spring embedded WebApplicationContext
2026-07-23 08:46:04 [restartedMain] INFO  o.s.b.w.s.c.ServletWebServerApplicationContext - Root WebApplicationContext: initialization completed in 5161 ms
2026-07-23 08:46:04 [restartedMain] DEBUG c.e.a.s.JwtAuthenticationFilter - Filter 'jwtAuthenticationFilter' configured for use
2026-07-23 08:46:05 [restartedMain] INFO  o.h.jpa.internal.util.LogHelper - HHH000204: Processing PersistenceUnitInfo [name: default]
2026-07-23 08:46:05 [restartedMain] INFO  org.hibernate.Version - HHH000412: Hibernate ORM core version 6.6.53.Final
2026-07-23 08:46:05 [restartedMain] INFO  o.h.c.i.RegionFactoryInitiator - HHH000026: Second-level cache disabled
2026-07-23 08:46:06 [restartedMain] INFO  o.s.o.j.p.SpringPersistenceUnitInfo - No LoadTimeWeaver setup: ignoring JPA class transformer
2026-07-23 08:46:06 [restartedMain] INFO  com.zaxxer.hikari.HikariDataSource - HikariPool-1 - Starting...
2026-07-23 08:46:07 [restartedMain] INFO  com.zaxxer.hikari.pool.HikariPool - HikariPool-1 - Added connection conn0: url=jdbc:h2:mem:ecommercedb user=SA
2026-07-23 08:46:07 [restartedMain] INFO  com.zaxxer.hikari.HikariDataSource - HikariPool-1 - Start completed.
2026-07-23 08:46:07 [restartedMain] WARN  org.hibernate.orm.deprecation - HHH90000025: H2Dialect does not need to be specified explicitly using 'hibernate.dialect' (remove the property setting and it will be selected by default)
2026-07-23 08:46:07 [restartedMain] INFO  o.hibernate.orm.connections.pooling - HHH10001005: Database info:
	Database JDBC URL [Connecting through datasource 'HikariDataSource (HikariPool-1)']
	Database driver: undefined/unknown
	Database version: 2.3.232
	Autocommit mode: undefined/unknown
	Isolation level: undefined/unknown
	Minimum pool size: undefined/unknown
	Maximum pool size: undefined/unknown
2026-07-23 08:46:10 [restartedMain] INFO  o.h.e.t.j.p.i.JtaPlatformInitiator - HHH000489: No JTA platform available (set 'hibernate.transaction.jta.platform' to enable JTA platform integration)
2026-07-23 08:46:10 [restartedMain] DEBUG org.hibernate.SQL - 
    drop table if exists categorias cascade 
2026-07-23 08:46:10 [restartedMain] DEBUG org.hibernate.SQL - 
    drop table if exists clientes cascade 
2026-07-23 08:46:10 [restartedMain] DEBUG org.hibernate.SQL - 
    drop table if exists itens_pedido cascade 
2026-07-23 08:46:10 [restartedMain] DEBUG org.hibernate.SQL - 
    drop table if exists pagamentos cascade 
2026-07-23 08:46:10 [restartedMain] DEBUG org.hibernate.SQL - 
    drop table if exists pedidos cascade 
2026-07-23 08:46:10 [restartedMain] DEBUG org.hibernate.SQL - 
    drop table if exists produtos cascade 
2026-07-23 08:46:10 [restartedMain] DEBUG org.hibernate.SQL - 
    drop table if exists usuarios cascade 
2026-07-23 08:46:10 [restartedMain] DEBUG org.hibernate.SQL - 
    create table categorias (
        ativo boolean not null,
        id bigint generated by default as identity,
        nome varchar(100) not null,
        descricao TEXT,
        primary key (id)
    )
2026-07-23 08:46:10 [restartedMain] DEBUG org.hibernate.SQL - 
    create table clientes (
        ativo boolean not null,
        data_atualizacao timestamp(6),
        data_criacao timestamp(6) not null,
        id bigint generated by default as identity,
        cpf varchar(11) not null unique,
        telefone varchar(20),
        email varchar(255) not null unique,
        endereco TEXT,
        nome varchar(255) not null,
        primary key (id)
    )
2026-07-23 08:46:10 [restartedMain] DEBUG org.hibernate.SQL - 
    create table itens_pedido (
        preco_unitario numeric(10,2) not null,
        quantidade integer not null,
        id bigint generated by default as identity,
        pedido_id bigint not null,
        produto_id bigint not null,
        primary key (id)
    )
2026-07-23 08:46:10 [restartedMain] DEBUG org.hibernate.SQL - 
    create table pagamentos (
        valor float(53) not null,
        data_criacao timestamp(6) not null,
        id bigint generated by default as identity,
        pedido_id bigint not null,
        metodo varchar(50) not null,
        status enum ('APROVADO','PENDENTE','RECUSADO','REEMBOLSADO') not null,
        primary key (id)
    )
2026-07-23 08:46:10 [restartedMain] DEBUG org.hibernate.SQL - 
    create table pedidos (
        total float(53) not null,
        cliente_id bigint not null,
        data_atualizacao timestamp(6),
        data_criacao timestamp(6) not null,
        id bigint generated by default as identity,
        status enum ('CANCELADO','CONFIRMADO','ENTREGUE','ENVIADO','PENDENTE') not null,
        primary key (id)
    )
2026-07-23 08:46:10 [restartedMain] DEBUG org.hibernate.SQL - 
    create table produtos (
        ativo boolean not null,
        estoque integer not null,
        preco numeric(38,2) not null,
        categoria_id bigint not null,
        id bigint generated by default as identity,
        descricao TEXT,
        nome varchar(255) not null,
        primary key (id)
    )
2026-07-23 08:46:10 [restartedMain] DEBUG org.hibernate.SQL - 
    create table usuarios (
        ativo boolean not null,
        id bigint generated by default as identity,
        email varchar(255) not null unique,
        nome varchar(255) not null,
        senha varchar(255) not null,
        papel enum ('ADMIN','USER') not null,
        primary key (id)
    )
2026-07-23 08:46:10 [restartedMain] DEBUG org.hibernate.SQL - 
    alter table if exists itens_pedido 
       add constraint FK42mycompce3b7yt3l6ukdwsxy 
       foreign key (pedido_id) 
       references pedidos
2026-07-23 08:46:10 [restartedMain] DEBUG org.hibernate.SQL - 
    alter table if exists itens_pedido 
       add constraint FKxytdlekpdaobqphujy9bmuhl 
       foreign key (produto_id) 
       references produtos
2026-07-23 08:46:10 [restartedMain] DEBUG org.hibernate.SQL - 
    alter table if exists pagamentos 
       add constraint FKb0dh6865y8h4irwdrl4ici3kl 
       foreign key (pedido_id) 
       references pedidos
2026-07-23 08:46:10 [restartedMain] DEBUG org.hibernate.SQL - 
    alter table if exists pedidos 
       add constraint FKg7202lk0hwxn04bmdl2thth5b 
       foreign key (cliente_id) 
       references clientes
2026-07-23 08:46:10 [restartedMain] DEBUG org.hibernate.SQL - 
    alter table if exists produtos 
       add constraint FK8rqw0ljwdaom34jr2t46bjtrn 
       foreign key (categoria_id) 
       references categorias
2026-07-23 08:46:10 [restartedMain] INFO  o.s.o.j.LocalContainerEntityManagerFactoryBean - Initialized JPA EntityManagerFactory for persistence unit 'default'
2026-07-23 08:46:12 [restartedMain] DEBUG o.s.w.s.m.m.a.RequestMappingHandlerMapping - 45 mappings in 'requestMappingHandlerMapping'
2026-07-23 08:46:12 [restartedMain] DEBUG o.s.w.s.h.SimpleUrlHandlerMapping - Patterns [/h2-console] in 'viewControllerHandlerMapping'
2026-07-23 08:46:12 [restartedMain] DEBUG o.s.w.s.h.SimpleUrlHandlerMapping - Patterns [/webjars/**, /**, /swagger-ui/**, /swagger-ui/*swagger-initializer.js, /webjars/*swagger-ui/**, /webjars/*swagger-ui/*swagger-initializer.js, /webjars/*swagger-ui/5.32.2/*swagger-initializer.js] in 'resourceHandlerMapping'
2026-07-23 08:46:12 [restartedMain] DEBUG o.s.s.c.a.a.c.AuthenticationConfiguration$DefaultPasswordEncoderAuthenticationManagerBuilder - No authenticationProviders and no parentAuthenticationManager defined. Returning null.
2026-07-23 08:46:12 [restartedMain] DEBUG o.s.s.web.DefaultSecurityFilterChain - Will secure any request with filters: DisableEncodeUrlFilter, WebAsyncManagerIntegrationFilter, SecurityContextHolderFilter, HeaderWriterFilter, LogoutFilter, JwtAuthenticationFilter, RequestCacheAwareFilter, SecurityContextHolderAwareRequestFilter, AnonymousAuthenticationFilter, SessionManagementFilter, ExceptionTranslationFilter, AuthorizationFilter
2026-07-23 08:46:12 [restartedMain] DEBUG o.s.w.s.m.m.a.RequestMappingHandlerAdapter - ControllerAdvice beans: 0 @ModelAttribute, 0 @InitBinder, 1 RequestBodyAdvice, 1 ResponseBodyAdvice
2026-07-23 08:46:13 [restartedMain] DEBUG o.s.w.s.m.m.a.ExceptionHandlerExceptionResolver - ControllerAdvice beans: 2 @ExceptionHandler, 1 ResponseBodyAdvice
2026-07-23 08:46:13 [restartedMain] INFO  o.s.b.a.h.H2ConsoleAutoConfiguration - H2 console available at '/h2-console'. Database available at 'jdbc:h2:mem:ecommercedb'
2026-07-23 08:46:13 [restartedMain] INFO  o.s.b.d.a.OptionalLiveReloadServer - LiveReload server is running on port 35729
2026-07-23 08:46:13 [restartedMain] INFO  o.a.coyote.http11.Http11NioProtocol - Starting ProtocolHandler ["http-nio-8080"]
2026-07-23 08:46:13 [restartedMain] INFO  o.s.b.w.e.tomcat.TomcatWebServer - Tomcat started on port 8080 (http) with context path '/api'
2026-07-23 08:46:13 [restartedMain] INFO  com.ecommerce.Application - Started Application in 15.711 seconds (process running for 19.105)
2026-07-23 08:46:13 [restartedMain] WARN  o.s.c.events.SpringDocAppInitializer - SpringDoc /v3/api-docs endpoint is enabled by default. To disable it in production, set the property 'springdoc.api-docs.enabled=false'
2026-07-23 08:46:14 [SpringApplicationShutdownHook] INFO  o.s.b.w.e.tomcat.GracefulShutdown - Commencing graceful shutdown. Waiting for active requests to complete
2026-07-23 08:46:15 [tomcat-shutdown] INFO  o.s.b.w.e.tomcat.GracefulShutdown - Graceful shutdown complete
2026-07-23 08:46:15 [SpringApplicationShutdownHook] INFO  o.s.o.j.LocalContainerEntityManagerFactoryBean - Closing JPA EntityManagerFactory for persistence unit 'default'
2026-07-23 08:46:15 [SpringApplicationShutdownHook] DEBUG org.hibernate.SQL - 
    drop table if exists categorias cascade 
2026-07-23 08:46:15 [SpringApplicationShutdownHook] DEBUG org.hibernate.SQL - 
    drop table if exists clientes cascade 
2026-07-23 08:46:15 [SpringApplicationShutdownHook] DEBUG org.hibernate.SQL - 
    drop table if exists itens_pedido cascade 
2026-07-23 08:46:15 [SpringApplicationShutdownHook] DEBUG org.hibernate.SQL - 
    drop table if exists pagamentos cascade 
2026-07-23 08:46:15 [SpringApplicationShutdownHook] DEBUG org.hibernate.SQL - 
    drop table if exists pedidos cascade 
2026-07-23 08:46:15 [SpringApplicationShutdownHook] DEBUG org.hibernate.SQL - 
    drop table if exists produtos cascade 
2026-07-23 08:46:15 [SpringApplicationShutdownHook] DEBUG org.hibernate.SQL - 
    drop table if exists usuarios cascade 
2026-07-23 08:46:15 [SpringApplicationShutdownHook] WARN  o.s.b.f.s.DisposableBeanAdapter - Invocation of destroy method failed on bean with name 'inMemoryDatabaseShutdownExecutor': org.h2.jdbc.JdbcSQLNonTransientConnectionException: Database is already closed (to disable automatic closing at VM shutdown, add ";DB_CLOSE_ON_EXIT=FALSE" to the db URL) [90121-232]
2026-07-23 08:46:15 [SpringApplicationShutdownHook] INFO  com.zaxxer.hikari.HikariDataSource - HikariPool-1 - Shutdown initiated...
2026-07-23 08:46:15 [SpringApplicationShutdownHook] INFO  com.zaxxer.hikari.HikariDataSource - HikariPool-1 - Shutdown completed.
2026-07-23 08:49:07 [background-preinit] INFO  o.h.validator.internal.util.Version - HV000001: Hibernate Validator 8.0.3.Final
2026-07-23 08:49:07 [main] INFO  com.ecommerce.AuthControllerTest - Starting AuthControllerTest using Java 25.0.2 with PID 16100 (started by PabloBezerradaSilva in C:\Users\PabloBezerradaSilva\Documents\Java\fourcamp26-pablosilva\ecommerce-api)
2026-07-23 08:49:07 [main] DEBUG com.ecommerce.AuthControllerTest - Running with Spring Boot v3.5.16, Spring v6.2.19
2026-07-23 08:49:07 [main] INFO  com.ecommerce.AuthControllerTest - No active profile set, falling back to 1 default profile: "default"
2026-07-23 08:49:08 [main] DEBUG o.s.w.c.s.GenericWebApplicationContext - Refreshing org.springframework.web.context.support.GenericWebApplicationContext@6d7b2319
2026-07-23 08:49:11 [main] INFO  o.s.d.r.c.RepositoryConfigurationDelegate - Bootstrapping Spring Data JPA repositories in DEFAULT mode.
2026-07-23 08:49:11 [main] INFO  o.s.d.r.c.RepositoryConfigurationDelegate - Finished Spring Data repository scanning in 157 ms. Found 6 JPA repository interfaces.
2026-07-23 08:49:14 [main] INFO  o.h.jpa.internal.util.LogHelper - HHH000204: Processing PersistenceUnitInfo [name: default]
2026-07-23 08:49:14 [main] INFO  org.hibernate.Version - HHH000412: Hibernate ORM core version 6.6.53.Final
2026-07-23 08:49:15 [main] INFO  o.h.c.i.RegionFactoryInitiator - HHH000026: Second-level cache disabled
2026-07-23 08:49:15 [main] INFO  o.s.o.j.p.SpringPersistenceUnitInfo - No LoadTimeWeaver setup: ignoring JPA class transformer
2026-07-23 08:49:15 [main] INFO  com.zaxxer.hikari.HikariDataSource - HikariPool-1 - Starting...
2026-07-23 08:49:16 [main] INFO  com.zaxxer.hikari.pool.HikariPool - HikariPool-1 - Added connection conn0: url=jdbc:h2:mem:ecommercedb user=SA
2026-07-23 08:49:16 [main] INFO  com.zaxxer.hikari.HikariDataSource - HikariPool-1 - Start completed.
2026-07-23 08:49:16 [main] WARN  org.hibernate.orm.deprecation - HHH90000025: H2Dialect does not need to be specified explicitly using 'hibernate.dialect' (remove the property setting and it will be selected by default)
2026-07-23 08:49:16 [main] INFO  o.hibernate.orm.connections.pooling - HHH10001005: Database info:
	Database JDBC URL [Connecting through datasource 'HikariDataSource (HikariPool-1)']
	Database driver: undefined/unknown
	Database version: 2.3.232
	Autocommit mode: undefined/unknown
	Isolation level: undefined/unknown
	Minimum pool size: undefined/unknown
	Maximum pool size: undefined/unknown
2026-07-23 08:49:19 [main] INFO  o.h.e.t.j.p.i.JtaPlatformInitiator - HHH000489: No JTA platform available (set 'hibernate.transaction.jta.platform' to enable JTA platform integration)
2026-07-23 08:49:19 [main] DEBUG org.hibernate.SQL - 
    drop table if exists categorias cascade 
2026-07-23 08:49:19 [main] DEBUG org.hibernate.SQL - 
    drop table if exists clientes cascade 
2026-07-23 08:49:19 [main] DEBUG org.hibernate.SQL - 
    drop table if exists itens_pedido cascade 
2026-07-23 08:49:19 [main] DEBUG org.hibernate.SQL - 
    drop table if exists pagamentos cascade 
2026-07-23 08:49:19 [main] DEBUG org.hibernate.SQL - 
    drop table if exists pedidos cascade 
2026-07-23 08:49:19 [main] DEBUG org.hibernate.SQL - 
    drop table if exists produtos cascade 
2026-07-23 08:49:19 [main] DEBUG org.hibernate.SQL - 
    drop table if exists usuarios cascade 
2026-07-23 08:49:19 [main] DEBUG org.hibernate.SQL - 
    create table categorias (
        ativo boolean not null,
        id bigint generated by default as identity,
        nome varchar(100) not null,
        descricao TEXT,
        primary key (id)
    )
2026-07-23 08:49:19 [main] DEBUG org.hibernate.SQL - 
    create table clientes (
        ativo boolean not null,
        data_atualizacao timestamp(6),
        data_criacao timestamp(6) not null,
        id bigint generated by default as identity,
        cpf varchar(11) not null unique,
        telefone varchar(20),
        email varchar(255) not null unique,
        endereco TEXT,
        nome varchar(255) not null,
        primary key (id)
    )
2026-07-23 08:49:19 [main] DEBUG org.hibernate.SQL - 
    create table itens_pedido (
        preco_unitario numeric(10,2) not null,
        quantidade integer not null,
        id bigint generated by default as identity,
        pedido_id bigint not null,
        produto_id bigint not null,
        primary key (id)
    )
2026-07-23 08:49:19 [main] DEBUG org.hibernate.SQL - 
    create table pagamentos (
        valor float(53) not null,
        data_criacao timestamp(6) not null,
        id bigint generated by default as identity,
        pedido_id bigint not null,
        metodo varchar(50) not null,
        status enum ('APROVADO','PENDENTE','RECUSADO','REEMBOLSADO') not null,
        primary key (id)
    )
2026-07-23 08:49:19 [main] DEBUG org.hibernate.SQL - 
    create table pedidos (
        total float(53) not null,
        cliente_id bigint not null,
        data_atualizacao timestamp(6),
        data_criacao timestamp(6) not null,
        id bigint generated by default as identity,
        status enum ('CANCELADO','CONFIRMADO','ENTREGUE','ENVIADO','PENDENTE') not null,
        primary key (id)
    )
2026-07-23 08:49:19 [main] DEBUG org.hibernate.SQL - 
    create table produtos (
        ativo boolean not null,
        estoque integer not null,
        preco numeric(38,2) not null,
        categoria_id bigint not null,
        id bigint generated by default as identity,
        descricao TEXT,
        nome varchar(255) not null,
        primary key (id)
    )
2026-07-23 08:49:19 [main] DEBUG org.hibernate.SQL - 
    create table usuarios (
        ativo boolean not null,
        id bigint generated by default as identity,
        email varchar(255) not null unique,
        nome varchar(255) not null,
        senha varchar(255) not null,
        papel enum ('ADMIN','USER') not null,
        primary key (id)
    )
2026-07-23 08:49:19 [main] DEBUG org.hibernate.SQL - 
    alter table if exists itens_pedido 
       add constraint FK42mycompce3b7yt3l6ukdwsxy 
       foreign key (pedido_id) 
       references pedidos
2026-07-23 08:49:19 [main] DEBUG org.hibernate.SQL - 
    alter table if exists itens_pedido 
       add constraint FKxytdlekpdaobqphujy9bmuhl 
       foreign key (produto_id) 
       references produtos
2026-07-23 08:49:19 [main] DEBUG org.hibernate.SQL - 
    alter table if exists pagamentos 
       add constraint FKb0dh6865y8h4irwdrl4ici3kl 
       foreign key (pedido_id) 
       references pedidos
2026-07-23 08:49:19 [main] DEBUG org.hibernate.SQL - 
    alter table if exists pedidos 
       add constraint FKg7202lk0hwxn04bmdl2thth5b 
       foreign key (cliente_id) 
       references clientes
2026-07-23 08:49:19 [main] DEBUG org.hibernate.SQL - 
    alter table if exists produtos 
       add constraint FK8rqw0ljwdaom34jr2t46bjtrn 
       foreign key (categoria_id) 
       references categorias
2026-07-23 08:49:19 [main] INFO  o.s.o.j.LocalContainerEntityManagerFactoryBean - Initialized JPA EntityManagerFactory for persistence unit 'default'
2026-07-23 08:49:21 [main] DEBUG o.s.w.s.m.m.a.RequestMappingHandlerMapping - 45 mappings in 'requestMappingHandlerMapping'
2026-07-23 08:49:21 [main] DEBUG o.s.w.s.h.SimpleUrlHandlerMapping - Patterns [/h2-console] in 'viewControllerHandlerMapping'
2026-07-23 08:49:21 [main] DEBUG o.s.w.s.h.SimpleUrlHandlerMapping - Patterns [/webjars/**, /**, /swagger-ui/**, /swagger-ui/*swagger-initializer.js, /webjars/*swagger-ui/**, /webjars/*swagger-ui/*swagger-initializer.js, /webjars/*swagger-ui/5.32.2/*swagger-initializer.js] in 'resourceHandlerMapping'
2026-07-23 08:49:21 [main] DEBUG o.s.s.c.a.a.c.AuthenticationConfiguration$DefaultPasswordEncoderAuthenticationManagerBuilder - No authenticationProviders and no parentAuthenticationManager defined. Returning null.
2026-07-23 08:49:21 [main] DEBUG o.s.s.web.DefaultSecurityFilterChain - Will secure any request with filters: DisableEncodeUrlFilter, WebAsyncManagerIntegrationFilter, SecurityContextHolderFilter, HeaderWriterFilter, LogoutFilter, JwtAuthenticationFilter, RequestCacheAwareFilter, SecurityContextHolderAwareRequestFilter, AnonymousAuthenticationFilter, SessionManagementFilter, ExceptionTranslationFilter, AuthorizationFilter
2026-07-23 08:49:21 [main] DEBUG o.s.w.s.m.m.a.RequestMappingHandlerAdapter - ControllerAdvice beans: 0 @ModelAttribute, 0 @InitBinder, 1 RequestBodyAdvice, 1 ResponseBodyAdvice
2026-07-23 08:49:22 [main] DEBUG o.s.w.s.m.m.a.ExceptionHandlerExceptionResolver - ControllerAdvice beans: 2 @ExceptionHandler, 1 ResponseBodyAdvice
2026-07-23 08:49:22 [main] DEBUG c.e.a.s.JwtAuthenticationFilter - Filter 'jwtAuthenticationFilter' configured for use
2026-07-23 08:49:22 [main] INFO  o.s.b.t.m.w.SpringBootMockServletContext - Initializing Spring TestDispatcherServlet ''
2026-07-23 08:49:22 [main] INFO  o.s.t.w.s.TestDispatcherServlet - Initializing Servlet ''
2026-07-23 08:49:22 [main] INFO  o.s.t.w.s.TestDispatcherServlet - Completed initialization in 1 ms
2026-07-23 08:49:22 [main] INFO  com.ecommerce.AuthControllerTest - Started AuthControllerTest in 16.093 seconds (process running for 20.458)
2026-07-23 08:49:22 [main] WARN  o.s.c.events.SpringDocAppInitializer - SpringDoc /v3/api-docs endpoint is enabled by default. To disable it in production, set the property 'springdoc.api-docs.enabled=false'
2026-07-23 08:49:22 [main] DEBUG o.s.security.web.FilterChainProxy - Securing POST /auth/login
2026-07-23 08:49:22 [main] DEBUG o.s.s.w.a.AnonymousAuthenticationFilter - Set SecurityContextHolder to anonymous SecurityContext
2026-07-23 08:49:22 [main] DEBUG o.s.security.web.FilterChainProxy - Secured POST /auth/login
2026-07-23 08:49:22 [main] DEBUG o.s.w.s.m.m.a.RequestMappingHandlerMapping - Mapped to com.ecommerce.api.controller.AuthController#login(LoginRequest)
2026-07-23 08:49:22 [main] DEBUG o.s.w.s.m.m.a.RequestResponseBodyMethodProcessor - Read "application/json;charset=UTF-8" to [LoginRequest(email=usuario@teste.com, senha=senha123)]
2026-07-23 08:49:23 [main] INFO  c.e.api.controller.AuthController - Login realizado para: usuario@teste.com
2026-07-23 08:49:23 [main] DEBUG o.s.w.s.m.m.a.HttpEntityMethodProcessor - Using 'application/json', given [*/*] and supported [application/json, application/*+json, application/yaml]
2026-07-23 08:49:23 [main] DEBUG o.s.w.s.m.m.a.HttpEntityMethodProcessor - Writing [LoginResponse(token=token-fake, tipo=Bearer, id=1, email=usuario@teste.com, nome=Usuário Teste)]
2026-07-23 08:49:23 [main] DEBUG o.s.security.web.FilterChainProxy - Securing POST /auth/registrar
2026-07-23 08:49:23 [main] DEBUG o.s.s.w.a.AnonymousAuthenticationFilter - Set SecurityContextHolder to anonymous SecurityContext
2026-07-23 08:49:23 [main] DEBUG o.s.security.web.FilterChainProxy - Secured POST /auth/registrar
2026-07-23 08:49:23 [main] DEBUG o.s.w.s.m.m.a.RequestMappingHandlerMapping - Mapped to com.ecommerce.api.controller.AuthController#registrar(UsuarioDTO)
2026-07-23 08:49:23 [main] DEBUG o.s.w.s.m.m.a.RequestResponseBodyMethodProcessor - Read "application/json;charset=UTF-8" to [UsuarioDTO(id=null, email=novo@teste.com, senha=senha123, nome=Novo Usuário, papel=USER, ativo=true)]
2026-07-23 08:49:23 [main] INFO  c.e.api.controller.AuthController - Registrando novo usuário: novo@teste.com
2026-07-23 08:49:23 [main] DEBUG o.s.w.s.m.m.a.HttpEntityMethodProcessor - Using 'application/json', given [*/*] and supported [application/json, application/*+json, application/yaml]
2026-07-23 08:49:23 [main] DEBUG o.s.w.s.m.m.a.HttpEntityMethodProcessor - Writing [UsuarioDTO(id=null, email=novo@teste.com, senha=senha123, nome=Novo Usuário, papel=USER, ativo=true)]
2026-07-23 08:49:23 [main] INFO  o.s.t.c.s.AnnotationConfigContextLoaderUtils - Could not detect default configuration classes for test class [com.ecommerce.CategoriaControllerTest]: CategoriaControllerTest does not declare any static, non-private, non-final, nested classes annotated with @Configuration.
2026-07-23 08:49:23 [main] INFO  o.s.b.t.c.SpringBootTestContextBootstrapper - Found @SpringBootConfiguration com.ecommerce.Application for test class com.ecommerce.CategoriaControllerTest
2026-07-23 08:49:23 [main] INFO  o.s.b.d.r.RestartApplicationListener - Restart disabled due to context in which it is running
2026-07-23 08:49:23 [main] INFO  c.ecommerce.CategoriaControllerTest - Starting CategoriaControllerTest using Java 25.0.2 with PID 16100 (started by PabloBezerradaSilva in C:\Users\PabloBezerradaSilva\Documents\Java\fourcamp26-pablosilva\ecommerce-api)
2026-07-23 08:49:23 [main] DEBUG c.ecommerce.CategoriaControllerTest - Running with Spring Boot v3.5.16, Spring v6.2.19
2026-07-23 08:49:23 [main] INFO  c.ecommerce.CategoriaControllerTest - No active profile set, falling back to 1 default profile: "default"
2026-07-23 08:49:23 [main] DEBUG o.s.w.c.s.GenericWebApplicationContext - Refreshing org.springframework.web.context.support.GenericWebApplicationContext@4f8edb57
2026-07-23 08:49:24 [main] INFO  o.s.d.r.c.RepositoryConfigurationDelegate - Bootstrapping Spring Data JPA repositories in DEFAULT mode.
2026-07-23 08:49:24 [main] INFO  o.s.d.r.c.RepositoryConfigurationDelegate - Finished Spring Data repository scanning in 43 ms. Found 6 JPA repository interfaces.
2026-07-23 08:49:24 [main] INFO  o.h.jpa.internal.util.LogHelper - HHH000204: Processing PersistenceUnitInfo [name: default]
2026-07-23 08:49:24 [main] INFO  o.h.c.i.RegionFactoryInitiator - HHH000026: Second-level cache disabled
2026-07-23 08:49:24 [main] INFO  o.s.o.j.p.SpringPersistenceUnitInfo - No LoadTimeWeaver setup: ignoring JPA class transformer
2026-07-23 08:49:24 [main] INFO  com.zaxxer.hikari.HikariDataSource - HikariPool-2 - Starting...
2026-07-23 08:49:24 [main] INFO  com.zaxxer.hikari.pool.HikariPool - HikariPool-2 - Added connection conn10: url=jdbc:h2:mem:ecommercedb user=SA
2026-07-23 08:49:24 [main] INFO  com.zaxxer.hikari.HikariDataSource - HikariPool-2 - Start completed.
2026-07-23 08:49:24 [main] WARN  org.hibernate.orm.deprecation - HHH90000025: H2Dialect does not need to be specified explicitly using 'hibernate.dialect' (remove the property setting and it will be selected by default)
2026-07-23 08:49:24 [main] INFO  o.hibernate.orm.connections.pooling - HHH10001005: Database info:
	Database JDBC URL [Connecting through datasource 'HikariDataSource (HikariPool-2)']
	Database driver: undefined/unknown
	Database version: 2.3.232
	Autocommit mode: undefined/unknown
	Isolation level: undefined/unknown
	Minimum pool size: undefined/unknown
	Maximum pool size: undefined/unknown
2026-07-23 08:49:24 [main] INFO  o.h.e.t.j.p.i.JtaPlatformInitiator - HHH000489: No JTA platform available (set 'hibernate.transaction.jta.platform' to enable JTA platform integration)
2026-07-23 08:49:24 [main] DEBUG org.hibernate.SQL - 
    drop table if exists categorias cascade 
2026-07-23 08:49:24 [main] DEBUG org.hibernate.SQL - 
    drop table if exists clientes cascade 
2026-07-23 08:49:24 [main] DEBUG org.hibernate.SQL - 
    drop table if exists itens_pedido cascade 
2026-07-23 08:49:24 [main] DEBUG org.hibernate.SQL - 
    drop table if exists pagamentos cascade 
2026-07-23 08:49:24 [main] DEBUG org.hibernate.SQL - 
    drop table if exists pedidos cascade 
2026-07-23 08:49:24 [main] DEBUG org.hibernate.SQL - 
    drop table if exists produtos cascade 
2026-07-23 08:49:24 [main] DEBUG org.hibernate.SQL - 
    drop table if exists usuarios cascade 
2026-07-23 08:49:24 [main] DEBUG org.hibernate.SQL - 
    create table categorias (
        ativo boolean not null,
        id bigint generated by default as identity,
        nome varchar(100) not null,
        descricao TEXT,
        primary key (id)
    )
2026-07-23 08:49:24 [main] DEBUG org.hibernate.SQL - 
    create table clientes (
        ativo boolean not null,
        data_atualizacao timestamp(6),
        data_criacao timestamp(6) not null,
        id bigint generated by default as identity,
        cpf varchar(11) not null unique,
        telefone varchar(20),
        email varchar(255) not null unique,
        endereco TEXT,
        nome varchar(255) not null,
        primary key (id)
    )
2026-07-23 08:49:24 [main] DEBUG org.hibernate.SQL - 
    create table itens_pedido (
        preco_unitario numeric(10,2) not null,
        quantidade integer not null,
        id bigint generated by default as identity,
        pedido_id bigint not null,
        produto_id bigint not null,
        primary key (id)
    )
2026-07-23 08:49:24 [main] DEBUG org.hibernate.SQL - 
    create table pagamentos (
        valor float(53) not null,
        data_criacao timestamp(6) not null,
        id bigint generated by default as identity,
        pedido_id bigint not null,
        metodo varchar(50) not null,
        status enum ('APROVADO','PENDENTE','RECUSADO','REEMBOLSADO') not null,
        primary key (id)
    )
2026-07-23 08:49:24 [main] DEBUG org.hibernate.SQL - 
    create table pedidos (
        total float(53) not null,
        cliente_id bigint not null,
        data_atualizacao timestamp(6),
        data_criacao timestamp(6) not null,
        id bigint generated by default as identity,
        status enum ('CANCELADO','CONFIRMADO','ENTREGUE','ENVIADO','PENDENTE') not null,
        primary key (id)
    )
2026-07-23 08:49:24 [main] DEBUG org.hibernate.SQL - 
    create table produtos (
        ativo boolean not null,
        estoque integer not null,
        preco numeric(38,2) not null,
        categoria_id bigint not null,
        id bigint generated by default as identity,
        descricao TEXT,
        nome varchar(255) not null,
        primary key (id)
    )
2026-07-23 08:49:24 [main] DEBUG org.hibernate.SQL - 
    create table usuarios (
        ativo boolean not null,
        id bigint generated by default as identity,
        email varchar(255) not null unique,
        nome varchar(255) not null,
        senha varchar(255) not null,
        papel enum ('ADMIN','USER') not null,
        primary key (id)
    )
2026-07-23 08:49:24 [main] DEBUG org.hibernate.SQL - 
    alter table if exists itens_pedido 
       add constraint FK42mycompce3b7yt3l6ukdwsxy 
       foreign key (pedido_id) 
       references pedidos
2026-07-23 08:49:24 [main] DEBUG org.hibernate.SQL - 
    alter table if exists itens_pedido 
       add constraint FKxytdlekpdaobqphujy9bmuhl 
       foreign key (produto_id) 
       references produtos
2026-07-23 08:49:24 [main] DEBUG org.hibernate.SQL - 
    alter table if exists pagamentos 
       add constraint FKb0dh6865y8h4irwdrl4ici3kl 
       foreign key (pedido_id) 
       references pedidos
2026-07-23 08:49:24 [main] DEBUG org.hibernate.SQL - 
    alter table if exists pedidos 
       add constraint FKg7202lk0hwxn04bmdl2thth5b 
       foreign key (cliente_id) 
       references clientes
2026-07-23 08:49:24 [main] DEBUG org.hibernate.SQL - 
    alter table if exists produtos 
       add constraint FK8rqw0ljwdaom34jr2t46bjtrn 
       foreign key (categoria_id) 
       references categorias
2026-07-23 08:49:24 [main] INFO  o.s.o.j.LocalContainerEntityManagerFactoryBean - Initialized JPA EntityManagerFactory for persistence unit 'default'
2026-07-23 08:49:25 [main] DEBUG o.s.w.s.m.m.a.RequestMappingHandlerMapping - 45 mappings in 'requestMappingHandlerMapping'
2026-07-23 08:49:25 [main] DEBUG o.s.w.s.h.SimpleUrlHandlerMapping - Patterns [/h2-console] in 'viewControllerHandlerMapping'
2026-07-23 08:49:25 [main] DEBUG o.s.w.s.h.SimpleUrlHandlerMapping - Patterns [/webjars/**, /**, /swagger-ui/**, /swagger-ui/*swagger-initializer.js, /webjars/*swagger-ui/**, /webjars/*swagger-ui/*swagger-initializer.js, /webjars/*swagger-ui/5.32.2/*swagger-initializer.js] in 'resourceHandlerMapping'
2026-07-23 08:49:25 [main] DEBUG o.s.s.c.a.a.c.AuthenticationConfiguration$DefaultPasswordEncoderAuthenticationManagerBuilder - No authenticationProviders and no parentAuthenticationManager defined. Returning null.
2026-07-23 08:49:25 [main] DEBUG o.s.s.web.DefaultSecurityFilterChain - Will secure any request with filters: DisableEncodeUrlFilter, WebAsyncManagerIntegrationFilter, SecurityContextHolderFilter, HeaderWriterFilter, LogoutFilter, JwtAuthenticationFilter, RequestCacheAwareFilter, SecurityContextHolderAwareRequestFilter, AnonymousAuthenticationFilter, SessionManagementFilter, ExceptionTranslationFilter, AuthorizationFilter
2026-07-23 08:49:25 [main] DEBUG o.s.w.s.m.m.a.RequestMappingHandlerAdapter - ControllerAdvice beans: 0 @ModelAttribute, 0 @InitBinder, 1 RequestBodyAdvice, 1 ResponseBodyAdvice
2026-07-23 08:49:25 [main] DEBUG o.s.w.s.m.m.a.ExceptionHandlerExceptionResolver - ControllerAdvice beans: 2 @ExceptionHandler, 1 ResponseBodyAdvice
2026-07-23 08:49:25 [main] DEBUG c.e.a.s.JwtAuthenticationFilter - Filter 'jwtAuthenticationFilter' configured for use
2026-07-23 08:49:25 [main] INFO  o.s.b.t.m.w.SpringBootMockServletContext - Initializing Spring TestDispatcherServlet ''
2026-07-23 08:49:25 [main] INFO  o.s.t.w.s.TestDispatcherServlet - Initializing Servlet ''
2026-07-23 08:49:25 [main] INFO  o.s.t.w.s.TestDispatcherServlet - Completed initialization in 2 ms
2026-07-23 08:49:25 [main] INFO  c.ecommerce.CategoriaControllerTest - Started CategoriaControllerTest in 2.024 seconds (process running for 23.227)
2026-07-23 08:49:25 [main] WARN  o.s.c.events.SpringDocAppInitializer - SpringDoc /v3/api-docs endpoint is enabled by default. To disable it in production, set the property 'springdoc.api-docs.enabled=false'
2026-07-23 08:49:25 [main] DEBUG o.s.security.web.FilterChainProxy - Securing GET /categorias/999
2026-07-23 08:49:25 [main] DEBUG o.s.security.web.FilterChainProxy - Secured GET /categorias/999
2026-07-23 08:49:25 [main] DEBUG o.s.w.s.m.m.a.RequestMappingHandlerMapping - Mapped to com.ecommerce.api.controller.CategoriaController#obter(Long)
2026-07-23 08:49:25 [main] DEBUG o.s.w.s.m.m.a.ExceptionHandlerExceptionResolver - Using @ExceptionHandler com.ecommerce.api.exception.GlobalExceptionHandler#handleRecursoNaoEncontrado(RecursoNaoEncontradoException, WebRequest)
2026-07-23 08:49:25 [main] ERROR c.e.a.e.GlobalExceptionHandler - Recurso não encontrado: Categoria não encontrada
2026-07-23 08:49:25 [main] DEBUG o.s.w.s.m.m.a.HttpEntityMethodProcessor - Using 'application/json', given [*/*] and supported [application/json, application/*+json, application/yaml]
2026-07-23 08:49:25 [main] DEBUG o.s.w.s.m.m.a.HttpEntityMethodProcessor - Writing [ErrorResponse(timestamp=2026-07-23T08:49:25.521932300, status=404, erro=Recurso não encontrado, mens (truncated)...]
2026-07-23 08:49:25 [main] DEBUG o.s.w.s.m.m.a.ExceptionHandlerExceptionResolver - Resolved [com.ecommerce.api.exception.RecursoNaoEncontradoException: Categoria não encontrada]
2026-07-23 08:49:25 [main] DEBUG o.s.security.web.FilterChainProxy - Securing POST /categorias
2026-07-23 08:49:25 [main] DEBUG o.s.security.web.FilterChainProxy - Secured POST /categorias
2026-07-23 08:49:25 [main] DEBUG o.s.w.s.m.m.a.RequestMappingHandlerMapping - Mapped to com.ecommerce.api.controller.CategoriaController#criar(CategoriaDTO)
2026-07-23 08:49:25 [main] DEBUG o.s.w.s.m.m.a.RequestResponseBodyMethodProcessor - Read "application/json;charset=UTF-8" to [CategoriaDTO(id=1, nome=Eletrônicos, descricao=Produtos eletrônicos, ativo=true)]
2026-07-23 08:49:25 [main] DEBUG o.s.w.s.m.m.a.HttpEntityMethodProcessor - Using 'application/json', given [*/*] and supported [application/json, application/*+json, application/yaml]
2026-07-23 08:49:25 [main] DEBUG o.s.w.s.m.m.a.HttpEntityMethodProcessor - Writing [CategoriaDTO(id=1, nome=Eletrônicos, descricao=Produtos eletrônicos, ativo=true)]
2026-07-23 08:49:25 [main] DEBUG o.s.security.web.FilterChainProxy - Securing GET /categorias/1
2026-07-23 08:49:25 [main] DEBUG o.s.security.web.FilterChainProxy - Secured GET /categorias/1
2026-07-23 08:49:25 [main] DEBUG o.s.w.s.m.m.a.RequestMappingHandlerMapping - Mapped to com.ecommerce.api.controller.CategoriaController#obter(Long)
2026-07-23 08:49:25 [main] DEBUG o.s.w.s.m.m.a.HttpEntityMethodProcessor - Using 'application/json', given [*/*] and supported [application/json, application/*+json, application/yaml]
2026-07-23 08:49:25 [main] DEBUG o.s.w.s.m.m.a.HttpEntityMethodProcessor - Writing [CategoriaDTO(id=1, nome=Eletrônicos, descricao=Produtos eletrônicos, ativo=true)]
2026-07-23 08:49:25 [main] DEBUG o.s.security.web.FilterChainProxy - Securing GET /categorias
2026-07-23 08:49:25 [main] DEBUG o.s.security.web.FilterChainProxy - Secured GET /categorias
2026-07-23 08:49:25 [main] DEBUG o.s.w.s.m.m.a.RequestMappingHandlerMapping - Mapped to com.ecommerce.api.controller.CategoriaController#listar(int, int, String, String)
2026-07-23 08:49:25 [main] DEBUG o.s.w.s.m.m.a.HttpEntityMethodProcessor - Using 'application/json', given [*/*] and supported [application/json, application/*+json, application/yaml]
2026-07-23 08:49:25 [main] DEBUG o.s.w.s.m.m.a.HttpEntityMethodProcessor - Writing [Page 1 of 1 containing com.ecommerce.api.dto.CategoriaDTO instances]
2026-07-23 08:49:25 [main] DEBUG o.s.security.web.FilterChainProxy - Securing PUT /categorias/1
2026-07-23 08:49:25 [main] DEBUG o.s.security.web.FilterChainProxy - Secured PUT /categorias/1
2026-07-23 08:49:25 [main] DEBUG o.s.w.s.m.m.a.RequestMappingHandlerMapping - Mapped to com.ecommerce.api.controller.CategoriaController#atualizar(Long, CategoriaDTO)
2026-07-23 08:49:25 [main] DEBUG o.s.w.s.m.m.a.RequestResponseBodyMethodProcessor - Read "application/json;charset=UTF-8" to [CategoriaDTO(id=1, nome=Eletrônicos, descricao=Produtos eletrônicos, ativo=true)]
2026-07-23 08:49:25 [main] DEBUG o.s.w.s.m.m.a.HttpEntityMethodProcessor - Using 'application/json', given [*/*] and supported [application/json, application/*+json, application/yaml]
2026-07-23 08:49:25 [main] DEBUG o.s.w.s.m.m.a.HttpEntityMethodProcessor - Writing [CategoriaDTO(id=1, nome=Eletrônicos, descricao=Produtos eletrônicos, ativo=true)]
2026-07-23 08:49:25 [main] DEBUG o.s.security.web.FilterChainProxy - Securing DELETE /categorias/1
2026-07-23 08:49:25 [main] DEBUG o.s.security.web.FilterChainProxy - Secured DELETE /categorias/1
2026-07-23 08:49:25 [main] DEBUG o.s.w.s.m.m.a.RequestMappingHandlerMapping - Mapped to com.ecommerce.api.controller.CategoriaController#deletar(Long)
2026-07-23 08:49:25 [main] DEBUG o.s.w.s.m.m.a.HttpEntityMethodProcessor - Using 'application/json', given [*/*] and supported [application/json, application/*+json, application/yaml]
2026-07-23 08:49:25 [main] DEBUG o.s.w.s.m.m.a.HttpEntityMethodProcessor - Nothing to write: null body
2026-07-23 08:49:25 [main] DEBUG o.s.security.web.FilterChainProxy - Securing POST /categorias
2026-07-23 08:49:25 [main] DEBUG o.s.security.web.FilterChainProxy - Secured POST /categorias
2026-07-23 08:49:25 [main] DEBUG o.s.w.s.m.m.a.RequestMappingHandlerMapping - Mapped to com.ecommerce.api.controller.CategoriaController#criar(CategoriaDTO)
2026-07-23 08:49:25 [main] DEBUG o.s.w.s.m.m.a.RequestResponseBodyMethodProcessor - Read "application/json;charset=UTF-8" to [CategoriaDTO(id=null, nome=, descricao=null, ativo=true)]
2026-07-23 08:49:25 [main] DEBUG o.s.w.s.m.m.a.ExceptionHandlerExceptionResolver - Using @ExceptionHandler com.ecommerce.api.exception.GlobalExceptionHandler#handleValidationExceptions(MethodArgumentNotValidException, WebRequest)
2026-07-23 08:49:25 [main] ERROR c.e.a.e.GlobalExceptionHandler - Erro de validação: {nome=Nome deve ter entre 2 e 100 caracteres}
2026-07-23 08:49:25 [main] DEBUG o.s.w.s.m.m.a.HttpEntityMethodProcessor - Using 'application/json', given [*/*] and supported [application/json, application/*+json, application/yaml]
2026-07-23 08:49:25 [main] DEBUG o.s.w.s.m.m.a.HttpEntityMethodProcessor - Writing [ErrorResponse(timestamp=2026-07-23T08:49:25.880973, status=400, erro=Erro de validação, mensagem=Um  (truncated)...]
2026-07-23 08:49:25 [main] DEBUG o.s.w.s.m.m.a.ExceptionHandlerExceptionResolver - Resolved [org.springframework.web.bind.MethodArgumentNotValidException: Validation failed for argument [0] in public org.springframework.http.ResponseEntity<com.ecommerce.api.dto.CategoriaDTO> com.ecommerce.api.controller.CategoriaController.criar(com.ecommerce.api.dto.CategoriaDTO) with 2 errors: [Field error in object 'categoriaDTO' on field 'nome': rejected value []; codes [NotBlank.categoriaDTO.nome,NotBlank.nome,NotBlank.java.lang.String,NotBlank]; arguments [org.springframework.context.support.DefaultMessageSourceResolvable: codes [categoriaDTO.nome,nome]; arguments []; default message [nome]]; default message [Nome é obrigatório]] [Field error in object 'categoriaDTO' on field 'nome': rejected value []; codes [Size.categoriaDTO.nome,Size.nome,Size.java.lang.String,Size]; arguments [org.springframework.context.support.DefaultMessageSourceResolvable: codes [categoriaDTO.nome,nome]; arguments []; default message [nome],100,2]; default message [Nome deve ter entre 2 e 100 caracteres]] ]
2026-07-23 08:49:25 [main] DEBUG o.s.security.web.FilterChainProxy - Securing GET /categorias/todas
2026-07-23 08:49:25 [main] DEBUG o.s.security.web.FilterChainProxy - Secured GET /categorias/todas
2026-07-23 08:49:25 [main] DEBUG o.s.w.s.m.m.a.RequestMappingHandlerMapping - Mapped to com.ecommerce.api.controller.CategoriaController#listarTodas()
2026-07-23 08:49:25 [main] DEBUG o.s.w.s.m.m.a.HttpEntityMethodProcessor - Using 'application/json', given [*/*] and supported [application/json, application/*+json, application/yaml]
2026-07-23 08:49:25 [main] DEBUG o.s.w.s.m.m.a.HttpEntityMethodProcessor - Writing [[CategoriaDTO(id=1, nome=Eletrônicos, descricao=Produtos eletrônicos, ativo=true)]]
2026-07-23 08:49:26 [main] INFO  o.s.t.c.s.AnnotationConfigContextLoaderUtils - Could not detect default configuration classes for test class [com.ecommerce.ClienteControllerTest]: ClienteControllerTest does not declare any static, non-private, non-final, nested classes annotated with @Configuration.
2026-07-23 08:49:26 [main] INFO  o.s.b.t.c.SpringBootTestContextBootstrapper - Found @SpringBootConfiguration com.ecommerce.Application for test class com.ecommerce.ClienteControllerTest
2026-07-23 08:49:26 [main] INFO  o.s.b.d.r.RestartApplicationListener - Restart disabled due to context in which it is running
2026-07-23 08:49:26 [main] INFO  com.ecommerce.ClienteControllerTest - Starting ClienteControllerTest using Java 25.0.2 with PID 16100 (started by PabloBezerradaSilva in C:\Users\PabloBezerradaSilva\Documents\Java\fourcamp26-pablosilva\ecommerce-api)
2026-07-23 08:49:26 [main] DEBUG com.ecommerce.ClienteControllerTest - Running with Spring Boot v3.5.16, Spring v6.2.19
2026-07-23 08:49:26 [main] INFO  com.ecommerce.ClienteControllerTest - No active profile set, falling back to 1 default profile: "default"
2026-07-23 08:49:26 [main] DEBUG o.s.w.c.s.GenericWebApplicationContext - Refreshing org.springframework.web.context.support.GenericWebApplicationContext@5f961ca4
2026-07-23 08:49:26 [main] INFO  o.s.d.r.c.RepositoryConfigurationDelegate - Bootstrapping Spring Data JPA repositories in DEFAULT mode.
2026-07-23 08:49:27 [main] INFO  o.s.d.r.c.RepositoryConfigurationDelegate - Finished Spring Data repository scanning in 44 ms. Found 6 JPA repository interfaces.
2026-07-23 08:49:27 [main] INFO  o.h.jpa.internal.util.LogHelper - HHH000204: Processing PersistenceUnitInfo [name: default]
2026-07-23 08:49:27 [main] INFO  o.h.c.i.RegionFactoryInitiator - HHH000026: Second-level cache disabled
2026-07-23 08:49:27 [main] INFO  o.s.o.j.p.SpringPersistenceUnitInfo - No LoadTimeWeaver setup: ignoring JPA class transformer
2026-07-23 08:49:27 [main] INFO  com.zaxxer.hikari.HikariDataSource - HikariPool-3 - Starting...
2026-07-23 08:49:27 [main] INFO  com.zaxxer.hikari.pool.HikariPool - HikariPool-3 - Added connection conn20: url=jdbc:h2:mem:ecommercedb user=SA
2026-07-23 08:49:27 [main] INFO  com.zaxxer.hikari.HikariDataSource - HikariPool-3 - Start completed.
2026-07-23 08:49:27 [main] WARN  org.hibernate.orm.deprecation - HHH90000025: H2Dialect does not need to be specified explicitly using 'hibernate.dialect' (remove the property setting and it will be selected by default)
2026-07-23 08:49:27 [main] INFO  o.hibernate.orm.connections.pooling - HHH10001005: Database info:
	Database JDBC URL [Connecting through datasource 'HikariDataSource (HikariPool-3)']
	Database driver: undefined/unknown
	Database version: 2.3.232
	Autocommit mode: undefined/unknown
	Isolation level: undefined/unknown
	Minimum pool size: undefined/unknown
	Maximum pool size: undefined/unknown
2026-07-23 08:49:27 [main] INFO  o.h.e.t.j.p.i.JtaPlatformInitiator - HHH000489: No JTA platform available (set 'hibernate.transaction.jta.platform' to enable JTA platform integration)
2026-07-23 08:49:27 [main] DEBUG org.hibernate.SQL - 
    drop table if exists categorias cascade 
2026-07-23 08:49:27 [main] DEBUG org.hibernate.SQL - 
    drop table if exists clientes cascade 
2026-07-23 08:49:27 [main] DEBUG org.hibernate.SQL - 
    drop table if exists itens_pedido cascade 
2026-07-23 08:49:27 [main] DEBUG org.hibernate.SQL - 
    drop table if exists pagamentos cascade 
2026-07-23 08:49:27 [main] DEBUG org.hibernate.SQL - 
    drop table if exists pedidos cascade 
2026-07-23 08:49:27 [main] DEBUG org.hibernate.SQL - 
    drop table if exists produtos cascade 
2026-07-23 08:49:27 [main] DEBUG org.hibernate.SQL - 
    drop table if exists usuarios cascade 
2026-07-23 08:49:27 [main] DEBUG org.hibernate.SQL - 
    create table categorias (
        ativo boolean not null,
        id bigint generated by default as identity,
        nome varchar(100) not null,
        descricao TEXT,
        primary key (id)
    )
2026-07-23 08:49:27 [main] DEBUG org.hibernate.SQL - 
    create table clientes (
        ativo boolean not null,
        data_atualizacao timestamp(6),
        data_criacao timestamp(6) not null,
        id bigint generated by default as identity,
        cpf varchar(11) not null unique,
        telefone varchar(20),
        email varchar(255) not null unique,
        endereco TEXT,
        nome varchar(255) not null,
        primary key (id)
    )
2026-07-23 08:49:27 [main] DEBUG org.hibernate.SQL - 
    create table itens_pedido (
        preco_unitario numeric(10,2) not null,
        quantidade integer not null,
        id bigint generated by default as identity,
        pedido_id bigint not null,
        produto_id bigint not null,
        primary key (id)
    )
2026-07-23 08:49:27 [main] DEBUG org.hibernate.SQL - 
    create table pagamentos (
        valor float(53) not null,
        data_criacao timestamp(6) not null,
        id bigint generated by default as identity,
        pedido_id bigint not null,
        metodo varchar(50) not null,
        status enum ('APROVADO','PENDENTE','RECUSADO','REEMBOLSADO') not null,
        primary key (id)
    )
2026-07-23 08:49:27 [main] DEBUG org.hibernate.SQL - 
    create table pedidos (
        total float(53) not null,
        cliente_id bigint not null,
        data_atualizacao timestamp(6),
        data_criacao timestamp(6) not null,
        id bigint generated by default as identity,
        status enum ('CANCELADO','CONFIRMADO','ENTREGUE','ENVIADO','PENDENTE') not null,
        primary key (id)
    )
2026-07-23 08:49:27 [main] DEBUG org.hibernate.SQL - 
    create table produtos (
        ativo boolean not null,
        estoque integer not null,
        preco numeric(38,2) not null,
        categoria_id bigint not null,
        id bigint generated by default as identity,
        descricao TEXT,
        nome varchar(255) not null,
        primary key (id)
    )
2026-07-23 08:49:27 [main] DEBUG org.hibernate.SQL - 
    create table usuarios (
        ativo boolean not null,
        id bigint generated by default as identity,
        email varchar(255) not null unique,
        nome varchar(255) not null,
        senha varchar(255) not null,
        papel enum ('ADMIN','USER') not null,
        primary key (id)
    )
2026-07-23 08:49:27 [main] DEBUG org.hibernate.SQL - 
    alter table if exists itens_pedido 
       add constraint FK42mycompce3b7yt3l6ukdwsxy 
       foreign key (pedido_id) 
       references pedidos
2026-07-23 08:49:27 [main] DEBUG org.hibernate.SQL - 
    alter table if exists itens_pedido 
       add constraint FKxytdlekpdaobqphujy9bmuhl 
       foreign key (produto_id) 
       references produtos
2026-07-23 08:49:27 [main] DEBUG org.hibernate.SQL - 
    alter table if exists pagamentos 
       add constraint FKb0dh6865y8h4irwdrl4ici3kl 
       foreign key (pedido_id) 
       references pedidos
2026-07-23 08:49:27 [main] DEBUG org.hibernate.SQL - 
    alter table if exists pedidos 
       add constraint FKg7202lk0hwxn04bmdl2thth5b 
       foreign key (cliente_id) 
       references clientes
2026-07-23 08:49:27 [main] DEBUG org.hibernate.SQL - 
    alter table if exists produtos 
       add constraint FK8rqw0ljwdaom34jr2t46bjtrn 
       foreign key (categoria_id) 
       references categorias
2026-07-23 08:49:27 [main] INFO  o.s.o.j.LocalContainerEntityManagerFactoryBean - Initialized JPA EntityManagerFactory for persistence unit 'default'
2026-07-23 08:49:27 [main] DEBUG o.s.w.s.m.m.a.RequestMappingHandlerMapping - 45 mappings in 'requestMappingHandlerMapping'
2026-07-23 08:49:27 [main] DEBUG o.s.w.s.h.SimpleUrlHandlerMapping - Patterns [/h2-console] in 'viewControllerHandlerMapping'
2026-07-23 08:49:27 [main] DEBUG o.s.w.s.h.SimpleUrlHandlerMapping - Patterns [/webjars/**, /**, /swagger-ui/**, /swagger-ui/*swagger-initializer.js, /webjars/*swagger-ui/**, /webjars/*swagger-ui/*swagger-initializer.js, /webjars/*swagger-ui/5.32.2/*swagger-initializer.js] in 'resourceHandlerMapping'
2026-07-23 08:49:27 [main] DEBUG o.s.s.c.a.a.c.AuthenticationConfiguration$DefaultPasswordEncoderAuthenticationManagerBuilder - No authenticationProviders and no parentAuthenticationManager defined. Returning null.
2026-07-23 08:49:27 [main] DEBUG o.s.s.web.DefaultSecurityFilterChain - Will secure any request with filters: DisableEncodeUrlFilter, WebAsyncManagerIntegrationFilter, SecurityContextHolderFilter, HeaderWriterFilter, LogoutFilter, JwtAuthenticationFilter, RequestCacheAwareFilter, SecurityContextHolderAwareRequestFilter, AnonymousAuthenticationFilter, SessionManagementFilter, ExceptionTranslationFilter, AuthorizationFilter
2026-07-23 08:49:27 [main] DEBUG o.s.w.s.m.m.a.RequestMappingHandlerAdapter - ControllerAdvice beans: 0 @ModelAttribute, 0 @InitBinder, 1 RequestBodyAdvice, 1 ResponseBodyAdvice
2026-07-23 08:49:27 [main] DEBUG o.s.w.s.m.m.a.ExceptionHandlerExceptionResolver - ControllerAdvice beans: 2 @ExceptionHandler, 1 ResponseBodyAdvice
2026-07-23 08:49:27 [main] DEBUG c.e.a.s.JwtAuthenticationFilter - Filter 'jwtAuthenticationFilter' configured for use
2026-07-23 08:49:27 [main] INFO  o.s.b.t.m.w.SpringBootMockServletContext - Initializing Spring TestDispatcherServlet ''
2026-07-23 08:49:27 [main] INFO  o.s.t.w.s.TestDispatcherServlet - Initializing Servlet ''
2026-07-23 08:49:27 [main] INFO  o.s.t.w.s.TestDispatcherServlet - Completed initialization in 1 ms
2026-07-23 08:49:27 [main] INFO  com.ecommerce.ClienteControllerTest - Started ClienteControllerTest in 1.515 seconds (process running for 25.625)
2026-07-23 08:49:27 [main] WARN  o.s.c.events.SpringDocAppInitializer - SpringDoc /v3/api-docs endpoint is enabled by default. To disable it in production, set the property 'springdoc.api-docs.enabled=false'
2026-07-23 08:49:27 [main] DEBUG o.s.security.web.FilterChainProxy - Securing GET /clientes/999
2026-07-23 08:49:27 [main] DEBUG o.s.security.web.FilterChainProxy - Secured GET /clientes/999
2026-07-23 08:49:27 [main] DEBUG o.s.w.s.m.m.a.RequestMappingHandlerMapping - Mapped to com.ecommerce.api.controller.ClienteController#obter(Long)
2026-07-23 08:49:27 [main] DEBUG o.s.w.s.m.m.a.ExceptionHandlerExceptionResolver - Using @ExceptionHandler com.ecommerce.api.exception.GlobalExceptionHandler#handleRecursoNaoEncontrado(RecursoNaoEncontradoException, WebRequest)
2026-07-23 08:49:27 [main] ERROR c.e.a.e.GlobalExceptionHandler - Recurso não encontrado: Cliente não encontrado
2026-07-23 08:49:27 [main] DEBUG o.s.w.s.m.m.a.HttpEntityMethodProcessor - Using 'application/json', given [*/*] and supported [application/json, application/*+json, application/yaml]
2026-07-23 08:49:27 [main] DEBUG o.s.w.s.m.m.a.HttpEntityMethodProcessor - Writing [ErrorResponse(timestamp=2026-07-23T08:49:27.848710700, status=404, erro=Recurso não encontrado, mens (truncated)...]
2026-07-23 08:49:27 [main] DEBUG o.s.w.s.m.m.a.ExceptionHandlerExceptionResolver - Resolved [com.ecommerce.api.exception.RecursoNaoEncontradoException: Cliente não encontrado]
2026-07-23 08:49:27 [main] DEBUG o.s.security.web.FilterChainProxy - Securing POST /clientes
2026-07-23 08:49:27 [main] DEBUG o.s.security.web.FilterChainProxy - Secured POST /clientes
2026-07-23 08:49:27 [main] DEBUG o.s.w.s.m.m.a.RequestMappingHandlerMapping - Mapped to com.ecommerce.api.controller.ClienteController#criar(ClienteDTO)
2026-07-23 08:49:27 [main] DEBUG o.s.w.s.m.m.a.RequestResponseBodyMethodProcessor - Read "application/json;charset=UTF-8" to [ClienteDTO(id=null, nome=João Silva, cpf=12345678901, email=email-invalido, telefone=null, endereco= (truncated)...]
2026-07-23 08:49:27 [main] DEBUG o.s.w.s.m.m.a.ExceptionHandlerExceptionResolver - Using @ExceptionHandler com.ecommerce.api.exception.GlobalExceptionHandler#handleValidationExceptions(MethodArgumentNotValidException, WebRequest)
2026-07-23 08:49:27 [main] ERROR c.e.a.e.GlobalExceptionHandler - Erro de validação: {email=Email deve ser válido}
2026-07-23 08:49:27 [main] DEBUG o.s.w.s.m.m.a.HttpEntityMethodProcessor - Using 'application/json', given [*/*] and supported [application/json, application/*+json, application/yaml]
2026-07-23 08:49:27 [main] DEBUG o.s.w.s.m.m.a.HttpEntityMethodProcessor - Writing [ErrorResponse(timestamp=2026-07-23T08:49:27.894587100, status=400, erro=Erro de validação, mensagem= (truncated)...]
2026-07-23 08:49:27 [main] DEBUG o.s.w.s.m.m.a.ExceptionHandlerExceptionResolver - Resolved [org.springframework.web.bind.MethodArgumentNotValidException: Validation failed for argument [0] in public org.springframework.http.ResponseEntity<com.ecommerce.api.dto.ClienteDTO> com.ecommerce.api.controller.ClienteController.criar(com.ecommerce.api.dto.ClienteDTO): [Field error in object 'clienteDTO' on field 'email': rejected value [email-invalido]; codes [Email.clienteDTO.email,Email.email,Email.java.lang.String,Email]; arguments [org.springframework.context.support.DefaultMessageSourceResolvable: codes [clienteDTO.email,email]; arguments []; default message [email],[Ljakarta.validation.constraints.Pattern$Flag;@45f6aaac,.*]; default message [Email deve ser válido]] ]
2026-07-23 08:49:27 [main] DEBUG o.s.security.web.FilterChainProxy - Securing POST /clientes
2026-07-23 08:49:27 [main] DEBUG o.s.security.web.FilterChainProxy - Secured POST /clientes
2026-07-23 08:49:27 [main] DEBUG o.s.w.s.m.m.a.RequestMappingHandlerMapping - Mapped to com.ecommerce.api.controller.ClienteController#criar(ClienteDTO)
2026-07-23 08:49:27 [main] DEBUG o.s.w.s.m.m.a.RequestResponseBodyMethodProcessor - Read "application/json;charset=UTF-8" to [ClienteDTO(id=1, nome=João Silva, cpf=12345678901, email=joao@example.com, telefone=null, endereco=n (truncated)...]
2026-07-23 08:49:27 [main] DEBUG o.s.w.s.m.m.a.HttpEntityMethodProcessor - Using 'application/json', given [*/*] and supported [application/json, application/*+json, application/yaml]
2026-07-23 08:49:27 [main] DEBUG o.s.w.s.m.m.a.HttpEntityMethodProcessor - Writing [ClienteDTO(id=1, nome=João Silva, cpf=12345678901, email=joao@example.com, telefone=null, endereco=n (truncated)...]
2026-07-23 08:49:27 [main] DEBUG o.s.security.web.FilterChainProxy - Securing GET /clientes/1
2026-07-23 08:49:27 [main] DEBUG o.s.security.web.FilterChainProxy - Secured GET /clientes/1
2026-07-23 08:49:27 [main] DEBUG o.s.w.s.m.m.a.RequestMappingHandlerMapping - Mapped to com.ecommerce.api.controller.ClienteController#obter(Long)
2026-07-23 08:49:27 [main] DEBUG o.s.w.s.m.m.a.HttpEntityMethodProcessor - Using 'application/json', given [*/*] and supported [application/json, application/*+json, application/yaml]
2026-07-23 08:49:27 [main] DEBUG o.s.w.s.m.m.a.HttpEntityMethodProcessor - Writing [ClienteDTO(id=1, nome=João Silva, cpf=12345678901, email=joao@example.com, telefone=null, endereco=n (truncated)...]
2026-07-23 08:49:27 [main] DEBUG o.s.security.web.FilterChainProxy - Securing GET /clientes
2026-07-23 08:49:27 [main] DEBUG o.s.security.web.FilterChainProxy - Secured GET /clientes
2026-07-23 08:49:27 [main] DEBUG o.s.w.s.m.m.a.RequestMappingHandlerMapping - Mapped to com.ecommerce.api.controller.ClienteController#listar(int, int, String, String)
2026-07-23 08:49:27 [main] DEBUG o.s.w.s.m.m.a.HttpEntityMethodProcessor - Using 'application/json', given [*/*] and supported [application/json, application/*+json, application/yaml]
2026-07-23 08:49:27 [main] DEBUG o.s.w.s.m.m.a.HttpEntityMethodProcessor - Writing [Page 1 of 1 containing com.ecommerce.api.dto.ClienteDTO instances]
2026-07-23 08:49:27 [main] DEBUG o.s.security.web.FilterChainProxy - Securing PUT /clientes/1
2026-07-23 08:49:27 [main] DEBUG o.s.security.web.FilterChainProxy - Secured PUT /clientes/1
2026-07-23 08:49:27 [main] DEBUG o.s.w.s.m.m.a.RequestMappingHandlerMapping - Mapped to com.ecommerce.api.controller.ClienteController#atualizar(Long, ClienteDTO)
2026-07-23 08:49:27 [main] DEBUG o.s.w.s.m.m.a.RequestResponseBodyMethodProcessor - Read "application/json;charset=UTF-8" to [ClienteDTO(id=1, nome=João Silva, cpf=12345678901, email=joao@example.com, telefone=null, endereco=n (truncated)...]
2026-07-23 08:49:27 [main] DEBUG o.s.w.s.m.m.a.HttpEntityMethodProcessor - Using 'application/json', given [*/*] and supported [application/json, application/*+json, application/yaml]
2026-07-23 08:49:27 [main] DEBUG o.s.w.s.m.m.a.HttpEntityMethodProcessor - Writing [ClienteDTO(id=1, nome=João Silva, cpf=12345678901, email=joao@example.com, telefone=null, endereco=n (truncated)...]
2026-07-23 08:49:27 [main] DEBUG o.s.security.web.FilterChainProxy - Securing DELETE /clientes/1
2026-07-23 08:49:27 [main] DEBUG o.s.security.web.FilterChainProxy - Secured DELETE /clientes/1
2026-07-23 08:49:27 [main] DEBUG o.s.w.s.m.m.a.RequestMappingHandlerMapping - Mapped to com.ecommerce.api.controller.ClienteController#deletar(Long)
2026-07-23 08:49:27 [main] DEBUG o.s.w.s.m.m.a.HttpEntityMethodProcessor - Using 'application/json', given [*/*] and supported [application/json, application/*+json, application/yaml]
2026-07-23 08:49:27 [main] DEBUG o.s.w.s.m.m.a.HttpEntityMethodProcessor - Nothing to write: null body
2026-07-23 08:49:28 [main] DEBUG o.s.security.web.FilterChainProxy - Securing GET /clientes/todos
2026-07-23 08:49:28 [main] DEBUG o.s.security.web.FilterChainProxy - Secured GET /clientes/todos
2026-07-23 08:49:28 [main] DEBUG o.s.w.s.m.m.a.RequestMappingHandlerMapping - Mapped to com.ecommerce.api.controller.ClienteController#listarTodos()
2026-07-23 08:49:28 [main] DEBUG o.s.w.s.m.m.a.HttpEntityMethodProcessor - Using 'application/json', given [*/*] and supported [application/json, application/*+json, application/yaml]
2026-07-23 08:49:28 [main] DEBUG o.s.w.s.m.m.a.HttpEntityMethodProcessor - Writing [[ClienteDTO(id=1, nome=João Silva, cpf=12345678901, email=joao@example.com, telefone=null, endereco= (truncated)...]
2026-07-23 08:49:28 [main] ERROR c.e.a.e.GlobalExceptionHandler - Recurso não encontrado: Produto não encontrado
2026-07-23 08:49:28 [main] ERROR c.e.a.e.GlobalExceptionHandler - Erro de validação: {nome=não pode estar em branco}
2026-07-23 08:49:28 [main] ERROR c.e.a.e.GlobalExceptionHandler - Erro interno do servidor
java.lang.RuntimeException: Algo inesperado aconteceu
	at com.ecommerce.GlobalExceptionHandlerTest.testHandleGlobalException(GlobalExceptionHandlerTest.java:88)
	at java.base/jdk.internal.reflect.DirectMethodHandleAccessor.invoke(DirectMethodHandleAccessor.java:104)
	at java.base/java.lang.reflect.Method.invoke(Method.java:565)
	at org.junit.platform.commons.util.ReflectionUtils.invokeMethod(ReflectionUtils.java:775)
	at org.junit.platform.commons.support.ReflectionSupport.invokeMethod(ReflectionSupport.java:479)
	at org.junit.jupiter.engine.execution.MethodInvocation.proceed(MethodInvocation.java:60)
	at org.junit.jupiter.engine.execution.InvocationInterceptorChain$ValidatingInvocation.proceed(InvocationInterceptorChain.java:131)
	at org.junit.jupiter.engine.extension.TimeoutExtension.intercept(TimeoutExtension.java:161)
	at org.junit.jupiter.engine.extension.TimeoutExtension.interceptTestableMethod(TimeoutExtension.java:152)
	at org.junit.jupiter.engine.extension.TimeoutExtension.interceptTestMethod(TimeoutExtension.java:91)
	at org.junit.jupiter.engine.execution.InterceptingExecutableInvoker$ReflectiveInterceptorCall.lambda$ofVoidMethod$0(InterceptingExecutableInvoker.java:112)
	at org.junit.jupiter.engine.execution.InterceptingExecutableInvoker.lambda$invoke$0(InterceptingExecutableInvoker.java:94)
	at org.junit.jupiter.engine.execution.InvocationInterceptorChain$InterceptedInvocation.proceed(InvocationInterceptorChain.java:106)
	at org.junit.jupiter.engine.execution.InvocationInterceptorChain.proceed(InvocationInterceptorChain.java:64)
	at org.junit.jupiter.engine.execution.InvocationInterceptorChain.chainAndInvoke(InvocationInterceptorChain.java:45)
	at org.junit.jupiter.engine.execution.InvocationInterceptorChain.invoke(InvocationInterceptorChain.java:37)
	at org.junit.jupiter.engine.execution.InterceptingExecutableInvoker.invoke(InterceptingExecutableInvoker.java:93)
	at org.junit.jupiter.engine.execution.InterceptingExecutableInvoker.invoke(InterceptingExecutableInvoker.java:87)
	at org.junit.jupiter.engine.descriptor.TestMethodTestDescriptor.lambda$invokeTestMethod$7(TestMethodTestDescriptor.java:216)
	at org.junit.platform.engine.support.hierarchical.ThrowableCollector.execute(ThrowableCollector.java:73)
	at org.junit.jupiter.engine.descriptor.TestMethodTestDescriptor.invokeTestMethod(TestMethodTestDescriptor.java:212)
	at org.junit.jupiter.engine.descriptor.TestMethodTestDescriptor.execute(TestMethodTestDescriptor.java:137)
	at org.junit.jupiter.engine.descriptor.TestMethodTestDescriptor.execute(TestMethodTestDescriptor.java:69)
	at org.junit.platform.engine.support.hierarchical.NodeTestTask.lambda$executeRecursively$6(NodeTestTask.java:156)
	at org.junit.platform.engine.support.hierarchical.ThrowableCollector.execute(ThrowableCollector.java:73)
	at org.junit.platform.engine.support.hierarchical.NodeTestTask.lambda$executeRecursively$8(NodeTestTask.java:146)
	at org.junit.platform.engine.support.hierarchical.Node.around(Node.java:137)
	at org.junit.platform.engine.support.hierarchical.NodeTestTask.lambda$executeRecursively$9(NodeTestTask.java:144)
	at org.junit.platform.engine.support.hierarchical.ThrowableCollector.execute(ThrowableCollector.java:73)
	at org.junit.platform.engine.support.hierarchical.NodeTestTask.executeRecursively(NodeTestTask.java:143)
	at org.junit.platform.engine.support.hierarchical.NodeTestTask.execute(NodeTestTask.java:100)
	at java.base/java.util.ArrayList.forEach(ArrayList.java:1604)
	at org.junit.platform.engine.support.hierarchical.SameThreadHierarchicalTestExecutorService.invokeAll(SameThreadHierarchicalTestExecutorService.java:41)
	at org.junit.platform.engine.support.hierarchical.NodeTestTask.lambda$executeRecursively$6(NodeTestTask.java:160)
	at org.junit.platform.engine.support.hierarchical.ThrowableCollector.execute(ThrowableCollector.java:73)
	at org.junit.platform.engine.support.hierarchical.NodeTestTask.lambda$executeRecursively$8(NodeTestTask.java:146)
	at org.junit.platform.engine.support.hierarchical.Node.around(Node.java:137)
	at org.junit.platform.engine.support.hierarchical.NodeTestTask.lambda$executeRecursively$9(NodeTestTask.java:144)
	at org.junit.platform.engine.support.hierarchical.ThrowableCollector.execute(ThrowableCollector.java:73)
	at org.junit.platform.engine.support.hierarchical.NodeTestTask.executeRecursively(NodeTestTask.java:143)
	at org.junit.platform.engine.support.hierarchical.NodeTestTask.execute(NodeTestTask.java:100)
	at java.base/java.util.ArrayList.forEach(ArrayList.java:1604)
	at org.junit.platform.engine.support.hierarchical.SameThreadHierarchicalTestExecutorService.invokeAll(SameThreadHierarchicalTestExecutorService.java:41)
	at org.junit.platform.engine.support.hierarchical.NodeTestTask.lambda$executeRecursively$6(NodeTestTask.java:160)
	at org.junit.platform.engine.support.hierarchical.ThrowableCollector.execute(ThrowableCollector.java:73)
	at org.junit.platform.engine.support.hierarchical.NodeTestTask.lambda$executeRecursively$8(NodeTestTask.java:146)
	at org.junit.platform.engine.support.hierarchical.Node.around(Node.java:137)
	at org.junit.platform.engine.support.hierarchical.NodeTestTask.lambda$executeRecursively$9(NodeTestTask.java:144)
	at org.junit.platform.engine.support.hierarchical.ThrowableCollector.execute(ThrowableCollector.java:73)
	at org.junit.platform.engine.support.hierarchical.NodeTestTask.executeRecursively(NodeTestTask.java:143)
	at org.junit.platform.engine.support.hierarchical.NodeTestTask.execute(NodeTestTask.java:100)
	at org.junit.platform.engine.support.hierarchical.SameThreadHierarchicalTestExecutorService.submit(SameThreadHierarchicalTestExecutorService.java:35)
	at org.junit.platform.engine.support.hierarchical.HierarchicalTestExecutor.execute(HierarchicalTestExecutor.java:57)
	at org.junit.platform.engine.support.hierarchical.HierarchicalTestEngine.execute(HierarchicalTestEngine.java:54)
	at org.junit.platform.launcher.core.EngineExecutionOrchestrator.execute(EngineExecutionOrchestrator.java:201)
	at org.junit.platform.launcher.core.EngineExecutionOrchestrator.execute(EngineExecutionOrchestrator.java:170)
	at org.junit.platform.launcher.core.EngineExecutionOrchestrator.execute(EngineExecutionOrchestrator.java:94)
	at org.junit.platform.launcher.core.EngineExecutionOrchestrator.lambda$execute$0(EngineExecutionOrchestrator.java:59)
	at org.junit.platform.launcher.core.EngineExecutionOrchestrator.withInterceptedStreams(EngineExecutionOrchestrator.java:142)
	at org.junit.platform.launcher.core.EngineExecutionOrchestrator.execute(EngineExecutionOrchestrator.java:58)
	at org.junit.platform.launcher.core.DefaultLauncher.execute(DefaultLauncher.java:103)
	at org.junit.platform.launcher.core.DefaultLauncher.execute(DefaultLauncher.java:85)
	at org.junit.platform.launcher.core.DelegatingLauncher.execute(DelegatingLauncher.java:47)
	at org.junit.platform.launcher.core.InterceptingLauncher.lambda$execute$1(InterceptingLauncher.java:39)
	at org.junit.platform.launcher.core.ClasspathAlignmentCheckingLauncherInterceptor.intercept(ClasspathAlignmentCheckingLauncherInterceptor.java:25)
	at org.junit.platform.launcher.core.InterceptingLauncher.execute(InterceptingLauncher.java:38)
	at org.junit.platform.launcher.core.DelegatingLauncher.execute(DelegatingLauncher.java:47)
	at org.apache.maven.surefire.junitplatform.LazyLauncher.execute(LazyLauncher.java:56)
	at org.apache.maven.surefire.junitplatform.JUnitPlatformProvider.execute(JUnitPlatformProvider.java:184)
	at org.apache.maven.surefire.junitplatform.JUnitPlatformProvider.invokeAllTests(JUnitPlatformProvider.java:148)
	at org.apache.maven.surefire.junitplatform.JUnitPlatformProvider.invoke(JUnitPlatformProvider.java:122)
	at org.apache.maven.surefire.booter.ForkedBooter.runSuitesInProcess(ForkedBooter.java:385)
	at org.apache.maven.surefire.booter.ForkedBooter.execute(ForkedBooter.java:162)
	at org.apache.maven.surefire.booter.ForkedBooter.run(ForkedBooter.java:507)
	at org.apache.maven.surefire.booter.ForkedBooter.main(ForkedBooter.java:495)
2026-07-23 08:49:28 [main] ERROR c.e.a.e.GlobalExceptionHandler - Argumento inválido: Email já cadastrado
2026-07-23 08:49:28 [main] DEBUG c.ecommerce.api.security.JwtProvider - Gerando token JWT para usuário: usuario@teste.com
2026-07-23 08:49:28 [main] WARN  c.ecommerce.api.security.JwtProvider - Erro ao verificar expiração do token: Malformed protected header JSON: Unable to deserialize: Unexpected character ('�' (code 65533 / 0xfffd)): expected a valid value (JSON String, Number, Array, Object or token 'null', 'true' or 'false')
 at [Source: REDACTED (`StreamReadFeature.INCLUDE_SOURCE_IN_LOCATION` disabled); line: 1, column: 1]
2026-07-23 08:49:28 [main] DEBUG c.ecommerce.api.security.JwtProvider - Gerando token JWT para usuário: usuario@teste.com
2026-07-23 08:49:28 [main] WARN  c.ecommerce.api.security.JwtProvider - Token JWT inválido: Malformed protected header JSON: Unable to deserialize: Unexpected character ('�' (code 65533 / 0xfffd)): expected a valid value (JSON String, Number, Array, Object or token 'null', 'true' or 'false')
 at [Source: REDACTED (`StreamReadFeature.INCLUDE_SOURCE_IN_LOCATION` disabled); line: 1, column: 1]
2026-07-23 08:49:28 [main] DEBUG c.ecommerce.api.security.JwtProvider - Gerando token JWT para usuário: usuario@teste.com
2026-07-23 08:49:28 [main] ERROR c.ecommerce.api.security.JwtProvider - Erro ao extrair userId do token: Invalid compact JWT string: Compact JWSs must contain exactly 2 period characters, and compact JWEs must contain exactly 4.  Found: 0
2026-07-23 08:49:29 [main] DEBUG c.ecommerce.api.security.JwtProvider - Gerando token JWT para usuário: usuario@teste.com
2026-07-23 08:49:29 [main] WARN  c.ecommerce.api.security.JwtProvider - Erro ao verificar expiração do token: JWT expired 1002 milliseconds ago at 2026-07-23T11:49:28.000Z. Current time: 2026-07-23T11:49:29.002Z. Allowed clock skew: 0 milliseconds.
2026-07-23 08:49:29 [main] DEBUG c.ecommerce.api.security.JwtProvider - Gerando token JWT para usuário: usuario@teste.com
2026-07-23 08:49:29 [main] DEBUG c.ecommerce.api.security.JwtProvider - Token JWT válido
2026-07-23 08:49:29 [main] DEBUG c.ecommerce.api.security.JwtProvider - Gerando token JWT para usuário: usuario@teste.com
2026-07-23 08:49:29 [main] ERROR c.ecommerce.api.security.JwtProvider - Erro ao extrair email do token: Invalid compact JWT string: Compact JWSs must contain exactly 2 period characters, and compact JWEs must contain exactly 4.  Found: 0
2026-07-23 08:49:29 [main] INFO  o.s.t.c.s.AnnotationConfigContextLoaderUtils - Could not detect default configuration classes for test class [com.ecommerce.PagamentoControllerTest]: PagamentoControllerTest does not declare any static, non-private, non-final, nested classes annotated with @Configuration.
2026-07-23 08:49:29 [main] INFO  o.s.b.t.c.SpringBootTestContextBootstrapper - Found @SpringBootConfiguration com.ecommerce.Application for test class com.ecommerce.PagamentoControllerTest
2026-07-23 08:49:29 [main] INFO  o.s.b.d.r.RestartApplicationListener - Restart disabled due to context in which it is running
2026-07-23 08:49:29 [main] INFO  c.ecommerce.PagamentoControllerTest - Starting PagamentoControllerTest using Java 25.0.2 with PID 16100 (started by PabloBezerradaSilva in C:\Users\PabloBezerradaSilva\Documents\Java\fourcamp26-pablosilva\ecommerce-api)
2026-07-23 08:49:29 [main] DEBUG c.ecommerce.PagamentoControllerTest - Running with Spring Boot v3.5.16, Spring v6.2.19
2026-07-23 08:49:29 [main] INFO  c.ecommerce.PagamentoControllerTest - No active profile set, falling back to 1 default profile: "default"
2026-07-23 08:49:29 [main] DEBUG o.s.w.c.s.GenericWebApplicationContext - Refreshing org.springframework.web.context.support.GenericWebApplicationContext@2f03394c
2026-07-23 08:49:29 [main] INFO  o.s.d.r.c.RepositoryConfigurationDelegate - Bootstrapping Spring Data JPA repositories in DEFAULT mode.
2026-07-23 08:49:29 [main] INFO  o.s.d.r.c.RepositoryConfigurationDelegate - Finished Spring Data repository scanning in 38 ms. Found 6 JPA repository interfaces.
2026-07-23 08:49:29 [main] INFO  o.h.jpa.internal.util.LogHelper - HHH000204: Processing PersistenceUnitInfo [name: default]
2026-07-23 08:49:29 [main] INFO  o.h.c.i.RegionFactoryInitiator - HHH000026: Second-level cache disabled
2026-07-23 08:49:29 [main] INFO  o.s.o.j.p.SpringPersistenceUnitInfo - No LoadTimeWeaver setup: ignoring JPA class transformer
2026-07-23 08:49:29 [main] INFO  com.zaxxer.hikari.HikariDataSource - HikariPool-4 - Starting...
2026-07-23 08:49:29 [main] INFO  com.zaxxer.hikari.pool.HikariPool - HikariPool-4 - Added connection conn30: url=jdbc:h2:mem:ecommercedb user=SA
2026-07-23 08:49:29 [main] INFO  com.zaxxer.hikari.HikariDataSource - HikariPool-4 - Start completed.
2026-07-23 08:49:29 [main] WARN  org.hibernate.orm.deprecation - HHH90000025: H2Dialect does not need to be specified explicitly using 'hibernate.dialect' (remove the property setting and it will be selected by default)
2026-07-23 08:49:29 [main] INFO  o.hibernate.orm.connections.pooling - HHH10001005: Database info:
	Database JDBC URL [Connecting through datasource 'HikariDataSource (HikariPool-4)']
	Database driver: undefined/unknown
	Database version: 2.3.232
	Autocommit mode: undefined/unknown
	Isolation level: undefined/unknown
	Minimum pool size: undefined/unknown
	Maximum pool size: undefined/unknown
2026-07-23 08:49:30 [main] INFO  o.h.e.t.j.p.i.JtaPlatformInitiator - HHH000489: No JTA platform available (set 'hibernate.transaction.jta.platform' to enable JTA platform integration)
2026-07-23 08:49:30 [main] DEBUG org.hibernate.SQL - 
    drop table if exists categorias cascade 
2026-07-23 08:49:30 [main] DEBUG org.hibernate.SQL - 
    drop table if exists clientes cascade 
2026-07-23 08:49:30 [main] DEBUG org.hibernate.SQL - 
    drop table if exists itens_pedido cascade 
2026-07-23 08:49:30 [main] DEBUG org.hibernate.SQL - 
    drop table if exists pagamentos cascade 
2026-07-23 08:49:30 [main] DEBUG org.hibernate.SQL - 
    drop table if exists pedidos cascade 
2026-07-23 08:49:30 [main] DEBUG org.hibernate.SQL - 
    drop table if exists produtos cascade 
2026-07-23 08:49:30 [main] DEBUG org.hibernate.SQL - 
    drop table if exists usuarios cascade 
2026-07-23 08:49:30 [main] DEBUG org.hibernate.SQL - 
    create table categorias (
        ativo boolean not null,
        id bigint generated by default as identity,
        nome varchar(100) not null,
        descricao TEXT,
        primary key (id)
    )
2026-07-23 08:49:30 [main] DEBUG org.hibernate.SQL - 
    create table clientes (
        ativo boolean not null,
        data_atualizacao timestamp(6),
        data_criacao timestamp(6) not null,
        id bigint generated by default as identity,
        cpf varchar(11) not null unique,
        telefone varchar(20),
        email varchar(255) not null unique,
        endereco TEXT,
        nome varchar(255) not null,
        primary key (id)
    )
2026-07-23 08:49:30 [main] DEBUG org.hibernate.SQL - 
    create table itens_pedido (
        preco_unitario numeric(10,2) not null,
        quantidade integer not null,
        id bigint generated by default as identity,
        pedido_id bigint not null,
        produto_id bigint not null,
        primary key (id)
    )
2026-07-23 08:49:30 [main] DEBUG org.hibernate.SQL - 
    create table pagamentos (
        valor float(53) not null,
        data_criacao timestamp(6) not null,
        id bigint generated by default as identity,
        pedido_id bigint not null,
        metodo varchar(50) not null,
        status enum ('APROVADO','PENDENTE','RECUSADO','REEMBOLSADO') not null,
        primary key (id)
    )
2026-07-23 08:49:30 [main] DEBUG org.hibernate.SQL - 
    create table pedidos (
        total float(53) not null,
        cliente_id bigint not null,
        data_atualizacao timestamp(6),
        data_criacao timestamp(6) not null,
        id bigint generated by default as identity,
        status enum ('CANCELADO','CONFIRMADO','ENTREGUE','ENVIADO','PENDENTE') not null,
        primary key (id)
    )
2026-07-23 08:49:30 [main] DEBUG org.hibernate.SQL - 
    create table produtos (
        ativo boolean not null,
        estoque integer not null,
        preco numeric(38,2) not null,
        categoria_id bigint not null,
        id bigint generated by default as identity,
        descricao TEXT,
        nome varchar(255) not null,
        primary key (id)
    )
2026-07-23 08:49:30 [main] DEBUG org.hibernate.SQL - 
    create table usuarios (
        ativo boolean not null,
        id bigint generated by default as identity,
        email varchar(255) not null unique,
        nome varchar(255) not null,
        senha varchar(255) not null,
        papel enum ('ADMIN','USER') not null,
        primary key (id)
    )
2026-07-23 08:49:30 [main] DEBUG org.hibernate.SQL - 
    alter table if exists itens_pedido 
       add constraint FK42mycompce3b7yt3l6ukdwsxy 
       foreign key (pedido_id) 
       references pedidos
2026-07-23 08:49:30 [main] DEBUG org.hibernate.SQL - 
    alter table if exists itens_pedido 
       add constraint FKxytdlekpdaobqphujy9bmuhl 
       foreign key (produto_id) 
       references produtos
2026-07-23 08:49:30 [main] DEBUG org.hibernate.SQL - 
    alter table if exists pagamentos 
       add constraint FKb0dh6865y8h4irwdrl4ici3kl 
       foreign key (pedido_id) 
       references pedidos
2026-07-23 08:49:30 [main] DEBUG org.hibernate.SQL - 
    alter table if exists pedidos 
       add constraint FKg7202lk0hwxn04bmdl2thth5b 
       foreign key (cliente_id) 
       references clientes
2026-07-23 08:49:30 [main] DEBUG org.hibernate.SQL - 
    alter table if exists produtos 
       add constraint FK8rqw0ljwdaom34jr2t46bjtrn 
       foreign key (categoria_id) 
       references categorias
2026-07-23 08:49:30 [main] INFO  o.s.o.j.LocalContainerEntityManagerFactoryBean - Initialized JPA EntityManagerFactory for persistence unit 'default'
2026-07-23 08:49:30 [main] DEBUG o.s.w.s.m.m.a.RequestMappingHandlerMapping - 45 mappings in 'requestMappingHandlerMapping'
2026-07-23 08:49:30 [main] DEBUG o.s.w.s.h.SimpleUrlHandlerMapping - Patterns [/h2-console] in 'viewControllerHandlerMapping'
2026-07-23 08:49:30 [main] DEBUG o.s.w.s.h.SimpleUrlHandlerMapping - Patterns [/webjars/**, /**, /swagger-ui/**, /swagger-ui/*swagger-initializer.js, /webjars/*swagger-ui/**, /webjars/*swagger-ui/*swagger-initializer.js, /webjars/*swagger-ui/5.32.2/*swagger-initializer.js] in 'resourceHandlerMapping'
2026-07-23 08:49:30 [main] DEBUG o.s.s.c.a.a.c.AuthenticationConfiguration$DefaultPasswordEncoderAuthenticationManagerBuilder - No authenticationProviders and no parentAuthenticationManager defined. Returning null.
2026-07-23 08:49:30 [main] DEBUG o.s.s.web.DefaultSecurityFilterChain - Will secure any request with filters: DisableEncodeUrlFilter, WebAsyncManagerIntegrationFilter, SecurityContextHolderFilter, HeaderWriterFilter, LogoutFilter, JwtAuthenticationFilter, RequestCacheAwareFilter, SecurityContextHolderAwareRequestFilter, AnonymousAuthenticationFilter, SessionManagementFilter, ExceptionTranslationFilter, AuthorizationFilter
2026-07-23 08:49:30 [main] DEBUG o.s.w.s.m.m.a.RequestMappingHandlerAdapter - ControllerAdvice beans: 0 @ModelAttribute, 0 @InitBinder, 1 RequestBodyAdvice, 1 ResponseBodyAdvice
2026-07-23 08:49:30 [main] DEBUG o.s.w.s.m.m.a.ExceptionHandlerExceptionResolver - ControllerAdvice beans: 2 @ExceptionHandler, 1 ResponseBodyAdvice
2026-07-23 08:49:30 [main] DEBUG c.e.a.s.JwtAuthenticationFilter - Filter 'jwtAuthenticationFilter' configured for use
2026-07-23 08:49:30 [main] INFO  o.s.b.t.m.w.SpringBootMockServletContext - Initializing Spring TestDispatcherServlet ''
2026-07-23 08:49:30 [main] INFO  o.s.t.w.s.TestDispatcherServlet - Initializing Servlet ''
2026-07-23 08:49:30 [main] INFO  o.s.t.w.s.TestDispatcherServlet - Completed initialization in 0 ms
2026-07-23 08:49:30 [main] INFO  c.ecommerce.PagamentoControllerTest - Started PagamentoControllerTest in 1.335 seconds (process running for 28.187)
2026-07-23 08:49:30 [main] WARN  o.s.c.events.SpringDocAppInitializer - SpringDoc /v3/api-docs endpoint is enabled by default. To disable it in production, set the property 'springdoc.api-docs.enabled=false'
2026-07-23 08:49:30 [main] DEBUG o.s.security.web.FilterChainProxy - Securing GET /pagamentos/999
2026-07-23 08:49:30 [main] DEBUG o.s.security.web.FilterChainProxy - Secured GET /pagamentos/999
2026-07-23 08:49:30 [main] DEBUG o.s.w.s.m.m.a.RequestMappingHandlerMapping - Mapped to com.ecommerce.api.controller.PagamentoController#obterPorId(Long)
2026-07-23 08:49:30 [main] DEBUG o.s.w.s.m.m.a.ExceptionHandlerExceptionResolver - Using @ExceptionHandler com.ecommerce.api.exception.GlobalExceptionHandler#handleRecursoNaoEncontrado(RecursoNaoEncontradoException, WebRequest)
2026-07-23 08:49:30 [main] ERROR c.e.a.e.GlobalExceptionHandler - Recurso não encontrado: Pagamento não encontrado
2026-07-23 08:49:30 [main] DEBUG o.s.w.s.m.m.a.HttpEntityMethodProcessor - Using 'application/json', given [*/*] and supported [application/json, application/*+json, application/yaml]
2026-07-23 08:49:30 [main] DEBUG o.s.w.s.m.m.a.HttpEntityMethodProcessor - Writing [ErrorResponse(timestamp=2026-07-23T08:49:30.402110500, status=404, erro=Recurso não encontrado, mens (truncated)...]
2026-07-23 08:49:30 [main] DEBUG o.s.w.s.m.m.a.ExceptionHandlerExceptionResolver - Resolved [com.ecommerce.api.exception.RecursoNaoEncontradoException: Pagamento não encontrado]
2026-07-23 08:49:30 [main] DEBUG o.s.security.web.FilterChainProxy - Securing POST /pagamentos
2026-07-23 08:49:30 [main] DEBUG o.s.security.web.FilterChainProxy - Secured POST /pagamentos
2026-07-23 08:49:30 [main] DEBUG o.s.w.s.m.m.a.RequestMappingHandlerMapping - Mapped to com.ecommerce.api.controller.PagamentoController#criar(PagamentoDTO)
2026-07-23 08:49:30 [main] DEBUG o.s.w.s.m.m.a.RequestResponseBodyMethodProcessor - Read "application/json;charset=UTF-8" to [PagamentoDTO(id=1, pedidoId=10, valor=150.0, metodo=CARTAO, status=PENDENTE, dataCriacao=null)]
2026-07-23 08:49:30 [main] DEBUG o.s.w.s.m.m.a.HttpEntityMethodProcessor - Using 'application/json', given [*/*] and supported [application/json, application/*+json, application/yaml]
2026-07-23 08:49:30 [main] DEBUG o.s.w.s.m.m.a.HttpEntityMethodProcessor - Writing [PagamentoDTO(id=1, pedidoId=10, valor=150.0, metodo=CARTAO, status=PENDENTE, dataCriacao=null)]
2026-07-23 08:49:30 [main] DEBUG o.s.security.web.FilterChainProxy - Securing POST /pagamentos
2026-07-23 08:49:30 [main] DEBUG o.s.security.web.FilterChainProxy - Secured POST /pagamentos
2026-07-23 08:49:30 [main] DEBUG o.s.w.s.m.m.a.RequestMappingHandlerMapping - Mapped to com.ecommerce.api.controller.PagamentoController#criar(PagamentoDTO)
2026-07-23 08:49:30 [main] DEBUG o.s.w.s.m.m.a.RequestResponseBodyMethodProcessor - Read "application/json;charset=UTF-8" to [PagamentoDTO(id=null, pedidoId=10, valor=50.0, metodo=null, status=null, dataCriacao=null)]
2026-07-23 08:49:30 [main] DEBUG o.s.w.s.m.m.a.ExceptionHandlerExceptionResolver - Using @ExceptionHandler com.ecommerce.api.exception.GlobalExceptionHandler#handleValidationExceptions(MethodArgumentNotValidException, WebRequest)
2026-07-23 08:49:30 [main] ERROR c.e.a.e.GlobalExceptionHandler - Erro de validação: {metodo=Método de pagamento é obrigatório}
2026-07-23 08:49:30 [main] DEBUG o.s.w.s.m.m.a.HttpEntityMethodProcessor - Using 'application/json', given [*/*] and supported [application/json, application/*+json, application/yaml]
2026-07-23 08:49:30 [main] DEBUG o.s.w.s.m.m.a.HttpEntityMethodProcessor - Writing [ErrorResponse(timestamp=2026-07-23T08:49:30.473918800, status=400, erro=Erro de validação, mensagem= (truncated)...]
2026-07-23 08:49:30 [main] DEBUG o.s.w.s.m.m.a.ExceptionHandlerExceptionResolver - Resolved [org.springframework.web.bind.MethodArgumentNotValidException: Validation failed for argument [0] in public org.springframework.http.ResponseEntity<com.ecommerce.api.dto.PagamentoDTO> com.ecommerce.api.controller.PagamentoController.criar(com.ecommerce.api.dto.PagamentoDTO): [Field error in object 'pagamentoDTO' on field 'metodo': rejected value [null]; codes [NotBlank.pagamentoDTO.metodo,NotBlank.metodo,NotBlank.java.lang.String,NotBlank]; arguments [org.springframework.context.support.DefaultMessageSourceResolvable: codes [pagamentoDTO.metodo,metodo]; arguments []; default message [metodo]]; default message [Método de pagamento é obrigatório]] ]
2026-07-23 08:49:30 [main] DEBUG o.s.security.web.FilterChainProxy - Securing GET /pagamentos
2026-07-23 08:49:30 [main] DEBUG o.s.security.web.FilterChainProxy - Secured GET /pagamentos
2026-07-23 08:49:30 [main] DEBUG o.s.w.s.m.m.a.RequestMappingHandlerMapping - Mapped to com.ecommerce.api.controller.PagamentoController#listar(int, int, String, String)
2026-07-23 08:49:30 [main] DEBUG o.s.w.s.m.m.a.HttpEntityMethodProcessor - Using 'application/json', given [*/*] and supported [application/json, application/*+json, application/yaml]
2026-07-23 08:49:30 [main] DEBUG o.s.w.s.m.m.a.HttpEntityMethodProcessor - Writing [Page 1 of 1 containing com.ecommerce.api.dto.PagamentoDTO instances]
2026-07-23 08:49:30 [main] DEBUG o.s.security.web.FilterChainProxy - Securing GET /pagamentos/1
2026-07-23 08:49:30 [main] DEBUG o.s.security.web.FilterChainProxy - Secured GET /pagamentos/1
2026-07-23 08:49:30 [main] DEBUG o.s.w.s.m.m.a.RequestMappingHandlerMapping - Mapped to com.ecommerce.api.controller.PagamentoController#obterPorId(Long)
2026-07-23 08:49:30 [main] DEBUG o.s.w.s.m.m.a.HttpEntityMethodProcessor - Using 'application/json', given [*/*] and supported [application/json, application/*+json, application/yaml]
2026-07-23 08:49:30 [main] DEBUG o.s.w.s.m.m.a.HttpEntityMethodProcessor - Writing [PagamentoDTO(id=1, pedidoId=10, valor=150.0, metodo=CARTAO, status=PENDENTE, dataCriacao=null)]
2026-07-23 08:49:30 [main] DEBUG o.s.security.web.FilterChainProxy - Securing PUT /pagamentos/1
2026-07-23 08:49:30 [main] DEBUG o.s.security.web.FilterChainProxy - Secured PUT /pagamentos/1
2026-07-23 08:49:30 [main] DEBUG o.s.w.s.m.m.a.RequestMappingHandlerMapping - Mapped to com.ecommerce.api.controller.PagamentoController#atualizar(Long, PagamentoDTO)
2026-07-23 08:49:30 [main] DEBUG o.s.w.s.m.m.a.RequestResponseBodyMethodProcessor - Read "application/json;charset=UTF-8" to [PagamentoDTO(id=1, pedidoId=10, valor=150.0, metodo=CARTAO, status=PENDENTE, dataCriacao=null)]
2026-07-23 08:49:30 [main] DEBUG o.s.w.s.m.m.a.HttpEntityMethodProcessor - Using 'application/json', given [*/*] and supported [application/json, application/*+json, application/yaml]
2026-07-23 08:49:30 [main] DEBUG o.s.w.s.m.m.a.HttpEntityMethodProcessor - Writing [PagamentoDTO(id=1, pedidoId=10, valor=150.0, metodo=CARTAO, status=PENDENTE, dataCriacao=null)]
2026-07-23 08:49:30 [main] DEBUG o.s.security.web.FilterChainProxy - Securing DELETE /pagamentos/1
2026-07-23 08:49:30 [main] DEBUG o.s.security.web.FilterChainProxy - Secured DELETE /pagamentos/1
2026-07-23 08:49:30 [main] DEBUG o.s.w.s.m.m.a.RequestMappingHandlerMapping - Mapped to com.ecommerce.api.controller.PagamentoController#deletar(Long)
2026-07-23 08:49:30 [main] DEBUG o.s.w.s.m.m.a.HttpEntityMethodProcessor - Using 'application/json', given [*/*] and supported [application/json, application/*+json, application/yaml]
2026-07-23 08:49:30 [main] DEBUG o.s.w.s.m.m.a.HttpEntityMethodProcessor - Nothing to write: null body
2026-07-23 08:49:30 [main] DEBUG o.s.security.web.FilterChainProxy - Securing GET /pagamentos/todos
2026-07-23 08:49:30 [main] DEBUG o.s.security.web.FilterChainProxy - Secured GET /pagamentos/todos
2026-07-23 08:49:30 [main] DEBUG o.s.w.s.m.m.a.RequestMappingHandlerMapping - Mapped to com.ecommerce.api.controller.PagamentoController#listarTodos()
2026-07-23 08:49:30 [main] DEBUG o.s.w.s.m.m.a.HttpEntityMethodProcessor - Using 'application/json', given [*/*] and supported [application/json, application/*+json, application/yaml]
2026-07-23 08:49:30 [main] DEBUG o.s.w.s.m.m.a.HttpEntityMethodProcessor - Writing [[PagamentoDTO(id=1, pedidoId=10, valor=150.0, metodo=CARTAO, status=PENDENTE, dataCriacao=null)]]
2026-07-23 08:49:30 [main] DEBUG o.s.security.web.FilterChainProxy - Securing PATCH /pagamentos/1/status
2026-07-23 08:49:30 [main] DEBUG o.s.security.web.FilterChainProxy - Secured PATCH /pagamentos/1/status
2026-07-23 08:49:30 [main] DEBUG o.s.w.s.m.m.a.RequestMappingHandlerMapping - Mapped to com.ecommerce.api.controller.PagamentoController#atualizarStatus(Long, StatusPagamento)
2026-07-23 08:49:30 [main] DEBUG o.s.w.s.m.m.a.HttpEntityMethodProcessor - Using 'application/json', given [*/*] and supported [application/json, application/*+json, application/yaml]
2026-07-23 08:49:30 [main] DEBUG o.s.w.s.m.m.a.HttpEntityMethodProcessor - Writing [PagamentoDTO(id=1, pedidoId=10, valor=150.0, metodo=CARTAO, status=PENDENTE, dataCriacao=null)]
2026-07-23 08:49:30 [main] INFO  o.s.t.c.s.AnnotationConfigContextLoaderUtils - Could not detect default configuration classes for test class [com.ecommerce.PedidoControllerTest]: PedidoControllerTest does not declare any static, non-private, non-final, nested classes annotated with @Configuration.
2026-07-23 08:49:30 [main] INFO  o.s.b.t.c.SpringBootTestContextBootstrapper - Found @SpringBootConfiguration com.ecommerce.Application for test class com.ecommerce.PedidoControllerTest
2026-07-23 08:49:30 [main] INFO  o.s.b.d.r.RestartApplicationListener - Restart disabled due to context in which it is running
2026-07-23 08:49:30 [main] INFO  com.ecommerce.PedidoControllerTest - Starting PedidoControllerTest using Java 25.0.2 with PID 16100 (started by PabloBezerradaSilva in C:\Users\PabloBezerradaSilva\Documents\Java\fourcamp26-pablosilva\ecommerce-api)
2026-07-23 08:49:30 [main] DEBUG com.ecommerce.PedidoControllerTest - Running with Spring Boot v3.5.16, Spring v6.2.19
2026-07-23 08:49:30 [main] INFO  com.ecommerce.PedidoControllerTest - No active profile set, falling back to 1 default profile: "default"
2026-07-23 08:49:30 [main] DEBUG o.s.w.c.s.GenericWebApplicationContext - Refreshing org.springframework.web.context.support.GenericWebApplicationContext@d065a93
2026-07-23 08:49:31 [main] INFO  o.s.d.r.c.RepositoryConfigurationDelegate - Bootstrapping Spring Data JPA repositories in DEFAULT mode.
2026-07-23 08:49:31 [main] INFO  o.s.d.r.c.RepositoryConfigurationDelegate - Finished Spring Data repository scanning in 40 ms. Found 6 JPA repository interfaces.
2026-07-23 08:49:31 [main] INFO  o.h.jpa.internal.util.LogHelper - HHH000204: Processing PersistenceUnitInfo [name: default]
2026-07-23 08:49:31 [main] INFO  o.h.c.i.RegionFactoryInitiator - HHH000026: Second-level cache disabled
2026-07-23 08:49:31 [main] INFO  o.s.o.j.p.SpringPersistenceUnitInfo - No LoadTimeWeaver setup: ignoring JPA class transformer
2026-07-23 08:49:31 [main] INFO  com.zaxxer.hikari.HikariDataSource - HikariPool-5 - Starting...
2026-07-23 08:49:31 [main] INFO  com.zaxxer.hikari.pool.HikariPool - HikariPool-5 - Added connection conn40: url=jdbc:h2:mem:ecommercedb user=SA
2026-07-23 08:49:31 [main] INFO  com.zaxxer.hikari.HikariDataSource - HikariPool-5 - Start completed.
2026-07-23 08:49:31 [main] WARN  org.hibernate.orm.deprecation - HHH90000025: H2Dialect does not need to be specified explicitly using 'hibernate.dialect' (remove the property setting and it will be selected by default)
2026-07-23 08:49:31 [main] INFO  o.hibernate.orm.connections.pooling - HHH10001005: Database info:
	Database JDBC URL [Connecting through datasource 'HikariDataSource (HikariPool-5)']
	Database driver: undefined/unknown
	Database version: 2.3.232
	Autocommit mode: undefined/unknown
	Isolation level: undefined/unknown
	Minimum pool size: undefined/unknown
	Maximum pool size: undefined/unknown
2026-07-23 08:49:31 [main] INFO  o.h.e.t.j.p.i.JtaPlatformInitiator - HHH000489: No JTA platform available (set 'hibernate.transaction.jta.platform' to enable JTA platform integration)
2026-07-23 08:49:31 [main] DEBUG org.hibernate.SQL - 
    drop table if exists categorias cascade 
2026-07-23 08:49:31 [main] DEBUG org.hibernate.SQL - 
    drop table if exists clientes cascade 
2026-07-23 08:49:31 [main] DEBUG org.hibernate.SQL - 
    drop table if exists itens_pedido cascade 
2026-07-23 08:49:31 [main] DEBUG org.hibernate.SQL - 
    drop table if exists pagamentos cascade 
2026-07-23 08:49:31 [main] DEBUG org.hibernate.SQL - 
    drop table if exists pedidos cascade 
2026-07-23 08:49:31 [main] DEBUG org.hibernate.SQL - 
    drop table if exists produtos cascade 
2026-07-23 08:49:31 [main] DEBUG org.hibernate.SQL - 
    drop table if exists usuarios cascade 
2026-07-23 08:49:31 [main] DEBUG org.hibernate.SQL - 
    create table categorias (
        ativo boolean not null,
        id bigint generated by default as identity,
        nome varchar(100) not null,
        descricao TEXT,
        primary key (id)
    )
2026-07-23 08:49:31 [main] DEBUG org.hibernate.SQL - 
    create table clientes (
        ativo boolean not null,
        data_atualizacao timestamp(6),
        data_criacao timestamp(6) not null,
        id bigint generated by default as identity,
        cpf varchar(11) not null unique,
        telefone varchar(20),
        email varchar(255) not null unique,
        endereco TEXT,
        nome varchar(255) not null,
        primary key (id)
    )
2026-07-23 08:49:31 [main] DEBUG org.hibernate.SQL - 
    create table itens_pedido (
        preco_unitario numeric(10,2) not null,
        quantidade integer not null,
        id bigint generated by default as identity,
        pedido_id bigint not null,
        produto_id bigint not null,
        primary key (id)
    )
2026-07-23 08:49:31 [main] DEBUG org.hibernate.SQL - 
    create table pagamentos (
        valor float(53) not null,
        data_criacao timestamp(6) not null,
        id bigint generated by default as identity,
        pedido_id bigint not null,
        metodo varchar(50) not null,
        status enum ('APROVADO','PENDENTE','RECUSADO','REEMBOLSADO') not null,
        primary key (id)
    )
2026-07-23 08:49:31 [main] DEBUG org.hibernate.SQL - 
    create table pedidos (
        total float(53) not null,
        cliente_id bigint not null,
        data_atualizacao timestamp(6),
        data_criacao timestamp(6) not null,
        id bigint generated by default as identity,
        status enum ('CANCELADO','CONFIRMADO','ENTREGUE','ENVIADO','PENDENTE') not null,
        primary key (id)
    )
2026-07-23 08:49:31 [main] DEBUG org.hibernate.SQL - 
    create table produtos (
        ativo boolean not null,
        estoque integer not null,
        preco numeric(38,2) not null,
        categoria_id bigint not null,
        id bigint generated by default as identity,
        descricao TEXT,
        nome varchar(255) not null,
        primary key (id)
    )
2026-07-23 08:49:31 [main] DEBUG org.hibernate.SQL - 
    create table usuarios (
        ativo boolean not null,
        id bigint generated by default as identity,
        email varchar(255) not null unique,
        nome varchar(255) not null,
        senha varchar(255) not null,
        papel enum ('ADMIN','USER') not null,
        primary key (id)
    )
2026-07-23 08:49:31 [main] DEBUG org.hibernate.SQL - 
    alter table if exists itens_pedido 
       add constraint FK42mycompce3b7yt3l6ukdwsxy 
       foreign key (pedido_id) 
       references pedidos
2026-07-23 08:49:31 [main] DEBUG org.hibernate.SQL - 
    alter table if exists itens_pedido 
       add constraint FKxytdlekpdaobqphujy9bmuhl 
       foreign key (produto_id) 
       references produtos
2026-07-23 08:49:31 [main] DEBUG org.hibernate.SQL - 
    alter table if exists pagamentos 
       add constraint FKb0dh6865y8h4irwdrl4ici3kl 
       foreign key (pedido_id) 
       references pedidos
2026-07-23 08:49:31 [main] DEBUG org.hibernate.SQL - 
    alter table if exists pedidos 
       add constraint FKg7202lk0hwxn04bmdl2thth5b 
       foreign key (cliente_id) 
       references clientes
2026-07-23 08:49:31 [main] DEBUG org.hibernate.SQL - 
    alter table if exists produtos 
       add constraint FK8rqw0ljwdaom34jr2t46bjtrn 
       foreign key (categoria_id) 
       references categorias
2026-07-23 08:49:31 [main] INFO  o.s.o.j.LocalContainerEntityManagerFactoryBean - Initialized JPA EntityManagerFactory for persistence unit 'default'
2026-07-23 08:49:32 [main] DEBUG o.s.w.s.m.m.a.RequestMappingHandlerMapping - 45 mappings in 'requestMappingHandlerMapping'
2026-07-23 08:49:32 [main] DEBUG o.s.w.s.h.SimpleUrlHandlerMapping - Patterns [/h2-console] in 'viewControllerHandlerMapping'
2026-07-23 08:49:32 [main] DEBUG o.s.w.s.h.SimpleUrlHandlerMapping - Patterns [/webjars/**, /**, /swagger-ui/**, /swagger-ui/*swagger-initializer.js, /webjars/*swagger-ui/**, /webjars/*swagger-ui/*swagger-initializer.js, /webjars/*swagger-ui/5.32.2/*swagger-initializer.js] in 'resourceHandlerMapping'
2026-07-23 08:49:32 [main] DEBUG o.s.s.c.a.a.c.AuthenticationConfiguration$DefaultPasswordEncoderAuthenticationManagerBuilder - No authenticationProviders and no parentAuthenticationManager defined. Returning null.
2026-07-23 08:49:32 [main] DEBUG o.s.s.web.DefaultSecurityFilterChain - Will secure any request with filters: DisableEncodeUrlFilter, WebAsyncManagerIntegrationFilter, SecurityContextHolderFilter, HeaderWriterFilter, LogoutFilter, JwtAuthenticationFilter, RequestCacheAwareFilter, SecurityContextHolderAwareRequestFilter, AnonymousAuthenticationFilter, SessionManagementFilter, ExceptionTranslationFilter, AuthorizationFilter
2026-07-23 08:49:32 [main] DEBUG o.s.w.s.m.m.a.RequestMappingHandlerAdapter - ControllerAdvice beans: 0 @ModelAttribute, 0 @InitBinder, 1 RequestBodyAdvice, 1 ResponseBodyAdvice
2026-07-23 08:49:32 [main] DEBUG o.s.w.s.m.m.a.ExceptionHandlerExceptionResolver - ControllerAdvice beans: 2 @ExceptionHandler, 1 ResponseBodyAdvice
2026-07-23 08:49:32 [main] DEBUG c.e.a.s.JwtAuthenticationFilter - Filter 'jwtAuthenticationFilter' configured for use
2026-07-23 08:49:32 [main] INFO  o.s.b.t.m.w.SpringBootMockServletContext - Initializing Spring TestDispatcherServlet ''
2026-07-23 08:49:32 [main] INFO  o.s.t.w.s.TestDispatcherServlet - Initializing Servlet ''
2026-07-23 08:49:32 [main] INFO  o.s.t.w.s.TestDispatcherServlet - Completed initialization in 1 ms
2026-07-23 08:49:32 [main] INFO  com.ecommerce.PedidoControllerTest - Started PedidoControllerTest in 1.337 seconds (process running for 30.005)
2026-07-23 08:49:32 [main] WARN  o.s.c.events.SpringDocAppInitializer - SpringDoc /v3/api-docs endpoint is enabled by default. To disable it in production, set the property 'springdoc.api-docs.enabled=false'
2026-07-23 08:49:32 [main] DEBUG o.s.security.web.FilterChainProxy - Securing GET /pedidos/999
2026-07-23 08:49:32 [main] DEBUG o.s.security.web.FilterChainProxy - Secured GET /pedidos/999
2026-07-23 08:49:32 [main] DEBUG o.s.w.s.m.m.a.RequestMappingHandlerMapping - Mapped to com.ecommerce.api.controller.PedidoController#obter(Long)
2026-07-23 08:49:32 [main] DEBUG o.s.w.s.m.m.a.ExceptionHandlerExceptionResolver - Using @ExceptionHandler com.ecommerce.api.exception.GlobalExceptionHandler#handleRecursoNaoEncontrado(RecursoNaoEncontradoException, WebRequest)
2026-07-23 08:49:32 [main] ERROR c.e.a.e.GlobalExceptionHandler - Recurso não encontrado: Pedido não encontrado
2026-07-23 08:49:32 [main] DEBUG o.s.w.s.m.m.a.HttpEntityMethodProcessor - Using 'application/json', given [*/*] and supported [application/json, application/*+json, application/yaml]
2026-07-23 08:49:32 [main] DEBUG o.s.w.s.m.m.a.HttpEntityMethodProcessor - Writing [ErrorResponse(timestamp=2026-07-23T08:49:32.219252600, status=404, erro=Recurso não encontrado, mens (truncated)...]
2026-07-23 08:49:32 [main] DEBUG o.s.w.s.m.m.a.ExceptionHandlerExceptionResolver - Resolved [com.ecommerce.api.exception.RecursoNaoEncontradoException: Pedido não encontrado]
2026-07-23 08:49:32 [main] DEBUG o.s.security.web.FilterChainProxy - Securing POST /pedidos
2026-07-23 08:49:32 [main] DEBUG o.s.security.web.FilterChainProxy - Secured POST /pedidos
2026-07-23 08:49:32 [main] DEBUG o.s.w.s.m.m.a.RequestMappingHandlerMapping - Mapped to com.ecommerce.api.controller.PedidoController#criar(PedidoDTO)
2026-07-23 08:49:32 [main] DEBUG o.s.w.s.m.m.a.RequestResponseBodyMethodProcessor - Read "application/json;charset=UTF-8" to [PedidoDTO(id=1, clienteId=10, total=150.0, status=PENDENTE, dataCriacao=null, dataAtualizacao=null)]
2026-07-23 08:49:32 [main] DEBUG o.s.w.s.m.m.a.HttpEntityMethodProcessor - Using 'application/json', given [*/*] and supported [application/json, application/*+json, application/yaml]
2026-07-23 08:49:32 [main] DEBUG o.s.w.s.m.m.a.HttpEntityMethodProcessor - Writing [PedidoDTO(id=1, clienteId=10, total=150.0, status=PENDENTE, dataCriacao=null, dataAtualizacao=null)]
2026-07-23 08:49:32 [main] DEBUG o.s.security.web.FilterChainProxy - Securing GET /pedidos/1
2026-07-23 08:49:32 [main] DEBUG o.s.security.web.FilterChainProxy - Secured GET /pedidos/1
2026-07-23 08:49:32 [main] DEBUG o.s.w.s.m.m.a.RequestMappingHandlerMapping - Mapped to com.ecommerce.api.controller.PedidoController#obter(Long)
2026-07-23 08:49:32 [main] DEBUG o.s.w.s.m.m.a.HttpEntityMethodProcessor - Using 'application/json', given [*/*] and supported [application/json, application/*+json, application/yaml]
2026-07-23 08:49:32 [main] DEBUG o.s.w.s.m.m.a.HttpEntityMethodProcessor - Writing [PedidoDTO(id=1, clienteId=10, total=150.0, status=PENDENTE, dataCriacao=null, dataAtualizacao=null)]
2026-07-23 08:49:32 [main] DEBUG o.s.security.web.FilterChainProxy - Securing GET /pedidos
2026-07-23 08:49:32 [main] DEBUG o.s.security.web.FilterChainProxy - Secured GET /pedidos
2026-07-23 08:49:32 [main] DEBUG o.s.w.s.m.m.a.RequestMappingHandlerMapping - Mapped to com.ecommerce.api.controller.PedidoController#listar(int, int, String, String)
2026-07-23 08:49:32 [main] DEBUG o.s.w.s.m.m.a.HttpEntityMethodProcessor - Using 'application/json', given [*/*] and supported [application/json, application/*+json, application/yaml]
2026-07-23 08:49:32 [main] DEBUG o.s.w.s.m.m.a.HttpEntityMethodProcessor - Writing [Page 1 of 1 containing com.ecommerce.api.dto.PedidoDTO instances]
2026-07-23 08:49:32 [main] DEBUG o.s.security.web.FilterChainProxy - Securing POST /pedidos
2026-07-23 08:49:32 [main] DEBUG o.s.security.web.FilterChainProxy - Secured POST /pedidos
2026-07-23 08:49:32 [main] DEBUG o.s.w.s.m.m.a.RequestMappingHandlerMapping - Mapped to com.ecommerce.api.controller.PedidoController#criar(PedidoDTO)
2026-07-23 08:49:32 [main] DEBUG o.s.w.s.m.m.a.RequestResponseBodyMethodProcessor - Read "application/json;charset=UTF-8" to [PedidoDTO(id=null, clienteId=null, total=50.0, status=null, dataCriacao=null, dataAtualizacao=null)]
2026-07-23 08:49:32 [main] DEBUG o.s.w.s.m.m.a.ExceptionHandlerExceptionResolver - Using @ExceptionHandler com.ecommerce.api.exception.GlobalExceptionHandler#handleValidationExceptions(MethodArgumentNotValidException, WebRequest)
2026-07-23 08:49:32 [main] ERROR c.e.a.e.GlobalExceptionHandler - Erro de validação: {clienteId=Cliente é obrigatório}
2026-07-23 08:49:32 [main] DEBUG o.s.w.s.m.m.a.HttpEntityMethodProcessor - Using 'application/json', given [*/*] and supported [application/json, application/*+json, application/yaml]
2026-07-23 08:49:32 [main] DEBUG o.s.w.s.m.m.a.HttpEntityMethodProcessor - Writing [ErrorResponse(timestamp=2026-07-23T08:49:32.305021500, status=400, erro=Erro de validação, mensagem= (truncated)...]
2026-07-23 08:49:32 [main] DEBUG o.s.w.s.m.m.a.ExceptionHandlerExceptionResolver - Resolved [org.springframework.web.bind.MethodArgumentNotValidException: Validation failed for argument [0] in public org.springframework.http.ResponseEntity<com.ecommerce.api.dto.PedidoDTO> com.ecommerce.api.controller.PedidoController.criar(com.ecommerce.api.dto.PedidoDTO): [Field error in object 'pedidoDTO' on field 'clienteId': rejected value [null]; codes [NotNull.pedidoDTO.clienteId,NotNull.clienteId,NotNull.java.lang.Long,NotNull]; arguments [org.springframework.context.support.DefaultMessageSourceResolvable: codes [pedidoDTO.clienteId,clienteId]; arguments []; default message [clienteId]]; default message [Cliente é obrigatório]] ]
2026-07-23 08:49:32 [main] DEBUG o.s.security.web.FilterChainProxy - Securing PUT /pedidos/1
2026-07-23 08:49:32 [main] DEBUG o.s.security.web.FilterChainProxy - Secured PUT /pedidos/1
2026-07-23 08:49:32 [main] DEBUG o.s.w.s.m.m.a.RequestMappingHandlerMapping - Mapped to com.ecommerce.api.controller.PedidoController#atualizar(Long, PedidoDTO)
2026-07-23 08:49:32 [main] DEBUG o.s.w.s.m.m.a.RequestResponseBodyMethodProcessor - Read "application/json;charset=UTF-8" to [PedidoDTO(id=1, clienteId=10, total=150.0, status=PENDENTE, dataCriacao=null, dataAtualizacao=null)]
2026-07-23 08:49:32 [main] DEBUG o.s.w.s.m.m.a.HttpEntityMethodProcessor - Using 'application/json', given [*/*] and supported [application/json, application/*+json, application/yaml]
2026-07-23 08:49:32 [main] DEBUG o.s.w.s.m.m.a.HttpEntityMethodProcessor - Writing [PedidoDTO(id=1, clienteId=10, total=150.0, status=PENDENTE, dataCriacao=null, dataAtualizacao=null)]
2026-07-23 08:49:32 [main] DEBUG o.s.security.web.FilterChainProxy - Securing DELETE /pedidos/1
2026-07-23 08:49:32 [main] DEBUG o.s.security.web.FilterChainProxy - Secured DELETE /pedidos/1
2026-07-23 08:49:32 [main] DEBUG o.s.w.s.m.m.a.RequestMappingHandlerMapping - Mapped to com.ecommerce.api.controller.PedidoController#deletar(Long)
2026-07-23 08:49:32 [main] DEBUG o.s.w.s.m.m.a.HttpEntityMethodProcessor - Using 'application/json', given [*/*] and supported [application/json, application/*+json, application/yaml]
2026-07-23 08:49:32 [main] DEBUG o.s.w.s.m.m.a.HttpEntityMethodProcessor - Nothing to write: null body
2026-07-23 08:49:32 [main] DEBUG o.s.security.web.FilterChainProxy - Securing GET /pedidos/todos
2026-07-23 08:49:32 [main] DEBUG o.s.security.web.FilterChainProxy - Secured GET /pedidos/todos
2026-07-23 08:49:32 [main] DEBUG o.s.w.s.m.m.a.RequestMappingHandlerMapping - Mapped to com.ecommerce.api.controller.PedidoController#listarTodos()
2026-07-23 08:49:32 [main] DEBUG o.s.w.s.m.m.a.HttpEntityMethodProcessor - Using 'application/json', given [*/*] and supported [application/json, application/*+json, application/yaml]
2026-07-23 08:49:32 [main] DEBUG o.s.w.s.m.m.a.HttpEntityMethodProcessor - Writing [[PedidoDTO(id=1, clienteId=10, total=150.0, status=PENDENTE, dataCriacao=null, dataAtualizacao=null) (truncated)...]
2026-07-23 08:49:32 [main] INFO  o.s.t.c.s.AnnotationConfigContextLoaderUtils - Could not detect default configuration classes for test class [com.ecommerce.ProdutoControllerTest]: ProdutoControllerTest does not declare any static, non-private, non-final, nested classes annotated with @Configuration.
2026-07-23 08:49:32 [main] INFO  o.s.b.t.c.SpringBootTestContextBootstrapper - Found @SpringBootConfiguration com.ecommerce.Application for test class com.ecommerce.ProdutoControllerTest
2026-07-23 08:49:32 [main] INFO  o.s.b.d.r.RestartApplicationListener - Restart disabled due to context in which it is running
2026-07-23 08:49:32 [main] INFO  com.ecommerce.ProdutoControllerTest - Starting ProdutoControllerTest using Java 25.0.2 with PID 16100 (started by PabloBezerradaSilva in C:\Users\PabloBezerradaSilva\Documents\Java\fourcamp26-pablosilva\ecommerce-api)
2026-07-23 08:49:32 [main] DEBUG com.ecommerce.ProdutoControllerTest - Running with Spring Boot v3.5.16, Spring v6.2.19
2026-07-23 08:49:32 [main] INFO  com.ecommerce.ProdutoControllerTest - No active profile set, falling back to 1 default profile: "default"
2026-07-23 08:49:32 [main] DEBUG o.s.w.c.s.GenericWebApplicationContext - Refreshing org.springframework.web.context.support.GenericWebApplicationContext@6303e730
2026-07-23 08:49:32 [main] INFO  o.s.d.r.c.RepositoryConfigurationDelegate - Bootstrapping Spring Data JPA repositories in DEFAULT mode.
2026-07-23 08:49:32 [main] INFO  o.s.d.r.c.RepositoryConfigurationDelegate - Finished Spring Data repository scanning in 32 ms. Found 6 JPA repository interfaces.
2026-07-23 08:49:32 [main] INFO  o.h.jpa.internal.util.LogHelper - HHH000204: Processing PersistenceUnitInfo [name: default]
2026-07-23 08:49:32 [main] INFO  o.h.c.i.RegionFactoryInitiator - HHH000026: Second-level cache disabled
2026-07-23 08:49:32 [main] INFO  o.s.o.j.p.SpringPersistenceUnitInfo - No LoadTimeWeaver setup: ignoring JPA class transformer
2026-07-23 08:49:32 [main] INFO  com.zaxxer.hikari.HikariDataSource - HikariPool-6 - Starting...
2026-07-23 08:49:32 [main] INFO  com.zaxxer.hikari.pool.HikariPool - HikariPool-6 - Added connection conn50: url=jdbc:h2:mem:ecommercedb user=SA
2026-07-23 08:49:32 [main] INFO  com.zaxxer.hikari.HikariDataSource - HikariPool-6 - Start completed.
2026-07-23 08:49:32 [main] WARN  org.hibernate.orm.deprecation - HHH90000025: H2Dialect does not need to be specified explicitly using 'hibernate.dialect' (remove the property setting and it will be selected by default)
2026-07-23 08:49:32 [main] INFO  o.hibernate.orm.connections.pooling - HHH10001005: Database info:
	Database JDBC URL [Connecting through datasource 'HikariDataSource (HikariPool-6)']
	Database driver: undefined/unknown
	Database version: 2.3.232
	Autocommit mode: undefined/unknown
	Isolation level: undefined/unknown
	Minimum pool size: undefined/unknown
	Maximum pool size: undefined/unknown
2026-07-23 08:49:33 [main] INFO  o.h.e.t.j.p.i.JtaPlatformInitiator - HHH000489: No JTA platform available (set 'hibernate.transaction.jta.platform' to enable JTA platform integration)
2026-07-23 08:49:33 [main] DEBUG org.hibernate.SQL - 
    drop table if exists categorias cascade 
2026-07-23 08:49:33 [main] DEBUG org.hibernate.SQL - 
    drop table if exists clientes cascade 
2026-07-23 08:49:33 [main] DEBUG org.hibernate.SQL - 
    drop table if exists itens_pedido cascade 
2026-07-23 08:49:33 [main] DEBUG org.hibernate.SQL - 
    drop table if exists pagamentos cascade 
2026-07-23 08:49:33 [main] DEBUG org.hibernate.SQL - 
    drop table if exists pedidos cascade 
2026-07-23 08:49:33 [main] DEBUG org.hibernate.SQL - 
    drop table if exists produtos cascade 
2026-07-23 08:49:33 [main] DEBUG org.hibernate.SQL - 
    drop table if exists usuarios cascade 
2026-07-23 08:49:33 [main] DEBUG org.hibernate.SQL - 
    create table categorias (
        ativo boolean not null,
        id bigint generated by default as identity,
        nome varchar(100) not null,
        descricao TEXT,
        primary key (id)
    )
2026-07-23 08:49:33 [main] DEBUG org.hibernate.SQL - 
    create table clientes (
        ativo boolean not null,
        data_atualizacao timestamp(6),
        data_criacao timestamp(6) not null,
        id bigint generated by default as identity,
        cpf varchar(11) not null unique,
        telefone varchar(20),
        email varchar(255) not null unique,
        endereco TEXT,
        nome varchar(255) not null,
        primary key (id)
    )
2026-07-23 08:49:33 [main] DEBUG org.hibernate.SQL - 
    create table itens_pedido (
        preco_unitario numeric(10,2) not null,
        quantidade integer not null,
        id bigint generated by default as identity,
        pedido_id bigint not null,
        produto_id bigint not null,
        primary key (id)
    )
2026-07-23 08:49:33 [main] DEBUG org.hibernate.SQL - 
    create table pagamentos (
        valor float(53) not null,
        data_criacao timestamp(6) not null,
        id bigint generated by default as identity,
        pedido_id bigint not null,
        metodo varchar(50) not null,
        status enum ('APROVADO','PENDENTE','RECUSADO','REEMBOLSADO') not null,
        primary key (id)
    )
2026-07-23 08:49:33 [main] DEBUG org.hibernate.SQL - 
    create table pedidos (
        total float(53) not null,
        cliente_id bigint not null,
        data_atualizacao timestamp(6),
        data_criacao timestamp(6) not null,
        id bigint generated by default as identity,
        status enum ('CANCELADO','CONFIRMADO','ENTREGUE','ENVIADO','PENDENTE') not null,
        primary key (id)
    )
2026-07-23 08:49:33 [main] DEBUG org.hibernate.SQL - 
    create table produtos (
        ativo boolean not null,
        estoque integer not null,
        preco numeric(38,2) not null,
        categoria_id bigint not null,
        id bigint generated by default as identity,
        descricao TEXT,
        nome varchar(255) not null,
        primary key (id)
    )
2026-07-23 08:49:33 [main] DEBUG org.hibernate.SQL - 
    create table usuarios (
        ativo boolean not null,
        id bigint generated by default as identity,
        email varchar(255) not null unique,
        nome varchar(255) not null,
        senha varchar(255) not null,
        papel enum ('ADMIN','USER') not null,
        primary key (id)
    )
2026-07-23 08:49:33 [main] DEBUG org.hibernate.SQL - 
    alter table if exists itens_pedido 
       add constraint FK42mycompce3b7yt3l6ukdwsxy 
       foreign key (pedido_id) 
       references pedidos
2026-07-23 08:49:33 [main] DEBUG org.hibernate.SQL - 
    alter table if exists itens_pedido 
       add constraint FKxytdlekpdaobqphujy9bmuhl 
       foreign key (produto_id) 
       references produtos
2026-07-23 08:49:33 [main] DEBUG org.hibernate.SQL - 
    alter table if exists pagamentos 
       add constraint FKb0dh6865y8h4irwdrl4ici3kl 
       foreign key (pedido_id) 
       references pedidos
2026-07-23 08:49:33 [main] DEBUG org.hibernate.SQL - 
    alter table if exists pedidos 
       add constraint FKg7202lk0hwxn04bmdl2thth5b 
       foreign key (cliente_id) 
       references clientes
2026-07-23 08:49:33 [main] DEBUG org.hibernate.SQL - 
    alter table if exists produtos 
       add constraint FK8rqw0ljwdaom34jr2t46bjtrn 
       foreign key (categoria_id) 
       references categorias
2026-07-23 08:49:33 [main] INFO  o.s.o.j.LocalContainerEntityManagerFactoryBean - Initialized JPA EntityManagerFactory for persistence unit 'default'
2026-07-23 08:49:33 [main] DEBUG o.s.w.s.m.m.a.RequestMappingHandlerMapping - 45 mappings in 'requestMappingHandlerMapping'
2026-07-23 08:49:33 [main] DEBUG o.s.w.s.h.SimpleUrlHandlerMapping - Patterns [/h2-console] in 'viewControllerHandlerMapping'
2026-07-23 08:49:33 [main] DEBUG o.s.w.s.h.SimpleUrlHandlerMapping - Patterns [/webjars/**, /**, /swagger-ui/**, /swagger-ui/*swagger-initializer.js, /webjars/*swagger-ui/**, /webjars/*swagger-ui/*swagger-initializer.js, /webjars/*swagger-ui/5.32.2/*swagger-initializer.js] in 'resourceHandlerMapping'
2026-07-23 08:49:33 [main] DEBUG o.s.s.c.a.a.c.AuthenticationConfiguration$DefaultPasswordEncoderAuthenticationManagerBuilder - No authenticationProviders and no parentAuthenticationManager defined. Returning null.
2026-07-23 08:49:33 [main] DEBUG o.s.s.web.DefaultSecurityFilterChain - Will secure any request with filters: DisableEncodeUrlFilter, WebAsyncManagerIntegrationFilter, SecurityContextHolderFilter, HeaderWriterFilter, LogoutFilter, JwtAuthenticationFilter, RequestCacheAwareFilter, SecurityContextHolderAwareRequestFilter, AnonymousAuthenticationFilter, SessionManagementFilter, ExceptionTranslationFilter, AuthorizationFilter
2026-07-23 08:49:33 [main] DEBUG o.s.w.s.m.m.a.RequestMappingHandlerAdapter - ControllerAdvice beans: 0 @ModelAttribute, 0 @InitBinder, 1 RequestBodyAdvice, 1 ResponseBodyAdvice
2026-07-23 08:49:33 [main] DEBUG o.s.w.s.m.m.a.ExceptionHandlerExceptionResolver - ControllerAdvice beans: 2 @ExceptionHandler, 1 ResponseBodyAdvice
2026-07-23 08:49:33 [main] DEBUG c.e.a.s.JwtAuthenticationFilter - Filter 'jwtAuthenticationFilter' configured for use
2026-07-23 08:49:33 [main] INFO  o.s.b.t.m.w.SpringBootMockServletContext - Initializing Spring TestDispatcherServlet ''
2026-07-23 08:49:33 [main] INFO  o.s.t.w.s.TestDispatcherServlet - Initializing Servlet ''
2026-07-23 08:49:33 [main] INFO  o.s.t.w.s.TestDispatcherServlet - Completed initialization in 0 ms
2026-07-23 08:49:33 [main] INFO  com.ecommerce.ProdutoControllerTest - Started ProdutoControllerTest in 1.007 seconds (process running for 31.249)
2026-07-23 08:49:33 [main] WARN  o.s.c.events.SpringDocAppInitializer - SpringDoc /v3/api-docs endpoint is enabled by default. To disable it in production, set the property 'springdoc.api-docs.enabled=false'
2026-07-23 08:49:33 [main] DEBUG o.s.security.web.FilterChainProxy - Securing GET /produtos
2026-07-23 08:49:33 [main] DEBUG o.s.s.w.a.AnonymousAuthenticationFilter - Set SecurityContextHolder to anonymous SecurityContext
2026-07-23 08:49:33 [main] DEBUG o.s.security.web.FilterChainProxy - Securing GET /produtos/999
2026-07-23 08:49:33 [main] DEBUG o.s.security.web.FilterChainProxy - Secured GET /produtos/999
2026-07-23 08:49:33 [main] DEBUG o.s.w.s.m.m.a.RequestMappingHandlerMapping - Mapped to com.ecommerce.api.controller.ProdutoController#obterPorId(Long)
2026-07-23 08:49:33 [main] INFO  c.e.api.controller.ProdutoController - GET /api/produtos/999
2026-07-23 08:49:33 [main] DEBUG o.s.w.s.m.m.a.ExceptionHandlerExceptionResolver - Using @ExceptionHandler com.ecommerce.api.exception.GlobalExceptionHandler#handleRecursoNaoEncontrado(RecursoNaoEncontradoException, WebRequest)
2026-07-23 08:49:33 [main] ERROR c.e.a.e.GlobalExceptionHandler - Recurso não encontrado: Produto nao encontrado com ID: 999
2026-07-23 08:49:33 [main] DEBUG o.s.w.s.m.m.a.HttpEntityMethodProcessor - Using 'application/json', given [*/*] and supported [application/json, application/*+json, application/yaml]
2026-07-23 08:49:33 [main] DEBUG o.s.w.s.m.m.a.HttpEntityMethodProcessor - Writing [ErrorResponse(timestamp=2026-07-23T08:49:33.476887200, status=404, erro=Recurso não encontrado, mens (truncated)...]
2026-07-23 08:49:33 [main] DEBUG o.s.w.s.m.m.a.ExceptionHandlerExceptionResolver - Resolved [com.ecommerce.api.exception.RecursoNaoEncontradoException: Produto nao encontrado com ID: 999]
2026-07-23 08:49:33 [main] DEBUG o.s.security.web.FilterChainProxy - Securing POST /produtos
2026-07-23 08:49:33 [main] DEBUG o.s.security.web.FilterChainProxy - Secured POST /produtos
2026-07-23 08:49:33 [main] DEBUG o.s.w.s.m.m.a.RequestMappingHandlerMapping - Mapped to com.ecommerce.api.controller.ProdutoController#criar(ProdutoDTO)
2026-07-23 08:49:33 [main] DEBUG o.s.w.s.m.m.a.RequestResponseBodyMethodProcessor - Read "application/json;charset=UTF-8" to [ProdutoDTO(id=1, nome=Notebook Dell, descricao=Notebook 15 polegadas, preco=3500.00, estoque=10, cat (truncated)...]
2026-07-23 08:49:33 [main] INFO  c.e.api.controller.ProdutoController - POST /api/produtos - Criando produto: Notebook Dell
2026-07-23 08:49:33 [main] DEBUG o.s.w.s.m.m.a.HttpEntityMethodProcessor - Using 'application/json', given [*/*] and supported [application/json, application/*+json, application/yaml]
2026-07-23 08:49:33 [main] DEBUG o.s.w.s.m.m.a.HttpEntityMethodProcessor - Writing [ProdutoDTO(id=1, nome=Notebook Dell, descricao=Notebook 15 polegadas, preco=3500.00, estoque=10, cat (truncated)...]
2026-07-23 08:49:33 [main] DEBUG o.s.security.web.FilterChainProxy - Securing PATCH /produtos/1/estoque/aumentar
2026-07-23 08:49:33 [main] DEBUG o.s.security.web.FilterChainProxy - Secured PATCH /produtos/1/estoque/aumentar
2026-07-23 08:49:33 [main] DEBUG o.s.w.s.m.m.a.RequestMappingHandlerMapping - Mapped to com.ecommerce.api.controller.ProdutoController#aumentarEstoque(Long, Integer)
2026-07-23 08:49:33 [main] INFO  c.e.api.controller.ProdutoController - PATCH /api/produtos/1/estoque/aumentar?quantidade=5
2026-07-23 08:49:33 [main] DEBUG o.s.w.s.m.m.a.HttpEntityMethodProcessor - Using 'application/json', given [*/*] and supported [application/json, application/*+json, application/yaml]
2026-07-23 08:49:33 [main] DEBUG o.s.w.s.m.m.a.HttpEntityMethodProcessor - Writing [15]
2026-07-23 08:49:33 [main] DEBUG o.s.security.web.FilterChainProxy - Securing PATCH /produtos/1/estoque/diminuir
2026-07-23 08:49:33 [main] DEBUG o.s.security.web.FilterChainProxy - Secured PATCH /produtos/1/estoque/diminuir
2026-07-23 08:49:33 [main] DEBUG o.s.w.s.m.m.a.RequestMappingHandlerMapping - Mapped to com.ecommerce.api.controller.ProdutoController#diminuirEstoque(Long, Integer)
2026-07-23 08:49:33 [main] INFO  c.e.api.controller.ProdutoController - PATCH /api/produtos/1/estoque/diminuir?quantidade=5
2026-07-23 08:49:33 [main] DEBUG o.s.w.s.m.m.a.HttpEntityMethodProcessor - Using 'application/json', given [*/*] and supported [application/json, application/*+json, application/yaml]
2026-07-23 08:49:33 [main] DEBUG o.s.w.s.m.m.a.HttpEntityMethodProcessor - Writing [5]
2026-07-23 08:49:33 [main] DEBUG o.s.security.web.FilterChainProxy - Securing GET /produtos/1
2026-07-23 08:49:33 [main] DEBUG o.s.security.web.FilterChainProxy - Secured GET /produtos/1
2026-07-23 08:49:33 [main] DEBUG o.s.w.s.m.m.a.RequestMappingHandlerMapping - Mapped to com.ecommerce.api.controller.ProdutoController#obterPorId(Long)
2026-07-23 08:49:33 [main] INFO  c.e.api.controller.ProdutoController - GET /api/produtos/1
2026-07-23 08:49:33 [main] DEBUG o.s.w.s.m.m.a.HttpEntityMethodProcessor - Using 'application/json', given [*/*] and supported [application/json, application/*+json, application/yaml]
2026-07-23 08:49:33 [main] DEBUG o.s.w.s.m.m.a.HttpEntityMethodProcessor - Writing [ProdutoDTO(id=1, nome=Notebook Dell, descricao=Notebook 15 polegadas, preco=3500.00, estoque=10, cat (truncated)...]
2026-07-23 08:49:33 [main] DEBUG o.s.security.web.FilterChainProxy - Securing PUT /produtos/1
2026-07-23 08:49:33 [main] DEBUG o.s.security.web.FilterChainProxy - Secured PUT /produtos/1
2026-07-23 08:49:33 [main] DEBUG o.s.w.s.m.m.a.RequestMappingHandlerMapping - Mapped to com.ecommerce.api.controller.ProdutoController#atualizar(Long, ProdutoDTO)
2026-07-23 08:49:33 [main] DEBUG o.s.w.s.m.m.a.RequestResponseBodyMethodProcessor - Read "application/json;charset=UTF-8" to [ProdutoDTO(id=1, nome=Notebook Dell, descricao=Notebook 15 polegadas, preco=3500.00, estoque=10, cat (truncated)...]
2026-07-23 08:49:33 [main] INFO  c.e.api.controller.ProdutoController - PUT /api/produtos/1 - Atualizando produto
2026-07-23 08:49:33 [main] DEBUG o.s.w.s.m.m.a.HttpEntityMethodProcessor - Using 'application/json', given [*/*] and supported [application/json, application/*+json, application/yaml]
2026-07-23 08:49:33 [main] DEBUG o.s.w.s.m.m.a.HttpEntityMethodProcessor - Writing [ProdutoDTO(id=1, nome=Notebook Dell, descricao=Notebook 15 polegadas, preco=3500.00, estoque=10, cat (truncated)...]
2026-07-23 08:49:33 [main] DEBUG o.s.security.web.FilterChainProxy - Securing DELETE /produtos/1
2026-07-23 08:49:33 [main] DEBUG o.s.security.web.FilterChainProxy - Secured DELETE /produtos/1
2026-07-23 08:49:33 [main] DEBUG o.s.w.s.m.m.a.RequestMappingHandlerMapping - Mapped to com.ecommerce.api.controller.ProdutoController#deletar(Long)
2026-07-23 08:49:33 [main] INFO  c.e.api.controller.ProdutoController - DELETE /api/produtos/1
2026-07-23 08:49:33 [main] DEBUG o.s.w.s.m.m.a.HttpEntityMethodProcessor - Using 'application/json', given [*/*] and supported [application/json, application/*+json, application/yaml]
2026-07-23 08:49:33 [main] DEBUG o.s.w.s.m.m.a.HttpEntityMethodProcessor - Nothing to write: null body
2026-07-23 08:49:33 [main] DEBUG o.s.security.web.FilterChainProxy - Securing GET /produtos/todos
2026-07-23 08:49:33 [main] DEBUG o.s.security.web.FilterChainProxy - Secured GET /produtos/todos
2026-07-23 08:49:33 [main] DEBUG o.s.w.s.m.m.a.RequestMappingHandlerMapping - Mapped to com.ecommerce.api.controller.ProdutoController#listarTodos()
2026-07-23 08:49:33 [main] INFO  c.e.api.controller.ProdutoController - GET /api/produtos/todos
2026-07-23 08:49:33 [main] DEBUG o.s.w.s.m.m.a.HttpEntityMethodProcessor - Using 'application/json', given [*/*] and supported [application/json, application/*+json, application/yaml]
2026-07-23 08:49:33 [main] DEBUG o.s.w.s.m.m.a.HttpEntityMethodProcessor - Writing [[ProdutoDTO(id=1, nome=Notebook Dell, descricao=Notebook 15 polegadas, preco=3500.00, estoque=10, ca (truncated)...]
2026-07-23 08:49:33 [main] INFO  o.s.t.c.s.AnnotationConfigContextLoaderUtils - Could not detect default configuration classes for test class [com.ecommerce.ProdutoServiceTest]: ProdutoServiceTest does not declare any static, non-private, non-final, nested classes annotated with @Configuration.
2026-07-23 08:49:33 [main] INFO  o.s.b.t.c.SpringBootTestContextBootstrapper - Found @SpringBootConfiguration com.ecommerce.Application for test class com.ecommerce.ProdutoServiceTest
2026-07-23 08:49:33 [main] INFO  o.s.b.d.r.RestartApplicationListener - Restart disabled due to context in which it is running
2026-07-23 08:49:33 [main] INFO  com.ecommerce.ProdutoServiceTest - Starting ProdutoServiceTest using Java 25.0.2 with PID 16100 (started by PabloBezerradaSilva in C:\Users\PabloBezerradaSilva\Documents\Java\fourcamp26-pablosilva\ecommerce-api)
2026-07-23 08:49:33 [main] DEBUG com.ecommerce.ProdutoServiceTest - Running with Spring Boot v3.5.16, Spring v6.2.19
2026-07-23 08:49:33 [main] INFO  com.ecommerce.ProdutoServiceTest - No active profile set, falling back to 1 default profile: "default"
2026-07-23 08:49:33 [main] DEBUG o.s.w.c.s.GenericWebApplicationContext - Refreshing org.springframework.web.context.support.GenericWebApplicationContext@31255297
2026-07-23 08:49:34 [main] INFO  o.s.d.r.c.RepositoryConfigurationDelegate - Bootstrapping Spring Data JPA repositories in DEFAULT mode.
2026-07-23 08:49:34 [main] INFO  o.s.d.r.c.RepositoryConfigurationDelegate - Finished Spring Data repository scanning in 33 ms. Found 6 JPA repository interfaces.
2026-07-23 08:49:34 [main] INFO  o.h.jpa.internal.util.LogHelper - HHH000204: Processing PersistenceUnitInfo [name: default]
2026-07-23 08:49:34 [main] INFO  o.h.c.i.RegionFactoryInitiator - HHH000026: Second-level cache disabled
2026-07-23 08:49:34 [main] INFO  o.s.o.j.p.SpringPersistenceUnitInfo - No LoadTimeWeaver setup: ignoring JPA class transformer
2026-07-23 08:49:34 [main] INFO  com.zaxxer.hikari.HikariDataSource - HikariPool-7 - Starting...
2026-07-23 08:49:34 [main] INFO  com.zaxxer.hikari.pool.HikariPool - HikariPool-7 - Added connection conn60: url=jdbc:h2:mem:ecommercedb user=SA
2026-07-23 08:49:34 [main] INFO  com.zaxxer.hikari.HikariDataSource - HikariPool-7 - Start completed.
2026-07-23 08:49:34 [main] WARN  org.hibernate.orm.deprecation - HHH90000025: H2Dialect does not need to be specified explicitly using 'hibernate.dialect' (remove the property setting and it will be selected by default)
2026-07-23 08:49:34 [main] INFO  o.hibernate.orm.connections.pooling - HHH10001005: Database info:
	Database JDBC URL [Connecting through datasource 'HikariDataSource (HikariPool-7)']
	Database driver: undefined/unknown
	Database version: 2.3.232
	Autocommit mode: undefined/unknown
	Isolation level: undefined/unknown
	Minimum pool size: undefined/unknown
	Maximum pool size: undefined/unknown
2026-07-23 08:49:34 [main] INFO  o.h.e.t.j.p.i.JtaPlatformInitiator - HHH000489: No JTA platform available (set 'hibernate.transaction.jta.platform' to enable JTA platform integration)
2026-07-23 08:49:34 [main] DEBUG org.hibernate.SQL - 
    drop table if exists categorias cascade 
2026-07-23 08:49:34 [main] DEBUG org.hibernate.SQL - 
    drop table if exists clientes cascade 
2026-07-23 08:49:34 [main] DEBUG org.hibernate.SQL - 
    drop table if exists itens_pedido cascade 
2026-07-23 08:49:34 [main] DEBUG org.hibernate.SQL - 
    drop table if exists pagamentos cascade 
2026-07-23 08:49:34 [main] DEBUG org.hibernate.SQL - 
    drop table if exists pedidos cascade 
2026-07-23 08:49:34 [main] DEBUG org.hibernate.SQL - 
    drop table if exists produtos cascade 
2026-07-23 08:49:34 [main] DEBUG org.hibernate.SQL - 
    drop table if exists usuarios cascade 
2026-07-23 08:49:34 [main] DEBUG org.hibernate.SQL - 
    create table categorias (
        ativo boolean not null,
        id bigint generated by default as identity,
        nome varchar(100) not null,
        descricao TEXT,
        primary key (id)
    )
2026-07-23 08:49:34 [main] DEBUG org.hibernate.SQL - 
    create table clientes (
        ativo boolean not null,
        data_atualizacao timestamp(6),
        data_criacao timestamp(6) not null,
        id bigint generated by default as identity,
        cpf varchar(11) not null unique,
        telefone varchar(20),
        email varchar(255) not null unique,
        endereco TEXT,
        nome varchar(255) not null,
        primary key (id)
    )
2026-07-23 08:49:34 [main] DEBUG org.hibernate.SQL - 
    create table itens_pedido (
        preco_unitario numeric(10,2) not null,
        quantidade integer not null,
        id bigint generated by default as identity,
        pedido_id bigint not null,
        produto_id bigint not null,
        primary key (id)
    )
2026-07-23 08:49:34 [main] DEBUG org.hibernate.SQL - 
    create table pagamentos (
        valor float(53) not null,
        data_criacao timestamp(6) not null,
        id bigint generated by default as identity,
        pedido_id bigint not null,
        metodo varchar(50) not null,
        status enum ('APROVADO','PENDENTE','RECUSADO','REEMBOLSADO') not null,
        primary key (id)
    )
2026-07-23 08:49:34 [main] DEBUG org.hibernate.SQL - 
    create table pedidos (
        total float(53) not null,
        cliente_id bigint not null,
        data_atualizacao timestamp(6),
        data_criacao timestamp(6) not null,
        id bigint generated by default as identity,
        status enum ('CANCELADO','CONFIRMADO','ENTREGUE','ENVIADO','PENDENTE') not null,
        primary key (id)
    )
2026-07-23 08:49:34 [main] DEBUG org.hibernate.SQL - 
    create table produtos (
        ativo boolean not null,
        estoque integer not null,
        preco numeric(38,2) not null,
        categoria_id bigint not null,
        id bigint generated by default as identity,
        descricao TEXT,
        nome varchar(255) not null,
        primary key (id)
    )
2026-07-23 08:49:34 [main] DEBUG org.hibernate.SQL - 
    create table usuarios (
        ativo boolean not null,
        id bigint generated by default as identity,
        email varchar(255) not null unique,
        nome varchar(255) not null,
        senha varchar(255) not null,
        papel enum ('ADMIN','USER') not null,
        primary key (id)
    )
2026-07-23 08:49:34 [main] DEBUG org.hibernate.SQL - 
    alter table if exists itens_pedido 
       add constraint FK42mycompce3b7yt3l6ukdwsxy 
       foreign key (pedido_id) 
       references pedidos
2026-07-23 08:49:34 [main] DEBUG org.hibernate.SQL - 
    alter table if exists itens_pedido 
       add constraint FKxytdlekpdaobqphujy9bmuhl 
       foreign key (produto_id) 
       references produtos
2026-07-23 08:49:34 [main] DEBUG org.hibernate.SQL - 
    alter table if exists pagamentos 
       add constraint FKb0dh6865y8h4irwdrl4ici3kl 
       foreign key (pedido_id) 
       references pedidos
2026-07-23 08:49:34 [main] DEBUG org.hibernate.SQL - 
    alter table if exists pedidos 
       add constraint FKg7202lk0hwxn04bmdl2thth5b 
       foreign key (cliente_id) 
       references clientes
2026-07-23 08:49:34 [main] DEBUG org.hibernate.SQL - 
    alter table if exists produtos 
       add constraint FK8rqw0ljwdaom34jr2t46bjtrn 
       foreign key (categoria_id) 
       references categorias
2026-07-23 08:49:34 [main] INFO  o.s.o.j.LocalContainerEntityManagerFactoryBean - Initialized JPA EntityManagerFactory for persistence unit 'default'
2026-07-23 08:49:34 [main] DEBUG o.s.w.s.m.m.a.RequestMappingHandlerMapping - 45 mappings in 'requestMappingHandlerMapping'
2026-07-23 08:49:34 [main] DEBUG o.s.w.s.h.SimpleUrlHandlerMapping - Patterns [/h2-console] in 'viewControllerHandlerMapping'
2026-07-23 08:49:34 [main] DEBUG o.s.w.s.h.SimpleUrlHandlerMapping - Patterns [/webjars/**, /**, /swagger-ui/**, /swagger-ui/*swagger-initializer.js, /webjars/*swagger-ui/**, /webjars/*swagger-ui/*swagger-initializer.js, /webjars/*swagger-ui/5.32.2/*swagger-initializer.js] in 'resourceHandlerMapping'
2026-07-23 08:49:34 [main] DEBUG o.s.s.c.a.a.c.AuthenticationConfiguration$DefaultPasswordEncoderAuthenticationManagerBuilder - No authenticationProviders and no parentAuthenticationManager defined. Returning null.
2026-07-23 08:49:34 [main] DEBUG o.s.s.web.DefaultSecurityFilterChain - Will secure any request with filters: DisableEncodeUrlFilter, WebAsyncManagerIntegrationFilter, SecurityContextHolderFilter, HeaderWriterFilter, LogoutFilter, JwtAuthenticationFilter, RequestCacheAwareFilter, SecurityContextHolderAwareRequestFilter, AnonymousAuthenticationFilter, SessionManagementFilter, ExceptionTranslationFilter, AuthorizationFilter
2026-07-23 08:49:34 [main] DEBUG o.s.w.s.m.m.a.RequestMappingHandlerAdapter - ControllerAdvice beans: 0 @ModelAttribute, 0 @InitBinder, 1 RequestBodyAdvice, 1 ResponseBodyAdvice
2026-07-23 08:49:34 [main] DEBUG o.s.w.s.m.m.a.ExceptionHandlerExceptionResolver - ControllerAdvice beans: 2 @ExceptionHandler, 1 ResponseBodyAdvice
2026-07-23 08:49:34 [main] INFO  com.ecommerce.ProdutoServiceTest - Started ProdutoServiceTest in 0.946 seconds (process running for 32.449)
2026-07-23 08:49:34 [main] WARN  o.s.c.events.SpringDocAppInitializer - SpringDoc /v3/api-docs endpoint is enabled by default. To disable it in production, set the property 'springdoc.api-docs.enabled=false'
2026-07-23 08:49:34 [main] DEBUG org.hibernate.SQL - 
    /* insert for
        com.ecommerce.api.model.Categoria */insert 
    into
        categorias (ativo, descricao, nome, id) 
    values
        (?, ?, ?, default)
2026-07-23 08:49:34 [main] DEBUG org.hibernate.SQL - 
    /* insert for
        com.ecommerce.api.model.Produto */insert 
    into
        produtos (ativo, categoria_id, descricao, estoque, nome, preco, id) 
    values
        (?, ?, ?, ?, ?, ?, default)
2026-07-23 08:49:34 [main] INFO  c.e.api.service.ProdutoService - Aumentando estoque do produto 1 em 5 unidades
2026-07-23 08:49:34 [main] DEBUG org.hibernate.SQL - 
    select
        p1_0.id,
        p1_0.ativo,
        p1_0.categoria_id,
        c1_0.id,
        c1_0.ativo,
        c1_0.descricao,
        c1_0.nome,
        p1_0.descricao,
        p1_0.estoque,
        p1_0.nome,
        p1_0.preco 
    from
        produtos p1_0 
    join
        categorias c1_0 
            on c1_0.id=p1_0.categoria_id 
    where
        p1_0.id=?
2026-07-23 08:49:34 [main] DEBUG c.e.api.service.ProdutoService - Estoque aumentado com sucesso. Novo estoque: 15
2026-07-23 08:49:34 [main] DEBUG org.hibernate.SQL - 
    /* update
        for com.ecommerce.api.model.Produto */update produtos 
    set
        ativo=?,
        categoria_id=?,
        descricao=?,
        estoque=?,
        nome=?,
        preco=? 
    where
        id=?
2026-07-23 08:49:34 [main] DEBUG org.hibernate.SQL - 
    /* insert for
        com.ecommerce.api.model.Categoria */insert 
    into
        categorias (ativo, descricao, nome, id) 
    values
        (?, ?, ?, default)
2026-07-23 08:49:34 [main] DEBUG org.hibernate.SQL - 
    /* insert for
        com.ecommerce.api.model.Produto */insert 
    into
        produtos (ativo, categoria_id, descricao, estoque, nome, preco, id) 
    values
        (?, ?, ?, ?, ?, ?, default)
2026-07-23 08:49:34 [main] INFO  c.e.api.service.ProdutoService - Diminuindo estoque do produto 2 em 3 unidades
2026-07-23 08:49:34 [main] DEBUG org.hibernate.SQL - 
    select
        p1_0.id,
        p1_0.ativo,
        p1_0.categoria_id,
        c1_0.id,
        c1_0.ativo,
        c1_0.descricao,
        c1_0.nome,
        p1_0.descricao,
        p1_0.estoque,
        p1_0.nome,
        p1_0.preco 
    from
        produtos p1_0 
    join
        categorias c1_0 
            on c1_0.id=p1_0.categoria_id 
    where
        p1_0.id=?
2026-07-23 08:49:34 [main] DEBUG c.e.api.service.ProdutoService - Estoque diminuído com sucesso. Novo estoque: 7
2026-07-23 08:49:34 [main] DEBUG org.hibernate.SQL - 
    /* update
        for com.ecommerce.api.model.Produto */update produtos 
    set
        ativo=?,
        categoria_id=?,
        descricao=?,
        estoque=?,
        nome=?,
        preco=? 
    where
        id=?
2026-07-23 08:49:34 [main] DEBUG org.hibernate.SQL - 
    /* insert for
        com.ecommerce.api.model.Categoria */insert 
    into
        categorias (ativo, descricao, nome, id) 
    values
        (?, ?, ?, default)
2026-07-23 08:49:34 [main] DEBUG org.hibernate.SQL - 
    /* insert for
        com.ecommerce.api.model.Produto */insert 
    into
        produtos (ativo, categoria_id, descricao, estoque, nome, preco, id) 
    values
        (?, ?, ?, ?, ?, ?, default)
2026-07-23 08:49:34 [main] INFO  c.e.api.service.ProdutoService - Diminuindo estoque do produto 3 em 15 unidades
2026-07-23 08:49:34 [main] DEBUG org.hibernate.SQL - 
    select
        p1_0.id,
        p1_0.ativo,
        p1_0.categoria_id,
        c1_0.id,
        c1_0.ativo,
        c1_0.descricao,
        c1_0.nome,
        p1_0.descricao,
        p1_0.estoque,
        p1_0.nome,
        p1_0.preco 
    from
        produtos p1_0 
    join
        categorias c1_0 
            on c1_0.id=p1_0.categoria_id 
    where
        p1_0.id=?
2026-07-23 08:49:34 [main] WARN  c.e.api.service.ProdutoService - Estoque insuficiente para produto 3: disponível 10, solicitado 15
2026-07-23 08:49:35 [main] WARN  c.e.api.service.UsuarioService - Tentativa de login com email não encontrado: naoexiste@teste.com
2026-07-23 08:49:35 [main] WARN  c.e.api.service.UsuarioService - Tentativa de registro com email já existente: usuario@teste.com
2026-07-23 08:49:35 [main] INFO  c.e.api.service.UsuarioService - Login realizado com sucesso: usuario@teste.com
2026-07-23 08:49:35 [main] WARN  c.e.api.service.UsuarioService - Tentativa de login com senha incorreta: usuario@teste.com
2026-07-23 08:49:35 [main] INFO  c.e.api.service.UsuarioService - Novo usuário registrado: usuario@teste.com
2026-07-23 08:49:35 [main] INFO  c.e.api.service.UsuarioService - Usuário atualizado: usuario@teste.com
2026-07-23 08:49:35 [main] INFO  c.e.api.service.UsuarioService - Usuário deletado com ID: 1
2026-07-23 08:49:35 [SpringApplicationShutdownHook] DEBUG o.s.w.c.s.GenericWebApplicationContext - Closing org.springframework.web.context.support.GenericWebApplicationContext@6d7b2319, started on Thu Jul 23 08:49:08 GMT-03:00 2026
2026-07-23 08:49:36 [SpringApplicationShutdownHook] INFO  o.s.o.j.LocalContainerEntityManagerFactoryBean - Closing JPA EntityManagerFactory for persistence unit 'default'
2026-07-23 08:49:36 [SpringApplicationShutdownHook] DEBUG org.hibernate.SQL - 
    drop table if exists categorias cascade 
2026-07-23 08:49:36 [SpringApplicationShutdownHook] DEBUG org.hibernate.SQL - 
    drop table if exists clientes cascade 
2026-07-23 08:49:36 [SpringApplicationShutdownHook] DEBUG org.hibernate.SQL - 
    drop table if exists itens_pedido cascade 
2026-07-23 08:49:36 [SpringApplicationShutdownHook] DEBUG org.hibernate.SQL - 
    drop table if exists pagamentos cascade 
2026-07-23 08:49:36 [SpringApplicationShutdownHook] DEBUG org.hibernate.SQL - 
    drop table if exists pedidos cascade 
2026-07-23 08:49:36 [SpringApplicationShutdownHook] DEBUG org.hibernate.SQL - 
    drop table if exists produtos cascade 
2026-07-23 08:49:36 [SpringApplicationShutdownHook] DEBUG org.hibernate.SQL - 
    drop table if exists usuarios cascade 
2026-07-23 08:49:36 [SpringApplicationShutdownHook] INFO  com.zaxxer.hikari.HikariDataSource - HikariPool-1 - Shutdown initiated...
2026-07-23 08:49:36 [SpringApplicationShutdownHook] INFO  com.zaxxer.hikari.HikariDataSource - HikariPool-1 - Shutdown completed.
2026-07-23 08:49:36 [SpringApplicationShutdownHook] DEBUG o.s.w.c.s.GenericWebApplicationContext - Closing org.springframework.web.context.support.GenericWebApplicationContext@4f8edb57, started on Thu Jul 23 08:49:23 GMT-03:00 2026
2026-07-23 08:49:36 [SpringApplicationShutdownHook] INFO  o.s.o.j.LocalContainerEntityManagerFactoryBean - Closing JPA EntityManagerFactory for persistence unit 'default'
2026-07-23 08:49:36 [SpringApplicationShutdownHook] DEBUG org.hibernate.SQL - 
    drop table if exists categorias cascade 
2026-07-23 08:49:36 [SpringApplicationShutdownHook] DEBUG org.hibernate.SQL - 
    drop table if exists clientes cascade 
2026-07-23 08:49:36 [SpringApplicationShutdownHook] DEBUG org.hibernate.SQL - 
    drop table if exists itens_pedido cascade 
2026-07-23 08:49:36 [SpringApplicationShutdownHook] DEBUG org.hibernate.SQL - 
    drop table if exists pagamentos cascade 
2026-07-23 08:49:36 [SpringApplicationShutdownHook] DEBUG org.hibernate.SQL - 
    drop table if exists pedidos cascade 
2026-07-23 08:49:36 [SpringApplicationShutdownHook] DEBUG org.hibernate.SQL - 
    drop table if exists produtos cascade 
2026-07-23 08:49:36 [SpringApplicationShutdownHook] DEBUG org.hibernate.SQL - 
    drop table if exists usuarios cascade 
2026-07-23 08:49:36 [SpringApplicationShutdownHook] INFO  com.zaxxer.hikari.HikariDataSource - HikariPool-2 - Shutdown initiated...
2026-07-23 08:49:36 [SpringApplicationShutdownHook] INFO  com.zaxxer.hikari.HikariDataSource - HikariPool-2 - Shutdown completed.
2026-07-23 08:49:36 [SpringApplicationShutdownHook] DEBUG o.s.w.c.s.GenericWebApplicationContext - Closing org.springframework.web.context.support.GenericWebApplicationContext@5f961ca4, started on Thu Jul 23 08:49:26 GMT-03:00 2026
2026-07-23 08:49:36 [SpringApplicationShutdownHook] INFO  o.s.o.j.LocalContainerEntityManagerFactoryBean - Closing JPA EntityManagerFactory for persistence unit 'default'
2026-07-23 08:49:36 [SpringApplicationShutdownHook] DEBUG org.hibernate.SQL - 
    drop table if exists categorias cascade 
2026-07-23 08:49:36 [SpringApplicationShutdownHook] DEBUG org.hibernate.SQL - 
    drop table if exists clientes cascade 
2026-07-23 08:49:36 [SpringApplicationShutdownHook] DEBUG org.hibernate.SQL - 
    drop table if exists itens_pedido cascade 
2026-07-23 08:49:36 [SpringApplicationShutdownHook] DEBUG org.hibernate.SQL - 
    drop table if exists pagamentos cascade 
2026-07-23 08:49:36 [SpringApplicationShutdownHook] DEBUG org.hibernate.SQL - 
    drop table if exists pedidos cascade 
2026-07-23 08:49:36 [SpringApplicationShutdownHook] DEBUG org.hibernate.SQL - 
    drop table if exists produtos cascade 
2026-07-23 08:49:36 [SpringApplicationShutdownHook] DEBUG org.hibernate.SQL - 
    drop table if exists usuarios cascade 
2026-07-23 08:49:36 [SpringApplicationShutdownHook] INFO  com.zaxxer.hikari.HikariDataSource - HikariPool-3 - Shutdown initiated...
2026-07-23 08:49:36 [SpringApplicationShutdownHook] INFO  com.zaxxer.hikari.HikariDataSource - HikariPool-3 - Shutdown completed.
2026-07-23 08:49:36 [SpringApplicationShutdownHook] DEBUG o.s.w.c.s.GenericWebApplicationContext - Closing org.springframework.web.context.support.GenericWebApplicationContext@2f03394c, started on Thu Jul 23 08:49:29 GMT-03:00 2026
2026-07-23 08:49:36 [SpringApplicationShutdownHook] INFO  o.s.o.j.LocalContainerEntityManagerFactoryBean - Closing JPA EntityManagerFactory for persistence unit 'default'
2026-07-23 08:49:36 [SpringApplicationShutdownHook] DEBUG org.hibernate.SQL - 
    drop table if exists categorias cascade 
2026-07-23 08:49:36 [SpringApplicationShutdownHook] DEBUG org.hibernate.SQL - 
    drop table if exists clientes cascade 
2026-07-23 08:49:36 [SpringApplicationShutdownHook] DEBUG org.hibernate.SQL - 
    drop table if exists itens_pedido cascade 
2026-07-23 08:49:36 [SpringApplicationShutdownHook] DEBUG org.hibernate.SQL - 
    drop table if exists pagamentos cascade 
2026-07-23 08:49:36 [SpringApplicationShutdownHook] DEBUG org.hibernate.SQL - 
    drop table if exists pedidos cascade 
2026-07-23 08:49:36 [SpringApplicationShutdownHook] DEBUG org.hibernate.SQL - 
    drop table if exists produtos cascade 
2026-07-23 08:49:36 [SpringApplicationShutdownHook] DEBUG org.hibernate.SQL - 
    drop table if exists usuarios cascade 
2026-07-23 08:49:36 [SpringApplicationShutdownHook] INFO  com.zaxxer.hikari.HikariDataSource - HikariPool-4 - Shutdown initiated...
2026-07-23 08:49:36 [SpringApplicationShutdownHook] INFO  com.zaxxer.hikari.HikariDataSource - HikariPool-4 - Shutdown completed.
2026-07-23 08:49:36 [SpringApplicationShutdownHook] DEBUG o.s.w.c.s.GenericWebApplicationContext - Closing org.springframework.web.context.support.GenericWebApplicationContext@d065a93, started on Thu Jul 23 08:49:30 GMT-03:00 2026
2026-07-23 08:49:36 [SpringApplicationShutdownHook] INFO  o.s.o.j.LocalContainerEntityManagerFactoryBean - Closing JPA EntityManagerFactory for persistence unit 'default'
2026-07-23 08:49:36 [SpringApplicationShutdownHook] DEBUG org.hibernate.SQL - 
    drop table if exists categorias cascade 
2026-07-23 08:49:36 [SpringApplicationShutdownHook] DEBUG org.hibernate.SQL - 
    drop table if exists clientes cascade 
2026-07-23 08:49:36 [SpringApplicationShutdownHook] DEBUG org.hibernate.SQL - 
    drop table if exists itens_pedido cascade 
2026-07-23 08:49:36 [SpringApplicationShutdownHook] DEBUG org.hibernate.SQL - 
    drop table if exists pagamentos cascade 
2026-07-23 08:49:36 [SpringApplicationShutdownHook] DEBUG org.hibernate.SQL - 
    drop table if exists pedidos cascade 
2026-07-23 08:49:36 [SpringApplicationShutdownHook] DEBUG org.hibernate.SQL - 
    drop table if exists produtos cascade 
2026-07-23 08:49:36 [SpringApplicationShutdownHook] DEBUG org.hibernate.SQL - 
    drop table if exists usuarios cascade 
2026-07-23 08:49:36 [SpringApplicationShutdownHook] INFO  com.zaxxer.hikari.HikariDataSource - HikariPool-5 - Shutdown initiated...
2026-07-23 08:49:36 [SpringApplicationShutdownHook] INFO  com.zaxxer.hikari.HikariDataSource - HikariPool-5 - Shutdown completed.
2026-07-23 08:49:36 [SpringApplicationShutdownHook] DEBUG o.s.w.c.s.GenericWebApplicationContext - Closing org.springframework.web.context.support.GenericWebApplicationContext@6303e730, started on Thu Jul 23 08:49:32 GMT-03:00 2026
2026-07-23 08:49:36 [SpringApplicationShutdownHook] INFO  o.s.o.j.LocalContainerEntityManagerFactoryBean - Closing JPA EntityManagerFactory for persistence unit 'default'
2026-07-23 08:49:36 [SpringApplicationShutdownHook] DEBUG org.hibernate.SQL - 
    drop table if exists categorias cascade 
2026-07-23 08:49:36 [SpringApplicationShutdownHook] DEBUG org.hibernate.SQL - 
    drop table if exists clientes cascade 
2026-07-23 08:49:36 [SpringApplicationShutdownHook] DEBUG org.hibernate.SQL - 
    drop table if exists itens_pedido cascade 
2026-07-23 08:49:36 [SpringApplicationShutdownHook] DEBUG org.hibernate.SQL - 
    drop table if exists pagamentos cascade 
2026-07-23 08:49:36 [SpringApplicationShutdownHook] DEBUG org.hibernate.SQL - 
    drop table if exists pedidos cascade 
2026-07-23 08:49:36 [SpringApplicationShutdownHook] DEBUG org.hibernate.SQL - 
    drop table if exists produtos cascade 
2026-07-23 08:49:36 [SpringApplicationShutdownHook] DEBUG org.hibernate.SQL - 
    drop table if exists usuarios cascade 
2026-07-23 08:49:36 [SpringApplicationShutdownHook] INFO  com.zaxxer.hikari.HikariDataSource - HikariPool-6 - Shutdown initiated...
2026-07-23 08:49:36 [SpringApplicationShutdownHook] INFO  com.zaxxer.hikari.HikariDataSource - HikariPool-6 - Shutdown completed.
2026-07-23 08:49:36 [SpringApplicationShutdownHook] DEBUG o.s.w.c.s.GenericWebApplicationContext - Closing org.springframework.web.context.support.GenericWebApplicationContext@31255297, started on Thu Jul 23 08:49:33 GMT-03:00 2026
2026-07-23 08:49:36 [SpringApplicationShutdownHook] INFO  o.s.o.j.LocalContainerEntityManagerFactoryBean - Closing JPA EntityManagerFactory for persistence unit 'default'
2026-07-23 08:49:36 [SpringApplicationShutdownHook] DEBUG org.hibernate.SQL - 
    drop table if exists categorias cascade 
2026-07-23 08:49:36 [SpringApplicationShutdownHook] DEBUG org.hibernate.SQL - 
    drop table if exists clientes cascade 
2026-07-23 08:49:36 [SpringApplicationShutdownHook] DEBUG org.hibernate.SQL - 
    drop table if exists itens_pedido cascade 
2026-07-23 08:49:36 [SpringApplicationShutdownHook] DEBUG org.hibernate.SQL - 
    drop table if exists pagamentos cascade 
2026-07-23 08:49:36 [SpringApplicationShutdownHook] DEBUG org.hibernate.SQL - 
    drop table if exists pedidos cascade 
2026-07-23 08:49:36 [SpringApplicationShutdownHook] DEBUG org.hibernate.SQL - 
    drop table if exists produtos cascade 
2026-07-23 08:49:36 [SpringApplicationShutdownHook] DEBUG org.hibernate.SQL - 
    drop table if exists usuarios cascade 
2026-07-23 08:49:36 [SpringApplicationShutdownHook] INFO  com.zaxxer.hikari.HikariDataSource - HikariPool-7 - Shutdown initiated...
2026-07-23 08:49:36 [SpringApplicationShutdownHook] INFO  com.zaxxer.hikari.HikariDataSource - HikariPool-7 - Shutdown completed.
2026-07-23 08:49:46 [background-preinit] INFO  o.h.validator.internal.util.Version - HV000001: Hibernate Validator 8.0.3.Final
2026-07-23 08:49:46 [main] INFO  com.ecommerce.AuthenticationIT - Starting AuthenticationIT using Java 25.0.2 with PID 13688 (started by PabloBezerradaSilva in C:\Users\PabloBezerradaSilva\Documents\Java\fourcamp26-pablosilva\ecommerce-api)
2026-07-23 08:49:46 [main] DEBUG com.ecommerce.AuthenticationIT - Running with Spring Boot v3.5.16, Spring v6.2.19
2026-07-23 08:49:46 [main] INFO  com.ecommerce.AuthenticationIT - No active profile set, falling back to 1 default profile: "default"
2026-07-23 08:49:49 [main] INFO  o.s.d.r.c.RepositoryConfigurationDelegate - Bootstrapping Spring Data JPA repositories in DEFAULT mode.
2026-07-23 08:49:49 [main] INFO  o.s.d.r.c.RepositoryConfigurationDelegate - Finished Spring Data repository scanning in 224 ms. Found 6 JPA repository interfaces.
2026-07-23 08:49:51 [main] INFO  o.s.b.w.e.tomcat.TomcatWebServer - Tomcat initialized with port 0 (http)
2026-07-23 08:49:51 [main] INFO  o.a.coyote.http11.Http11NioProtocol - Initializing ProtocolHandler ["http-nio-auto-1"]
2026-07-23 08:49:51 [main] INFO  o.a.catalina.core.StandardService - Starting service [Tomcat]
2026-07-23 08:49:51 [main] INFO  o.a.catalina.core.StandardEngine - Starting Servlet engine: [Apache Tomcat/10.1.55]
2026-07-23 08:49:51 [main] INFO  o.a.c.c.C.[.[localhost].[/api] - Initializing Spring embedded WebApplicationContext
2026-07-23 08:49:51 [main] INFO  o.s.b.w.s.c.ServletWebServerApplicationContext - Root WebApplicationContext: initialization completed in 4346 ms
2026-07-23 08:49:51 [main] DEBUG c.e.a.s.JwtAuthenticationFilter - Filter 'jwtAuthenticationFilter' configured for use
2026-07-23 08:49:51 [main] INFO  o.h.jpa.internal.util.LogHelper - HHH000204: Processing PersistenceUnitInfo [name: default]
2026-07-23 08:49:51 [main] INFO  org.hibernate.Version - HHH000412: Hibernate ORM core version 6.6.53.Final
2026-07-23 08:49:52 [main] INFO  o.h.c.i.RegionFactoryInitiator - HHH000026: Second-level cache disabled
2026-07-23 08:49:52 [main] INFO  o.s.o.j.p.SpringPersistenceUnitInfo - No LoadTimeWeaver setup: ignoring JPA class transformer
2026-07-23 08:49:52 [main] INFO  com.zaxxer.hikari.HikariDataSource - HikariPool-1 - Starting...
2026-07-23 08:49:53 [main] INFO  com.zaxxer.hikari.pool.HikariPool - HikariPool-1 - Added connection conn0: url=jdbc:h2:mem:ecommercedb user=SA
2026-07-23 08:49:53 [main] INFO  com.zaxxer.hikari.HikariDataSource - HikariPool-1 - Start completed.
2026-07-23 08:49:53 [main] WARN  org.hibernate.orm.deprecation - HHH90000025: H2Dialect does not need to be specified explicitly using 'hibernate.dialect' (remove the property setting and it will be selected by default)
2026-07-23 08:49:53 [main] INFO  o.hibernate.orm.connections.pooling - HHH10001005: Database info:
	Database JDBC URL [Connecting through datasource 'HikariDataSource (HikariPool-1)']
	Database driver: undefined/unknown
	Database version: 2.3.232
	Autocommit mode: undefined/unknown
	Isolation level: undefined/unknown
	Minimum pool size: undefined/unknown
	Maximum pool size: undefined/unknown
2026-07-23 08:49:55 [main] INFO  o.h.e.t.j.p.i.JtaPlatformInitiator - HHH000489: No JTA platform available (set 'hibernate.transaction.jta.platform' to enable JTA platform integration)
2026-07-23 08:49:56 [main] DEBUG org.hibernate.SQL - 
    drop table if exists categorias cascade 
2026-07-23 08:49:56 [main] DEBUG org.hibernate.SQL - 
    drop table if exists clientes cascade 
2026-07-23 08:49:56 [main] DEBUG org.hibernate.SQL - 
    drop table if exists itens_pedido cascade 
2026-07-23 08:49:56 [main] DEBUG org.hibernate.SQL - 
    drop table if exists pagamentos cascade 
2026-07-23 08:49:56 [main] DEBUG org.hibernate.SQL - 
    drop table if exists pedidos cascade 
2026-07-23 08:49:56 [main] DEBUG org.hibernate.SQL - 
    drop table if exists produtos cascade 
2026-07-23 08:49:56 [main] DEBUG org.hibernate.SQL - 
    drop table if exists usuarios cascade 
2026-07-23 08:49:56 [main] DEBUG org.hibernate.SQL - 
    create table categorias (
        ativo boolean not null,
        id bigint generated by default as identity,
        nome varchar(100) not null,
        descricao TEXT,
        primary key (id)
    )
2026-07-23 08:49:56 [main] DEBUG org.hibernate.SQL - 
    create table clientes (
        ativo boolean not null,
        data_atualizacao timestamp(6),
        data_criacao timestamp(6) not null,
        id bigint generated by default as identity,
        cpf varchar(11) not null unique,
        telefone varchar(20),
        email varchar(255) not null unique,
        endereco TEXT,
        nome varchar(255) not null,
        primary key (id)
    )
2026-07-23 08:49:56 [main] DEBUG org.hibernate.SQL - 
    create table itens_pedido (
        preco_unitario numeric(10,2) not null,
        quantidade integer not null,
        id bigint generated by default as identity,
        pedido_id bigint not null,
        produto_id bigint not null,
        primary key (id)
    )
2026-07-23 08:49:56 [main] DEBUG org.hibernate.SQL - 
    create table pagamentos (
        valor float(53) not null,
        data_criacao timestamp(6) not null,
        id bigint generated by default as identity,
        pedido_id bigint not null,
        metodo varchar(50) not null,
        status enum ('APROVADO','PENDENTE','RECUSADO','REEMBOLSADO') not null,
        primary key (id)
    )
2026-07-23 08:49:56 [main] DEBUG org.hibernate.SQL - 
    create table pedidos (
        total float(53) not null,
        cliente_id bigint not null,
        data_atualizacao timestamp(6),
        data_criacao timestamp(6) not null,
        id bigint generated by default as identity,
        status enum ('CANCELADO','CONFIRMADO','ENTREGUE','ENVIADO','PENDENTE') not null,
        primary key (id)
    )
2026-07-23 08:49:56 [main] DEBUG org.hibernate.SQL - 
    create table produtos (
        ativo boolean not null,
        estoque integer not null,
        preco numeric(38,2) not null,
        categoria_id bigint not null,
        id bigint generated by default as identity,
        descricao TEXT,
        nome varchar(255) not null,
        primary key (id)
    )
2026-07-23 08:49:56 [main] DEBUG org.hibernate.SQL - 
    create table usuarios (
        ativo boolean not null,
        id bigint generated by default as identity,
        email varchar(255) not null unique,
        nome varchar(255) not null,
        senha varchar(255) not null,
        papel enum ('ADMIN','USER') not null,
        primary key (id)
    )
2026-07-23 08:49:56 [main] DEBUG org.hibernate.SQL - 
    alter table if exists itens_pedido 
       add constraint FK42mycompce3b7yt3l6ukdwsxy 
       foreign key (pedido_id) 
       references pedidos
2026-07-23 08:49:56 [main] DEBUG org.hibernate.SQL - 
    alter table if exists itens_pedido 
       add constraint FKxytdlekpdaobqphujy9bmuhl 
       foreign key (produto_id) 
       references produtos
2026-07-23 08:49:56 [main] DEBUG org.hibernate.SQL - 
    alter table if exists pagamentos 
       add constraint FKb0dh6865y8h4irwdrl4ici3kl 
       foreign key (pedido_id) 
       references pedidos
2026-07-23 08:49:56 [main] DEBUG org.hibernate.SQL - 
    alter table if exists pedidos 
       add constraint FKg7202lk0hwxn04bmdl2thth5b 
       foreign key (cliente_id) 
       references clientes
2026-07-23 08:49:56 [main] DEBUG org.hibernate.SQL - 
    alter table if exists produtos 
       add constraint FK8rqw0ljwdaom34jr2t46bjtrn 
       foreign key (categoria_id) 
       references categorias
2026-07-23 08:49:56 [main] INFO  o.s.o.j.LocalContainerEntityManagerFactoryBean - Initialized JPA EntityManagerFactory for persistence unit 'default'
2026-07-23 08:49:57 [main] DEBUG o.s.w.s.m.m.a.RequestMappingHandlerMapping - 45 mappings in 'requestMappingHandlerMapping'
2026-07-23 08:49:57 [main] DEBUG o.s.w.s.h.SimpleUrlHandlerMapping - Patterns [/h2-console] in 'viewControllerHandlerMapping'
2026-07-23 08:49:57 [main] DEBUG o.s.w.s.h.SimpleUrlHandlerMapping - Patterns [/webjars/**, /**, /swagger-ui/**, /swagger-ui/*swagger-initializer.js, /webjars/*swagger-ui/**, /webjars/*swagger-ui/*swagger-initializer.js, /webjars/*swagger-ui/5.32.2/*swagger-initializer.js] in 'resourceHandlerMapping'
2026-07-23 08:49:57 [main] DEBUG o.s.s.c.a.a.c.AuthenticationConfiguration$DefaultPasswordEncoderAuthenticationManagerBuilder - No authenticationProviders and no parentAuthenticationManager defined. Returning null.
2026-07-23 08:49:57 [main] DEBUG o.s.s.web.DefaultSecurityFilterChain - Will secure any request with filters: DisableEncodeUrlFilter, WebAsyncManagerIntegrationFilter, SecurityContextHolderFilter, HeaderWriterFilter, LogoutFilter, JwtAuthenticationFilter, RequestCacheAwareFilter, SecurityContextHolderAwareRequestFilter, AnonymousAuthenticationFilter, SessionManagementFilter, ExceptionTranslationFilter, AuthorizationFilter
2026-07-23 08:49:57 [main] DEBUG o.s.w.s.m.m.a.RequestMappingHandlerAdapter - ControllerAdvice beans: 0 @ModelAttribute, 0 @InitBinder, 1 RequestBodyAdvice, 1 ResponseBodyAdvice
2026-07-23 08:49:57 [main] DEBUG o.s.w.s.m.m.a.ExceptionHandlerExceptionResolver - ControllerAdvice beans: 2 @ExceptionHandler, 1 ResponseBodyAdvice
2026-07-23 08:49:58 [main] INFO  o.a.coyote.http11.Http11NioProtocol - Starting ProtocolHandler ["http-nio-auto-1"]
2026-07-23 08:49:58 [main] INFO  o.s.b.w.e.tomcat.TomcatWebServer - Tomcat started on port 55814 (http) with context path '/api'
2026-07-23 08:49:58 [main] INFO  com.ecommerce.AuthenticationIT - Started AuthenticationIT in 13.784 seconds (process running for 17.386)
2026-07-23 08:49:58 [main] WARN  o.s.c.events.SpringDocAppInitializer - SpringDoc /v3/api-docs endpoint is enabled by default. To disable it in production, set the property 'springdoc.api-docs.enabled=false'
2026-07-23 08:50:01 [http-nio-auto-1-exec-1] INFO  o.a.c.c.C.[.[localhost].[/api] - Initializing Spring DispatcherServlet 'dispatcherServlet'
2026-07-23 08:50:01 [http-nio-auto-1-exec-1] INFO  o.s.web.servlet.DispatcherServlet - Initializing Servlet 'dispatcherServlet'
2026-07-23 08:50:01 [http-nio-auto-1-exec-1] DEBUG o.s.web.servlet.DispatcherServlet - Detected StandardServletMultipartResolver
2026-07-23 08:50:01 [http-nio-auto-1-exec-1] DEBUG o.s.web.servlet.DispatcherServlet - Detected AcceptHeaderLocaleResolver
2026-07-23 08:50:01 [http-nio-auto-1-exec-1] DEBUG o.s.web.servlet.DispatcherServlet - Detected FixedThemeResolver
2026-07-23 08:50:01 [http-nio-auto-1-exec-1] DEBUG o.s.web.servlet.DispatcherServlet - Detected org.springframework.web.servlet.view.DefaultRequestToViewNameTranslator@216c5868
2026-07-23 08:50:01 [http-nio-auto-1-exec-1] DEBUG o.s.web.servlet.DispatcherServlet - Detected org.springframework.web.servlet.support.SessionFlashMapManager@2e2ceebb
2026-07-23 08:50:01 [http-nio-auto-1-exec-1] DEBUG o.s.web.servlet.DispatcherServlet - enableLoggingRequestDetails='false': request parameters and headers will be masked to prevent unsafe logging of potentially sensitive data
2026-07-23 08:50:01 [http-nio-auto-1-exec-1] INFO  o.s.web.servlet.DispatcherServlet - Completed initialization in 2 ms
2026-07-23 08:50:01 [http-nio-auto-1-exec-1] DEBUG o.s.security.web.FilterChainProxy - Securing GET /v3/api-docs
2026-07-23 08:50:01 [http-nio-auto-1-exec-1] DEBUG o.s.s.w.a.AnonymousAuthenticationFilter - Set SecurityContextHolder to anonymous SecurityContext
2026-07-23 08:50:01 [http-nio-auto-1-exec-1] DEBUG o.s.security.web.FilterChainProxy - Secured GET /v3/api-docs
2026-07-23 08:50:01 [http-nio-auto-1-exec-1] DEBUG o.s.web.servlet.DispatcherServlet - GET "/api/v3/api-docs", parameters={}
2026-07-23 08:50:01 [http-nio-auto-1-exec-1] DEBUG o.s.w.s.m.m.a.RequestMappingHandlerMapping - Mapped to org.springdoc.webmvc.api.OpenApiWebMvcResource#openapiJson(HttpServletRequest, String, Locale)
2026-07-23 08:50:02 [http-nio-auto-1-exec-1] INFO  o.s.api.AbstractOpenApiResource - Init duration for springdoc-openapi is: 1227 ms
2026-07-23 08:50:02 [http-nio-auto-1-exec-1] DEBUG o.s.w.s.m.m.a.RequestResponseBodyMethodProcessor - Using 'application/json', given [*/*] and supported [application/json]
2026-07-23 08:50:02 [http-nio-auto-1-exec-1] DEBUG o.s.w.s.m.m.a.RequestResponseBodyMethodProcessor - Writing [{123, 34, 111, 112, 101, 110, 97, 112, 105, 34, 58, 34, 51, 46, 49, 46, 48, 34, 44, 34, 105, 110, 10 (truncated)...]
2026-07-23 08:50:02 [http-nio-auto-1-exec-1] DEBUG o.s.web.servlet.DispatcherServlet - Completed 200 OK
2026-07-23 08:50:02 [http-nio-auto-1-exec-3] DEBUG o.s.security.web.FilterChainProxy - Securing POST /auth/registrar
2026-07-23 08:50:02 [http-nio-auto-1-exec-3] DEBUG o.s.s.w.a.AnonymousAuthenticationFilter - Set SecurityContextHolder to anonymous SecurityContext
2026-07-23 08:50:02 [http-nio-auto-1-exec-3] DEBUG o.s.security.web.FilterChainProxy - Secured POST /auth/registrar
2026-07-23 08:50:02 [http-nio-auto-1-exec-3] DEBUG o.s.web.servlet.DispatcherServlet - POST "/api/auth/registrar", parameters={}
2026-07-23 08:50:02 [http-nio-auto-1-exec-3] DEBUG o.s.w.s.m.m.a.RequestMappingHandlerMapping - Mapped to com.ecommerce.api.controller.AuthController#registrar(UsuarioDTO)
2026-07-23 08:50:02 [http-nio-auto-1-exec-3] DEBUG o.s.w.s.m.m.a.RequestResponseBodyMethodProcessor - Read "application/json;charset=UTF-8" to [UsuarioDTO(id=null, email=it-senha-3b49d459-2a51-463d-b711-a6f77fb3a142@teste.com, senha=senha123, n (truncated)...]
2026-07-23 08:50:02 [http-nio-auto-1-exec-3] INFO  c.e.api.controller.AuthController - Registrando novo usuário: it-senha-3b49d459-2a51-463d-b711-a6f77fb3a142@teste.com
2026-07-23 08:50:03 [http-nio-auto-1-exec-3] DEBUG org.hibernate.SQL - 
    /* <criteria> */ select
        u1_0.id 
    from
        usuarios u1_0 
    where
        u1_0.email=? 
    fetch
        first ? rows only
2026-07-23 08:50:03 [http-nio-auto-1-exec-3] DEBUG org.hibernate.SQL - 
    /* insert for
        com.ecommerce.api.model.Usuario */insert 
    into
        usuarios (ativo, email, nome, papel, senha, id) 
    values
        (?, ?, ?, ?, ?, default)
2026-07-23 08:50:03 [http-nio-auto-1-exec-3] INFO  c.e.api.service.UsuarioService - Novo usuário registrado: it-senha-3b49d459-2a51-463d-b711-a6f77fb3a142@teste.com
2026-07-23 08:50:03 [http-nio-auto-1-exec-3] DEBUG o.s.w.s.m.m.a.HttpEntityMethodProcessor - Using 'application/json', given [*/*] and supported [application/json, application/*+json, application/yaml]
2026-07-23 08:50:03 [http-nio-auto-1-exec-3] DEBUG o.s.w.s.m.m.a.HttpEntityMethodProcessor - Writing [UsuarioDTO(id=1, email=it-senha-3b49d459-2a51-463d-b711-a6f77fb3a142@teste.com, senha=null, nome=Usu (truncated)...]
2026-07-23 08:50:03 [http-nio-auto-1-exec-3] DEBUG o.s.web.servlet.DispatcherServlet - Completed 201 CREATED
2026-07-23 08:50:03 [http-nio-auto-1-exec-2] DEBUG o.s.security.web.FilterChainProxy - Securing POST /auth/login
2026-07-23 08:50:03 [http-nio-auto-1-exec-2] DEBUG o.s.s.w.a.AnonymousAuthenticationFilter - Set SecurityContextHolder to anonymous SecurityContext
2026-07-23 08:50:03 [http-nio-auto-1-exec-2] DEBUG o.s.security.web.FilterChainProxy - Secured POST /auth/login
2026-07-23 08:50:03 [http-nio-auto-1-exec-2] DEBUG o.s.web.servlet.DispatcherServlet - POST "/api/auth/login", parameters={}
2026-07-23 08:50:03 [http-nio-auto-1-exec-2] DEBUG o.s.w.s.m.m.a.RequestMappingHandlerMapping - Mapped to com.ecommerce.api.controller.AuthController#login(LoginRequest)
2026-07-23 08:50:03 [http-nio-auto-1-exec-2] DEBUG o.s.w.s.m.m.a.RequestResponseBodyMethodProcessor - Read "application/json;charset=UTF-8" to [LoginRequest(email=it-senha-3b49d459-2a51-463d-b711-a6f77fb3a142@teste.com, senha=senhaErrada)]
2026-07-23 08:50:03 [http-nio-auto-1-exec-2] INFO  c.e.api.controller.AuthController - Login realizado para: it-senha-3b49d459-2a51-463d-b711-a6f77fb3a142@teste.com
2026-07-23 08:50:03 [http-nio-auto-1-exec-2] DEBUG org.hibernate.SQL - 
    /* <criteria> */ select
        u1_0.id,
        u1_0.ativo,
        u1_0.email,
        u1_0.nome,
        u1_0.papel,
        u1_0.senha 
    from
        usuarios u1_0 
    where
        u1_0.email=?
2026-07-23 08:50:03 [http-nio-auto-1-exec-2] WARN  c.e.api.service.UsuarioService - Tentativa de login com senha incorreta: it-senha-3b49d459-2a51-463d-b711-a6f77fb3a142@teste.com
2026-07-23 08:50:03 [http-nio-auto-1-exec-2] DEBUG o.s.w.s.m.m.a.ExceptionHandlerExceptionResolver - Using @ExceptionHandler com.ecommerce.api.exception.GlobalExceptionHandler#handleIllegalArgument(IllegalArgumentException, WebRequest)
2026-07-23 08:50:03 [http-nio-auto-1-exec-2] ERROR c.e.a.e.GlobalExceptionHandler - Argumento inválido: Senha incorreta
2026-07-23 08:50:03 [http-nio-auto-1-exec-2] DEBUG o.s.w.s.m.m.a.HttpEntityMethodProcessor - Using 'application/json', given [*/*] and supported [application/json, application/*+json, application/yaml]
2026-07-23 08:50:03 [http-nio-auto-1-exec-2] DEBUG o.s.w.s.m.m.a.HttpEntityMethodProcessor - Writing [ErrorResponse(timestamp=2026-07-23T08:50:03.672006200, status=400, erro=Argumento inválido, mensagem (truncated)...]
2026-07-23 08:50:03 [http-nio-auto-1-exec-2] DEBUG o.s.w.s.m.m.a.ExceptionHandlerExceptionResolver - Resolved [java.lang.IllegalArgumentException: Senha incorreta]
2026-07-23 08:50:03 [http-nio-auto-1-exec-2] DEBUG o.s.web.servlet.DispatcherServlet - Completed 400 BAD_REQUEST
2026-07-23 08:50:03 [http-nio-auto-1-exec-4] DEBUG o.s.security.web.FilterChainProxy - Securing POST /auth/registrar
2026-07-23 08:50:03 [http-nio-auto-1-exec-4] DEBUG o.s.s.w.a.AnonymousAuthenticationFilter - Set SecurityContextHolder to anonymous SecurityContext
2026-07-23 08:50:03 [http-nio-auto-1-exec-4] DEBUG o.s.security.web.FilterChainProxy - Secured POST /auth/registrar
2026-07-23 08:50:03 [http-nio-auto-1-exec-4] DEBUG o.s.web.servlet.DispatcherServlet - POST "/api/auth/registrar", parameters={}
2026-07-23 08:50:03 [http-nio-auto-1-exec-4] DEBUG o.s.w.s.m.m.a.RequestMappingHandlerMapping - Mapped to com.ecommerce.api.controller.AuthController#registrar(UsuarioDTO)
2026-07-23 08:50:03 [http-nio-auto-1-exec-4] DEBUG o.s.w.s.m.m.a.RequestResponseBodyMethodProcessor - Read "application/json;charset=UTF-8" to [UsuarioDTO(id=null, email=nao-e-email, senha=senha123, nome=Usuário IT, papel=USER, ativo=true)]
2026-07-23 08:50:03 [http-nio-auto-1-exec-4] DEBUG o.s.w.s.m.m.a.ExceptionHandlerExceptionResolver - Using @ExceptionHandler com.ecommerce.api.exception.GlobalExceptionHandler#handleValidationExceptions(MethodArgumentNotValidException, WebRequest)
2026-07-23 08:50:03 [http-nio-auto-1-exec-4] ERROR c.e.a.e.GlobalExceptionHandler - Erro de validação: {email=Email inválido}
2026-07-23 08:50:03 [http-nio-auto-1-exec-4] DEBUG o.s.w.s.m.m.a.HttpEntityMethodProcessor - Using 'application/json', given [*/*] and supported [application/json, application/*+json, application/yaml]
2026-07-23 08:50:03 [http-nio-auto-1-exec-4] DEBUG o.s.w.s.m.m.a.HttpEntityMethodProcessor - Writing [ErrorResponse(timestamp=2026-07-23T08:50:03.721873800, status=400, erro=Erro de validação, mensagem= (truncated)...]
2026-07-23 08:50:03 [http-nio-auto-1-exec-4] DEBUG o.s.w.s.m.m.a.ExceptionHandlerExceptionResolver - Resolved [org.springframework.web.bind.MethodArgumentNotValidException: Validation failed for argument [0] in public org.springframework.http.ResponseEntity<com.ecommerce.api.dto.UsuarioDTO> com.ecommerce.api.controller.AuthController.registrar(com.ecommerce.api.dto.UsuarioDTO): [Field error in object 'usuarioDTO' on field 'email': rejected value [nao-e-email]; codes [Email.usuarioDTO.email,Email.email,Email.java.lang.String,Email]; arguments [org.springframework.context.support.DefaultMessageSourceResolvable: codes [usuarioDTO.email,email]; arguments []; default message [email],[Ljakarta.validation.constraints.Pattern$Flag;@7353e125,.*]; default message [Email inválido]] ]
2026-07-23 08:50:03 [http-nio-auto-1-exec-4] DEBUG o.s.web.servlet.DispatcherServlet - Completed 400 BAD_REQUEST
2026-07-23 08:50:03 [http-nio-auto-1-exec-5] DEBUG o.s.security.web.FilterChainProxy - Securing POST /auth/registrar
2026-07-23 08:50:03 [http-nio-auto-1-exec-5] DEBUG o.s.s.w.a.AnonymousAuthenticationFilter - Set SecurityContextHolder to anonymous SecurityContext
2026-07-23 08:50:03 [http-nio-auto-1-exec-5] DEBUG o.s.security.web.FilterChainProxy - Secured POST /auth/registrar
2026-07-23 08:50:03 [http-nio-auto-1-exec-5] DEBUG o.s.web.servlet.DispatcherServlet - POST "/api/auth/registrar", parameters={}
2026-07-23 08:50:03 [http-nio-auto-1-exec-5] DEBUG o.s.w.s.m.m.a.RequestMappingHandlerMapping - Mapped to com.ecommerce.api.controller.AuthController#registrar(UsuarioDTO)
2026-07-23 08:50:03 [http-nio-auto-1-exec-5] DEBUG o.s.w.s.m.m.a.RequestResponseBodyMethodProcessor - Read "application/json;charset=UTF-8" to [UsuarioDTO(id=null, email=it-a7d86c40-092f-4bca-bb09-c9bc99be6911@teste.com, senha=senha123, nome=Us (truncated)...]
2026-07-23 08:50:03 [http-nio-auto-1-exec-5] INFO  c.e.api.controller.AuthController - Registrando novo usuário: it-a7d86c40-092f-4bca-bb09-c9bc99be6911@teste.com
2026-07-23 08:50:03 [http-nio-auto-1-exec-5] DEBUG org.hibernate.SQL - 
    /* <criteria> */ select
        u1_0.id 
    from
        usuarios u1_0 
    where
        u1_0.email=? 
    fetch
        first ? rows only
2026-07-23 08:50:03 [http-nio-auto-1-exec-5] DEBUG org.hibernate.SQL - 
    /* insert for
        com.ecommerce.api.model.Usuario */insert 
    into
        usuarios (ativo, email, nome, papel, senha, id) 
    values
        (?, ?, ?, ?, ?, default)
2026-07-23 08:50:03 [http-nio-auto-1-exec-5] INFO  c.e.api.service.UsuarioService - Novo usuário registrado: it-a7d86c40-092f-4bca-bb09-c9bc99be6911@teste.com
2026-07-23 08:50:03 [http-nio-auto-1-exec-5] DEBUG o.s.w.s.m.m.a.HttpEntityMethodProcessor - Using 'application/json', given [*/*] and supported [application/json, application/*+json, application/yaml]
2026-07-23 08:50:03 [http-nio-auto-1-exec-5] DEBUG o.s.w.s.m.m.a.HttpEntityMethodProcessor - Writing [UsuarioDTO(id=2, email=it-a7d86c40-092f-4bca-bb09-c9bc99be6911@teste.com, senha=null, nome=Usuário I (truncated)...]
2026-07-23 08:50:03 [http-nio-auto-1-exec-5] DEBUG o.s.web.servlet.DispatcherServlet - Completed 201 CREATED
2026-07-23 08:50:04 [http-nio-auto-1-exec-7] DEBUG o.s.security.web.FilterChainProxy - Securing POST /auth/login
2026-07-23 08:50:04 [http-nio-auto-1-exec-7] DEBUG o.s.s.w.a.AnonymousAuthenticationFilter - Set SecurityContextHolder to anonymous SecurityContext
2026-07-23 08:50:04 [http-nio-auto-1-exec-7] DEBUG o.s.security.web.FilterChainProxy - Secured POST /auth/login
2026-07-23 08:50:04 [http-nio-auto-1-exec-7] DEBUG o.s.web.servlet.DispatcherServlet - POST "/api/auth/login", parameters={}
2026-07-23 08:50:04 [http-nio-auto-1-exec-7] DEBUG o.s.w.s.m.m.a.RequestMappingHandlerMapping - Mapped to com.ecommerce.api.controller.AuthController#login(LoginRequest)
2026-07-23 08:50:04 [http-nio-auto-1-exec-7] DEBUG o.s.w.s.m.m.a.RequestResponseBodyMethodProcessor - Read "application/json;charset=UTF-8" to [LoginRequest(email=it-a7d86c40-092f-4bca-bb09-c9bc99be6911@teste.com, senha=senha123)]
2026-07-23 08:50:04 [http-nio-auto-1-exec-7] INFO  c.e.api.controller.AuthController - Login realizado para: it-a7d86c40-092f-4bca-bb09-c9bc99be6911@teste.com
2026-07-23 08:50:04 [http-nio-auto-1-exec-7] DEBUG org.hibernate.SQL - 
    /* <criteria> */ select
        u1_0.id,
        u1_0.ativo,
        u1_0.email,
        u1_0.nome,
        u1_0.papel,
        u1_0.senha 
    from
        usuarios u1_0 
    where
        u1_0.email=?
2026-07-23 08:50:04 [http-nio-auto-1-exec-7] DEBUG c.ecommerce.api.security.JwtProvider - Gerando token JWT para usuário: it-a7d86c40-092f-4bca-bb09-c9bc99be6911@teste.com
2026-07-23 08:50:05 [http-nio-auto-1-exec-7] INFO  c.e.api.service.UsuarioService - Login realizado com sucesso: it-a7d86c40-092f-4bca-bb09-c9bc99be6911@teste.com
2026-07-23 08:50:05 [http-nio-auto-1-exec-7] DEBUG o.s.w.s.m.m.a.HttpEntityMethodProcessor - Using 'application/json', given [*/*] and supported [application/json, application/*+json, application/yaml]
2026-07-23 08:50:05 [http-nio-auto-1-exec-7] DEBUG o.s.w.s.m.m.a.HttpEntityMethodProcessor - Writing [LoginResponse(token=eyJhbGciOiJIUzUxMiJ9.eyJzdWIiOiJpdC1hN2Q4NmM0MC0wOTJmLTRiY2EtYmIwOS1jOWJjOTliZTY (truncated)...]
2026-07-23 08:50:05 [http-nio-auto-1-exec-7] DEBUG o.s.web.servlet.DispatcherServlet - Completed 200 OK
2026-07-23 08:50:05 [http-nio-auto-1-exec-8] DEBUG o.s.security.web.FilterChainProxy - Securing GET /produtos/todos
2026-07-23 08:50:05 [http-nio-auto-1-exec-8] DEBUG o.s.s.w.a.AnonymousAuthenticationFilter - Set SecurityContextHolder to anonymous SecurityContext
2026-07-23 08:50:05 [http-nio-auto-1-exec-9] DEBUG o.s.security.web.FilterChainProxy - Securing GET /produtos/todos
2026-07-23 08:50:05 [http-nio-auto-1-exec-9] DEBUG c.ecommerce.api.security.JwtProvider - Token JWT válido
2026-07-23 08:50:05 [http-nio-auto-1-exec-9] DEBUG o.s.security.web.FilterChainProxy - Secured GET /produtos/todos
2026-07-23 08:50:05 [http-nio-auto-1-exec-9] DEBUG o.s.web.servlet.DispatcherServlet - GET "/api/produtos/todos", parameters={}
2026-07-23 08:50:05 [http-nio-auto-1-exec-9] DEBUG o.s.w.s.m.m.a.RequestMappingHandlerMapping - Mapped to com.ecommerce.api.controller.ProdutoController#listarTodos()
2026-07-23 08:50:05 [http-nio-auto-1-exec-9] INFO  c.e.api.controller.ProdutoController - GET /api/produtos/todos
2026-07-23 08:50:05 [http-nio-auto-1-exec-9] INFO  c.e.api.service.ProdutoService - Listando todos os produtos
2026-07-23 08:50:05 [http-nio-auto-1-exec-9] DEBUG org.hibernate.SQL - 
    /* <criteria> */ select
        p1_0.id,
        p1_0.ativo,
        p1_0.categoria_id,
        p1_0.descricao,
        p1_0.estoque,
        p1_0.nome,
        p1_0.preco 
    from
        produtos p1_0
2026-07-23 08:50:05 [http-nio-auto-1-exec-9] DEBUG o.s.w.s.m.m.a.HttpEntityMethodProcessor - Using 'application/json', given [*/*] and supported [application/json, application/*+json, application/yaml]
2026-07-23 08:50:05 [http-nio-auto-1-exec-9] DEBUG o.s.w.s.m.m.a.HttpEntityMethodProcessor - Writing [[]]
2026-07-23 08:50:05 [http-nio-auto-1-exec-9] DEBUG o.s.web.servlet.DispatcherServlet - Completed 200 OK
2026-07-23 08:50:05 [main] INFO  o.s.t.c.s.AnnotationConfigContextLoaderUtils - Could not detect default configuration classes for test class [com.ecommerce.EcommerceFlowIT]: EcommerceFlowIT does not declare any static, non-private, non-final, nested classes annotated with @Configuration.
2026-07-23 08:50:05 [main] INFO  o.s.b.t.c.SpringBootTestContextBootstrapper - Found @SpringBootConfiguration com.ecommerce.Application for test class com.ecommerce.EcommerceFlowIT
2026-07-23 08:50:05 [http-nio-auto-1-exec-10] DEBUG o.s.security.web.FilterChainProxy - Securing POST /auth/registrar
2026-07-23 08:50:05 [http-nio-auto-1-exec-10] DEBUG o.s.s.w.a.AnonymousAuthenticationFilter - Set SecurityContextHolder to anonymous SecurityContext
2026-07-23 08:50:05 [http-nio-auto-1-exec-10] DEBUG o.s.security.web.FilterChainProxy - Secured POST /auth/registrar
2026-07-23 08:50:05 [http-nio-auto-1-exec-10] DEBUG o.s.web.servlet.DispatcherServlet - POST "/api/auth/registrar", parameters={}
2026-07-23 08:50:05 [http-nio-auto-1-exec-10] DEBUG o.s.w.s.m.m.a.RequestMappingHandlerMapping - Mapped to com.ecommerce.api.controller.AuthController#registrar(UsuarioDTO)
2026-07-23 08:50:05 [http-nio-auto-1-exec-10] DEBUG o.s.w.s.m.m.a.RequestResponseBodyMethodProcessor - Read "application/json;charset=UTF-8" to [UsuarioDTO(id=null, email=flow-f04c379e-4bcd-4964-a4ef-77c60bfad882@teste.com, senha=senha123, nome= (truncated)...]
2026-07-23 08:50:05 [http-nio-auto-1-exec-10] INFO  c.e.api.controller.AuthController - Registrando novo usuário: flow-f04c379e-4bcd-4964-a4ef-77c60bfad882@teste.com
2026-07-23 08:50:05 [http-nio-auto-1-exec-10] DEBUG org.hibernate.SQL - 
    /* <criteria> */ select
        u1_0.id 
    from
        usuarios u1_0 
    where
        u1_0.email=? 
    fetch
        first ? rows only
2026-07-23 08:50:05 [http-nio-auto-1-exec-10] DEBUG org.hibernate.SQL - 
    /* insert for
        com.ecommerce.api.model.Usuario */insert 
    into
        usuarios (ativo, email, nome, papel, senha, id) 
    values
        (?, ?, ?, ?, ?, default)
2026-07-23 08:50:05 [http-nio-auto-1-exec-10] INFO  c.e.api.service.UsuarioService - Novo usuário registrado: flow-f04c379e-4bcd-4964-a4ef-77c60bfad882@teste.com
2026-07-23 08:50:05 [http-nio-auto-1-exec-10] DEBUG o.s.w.s.m.m.a.HttpEntityMethodProcessor - Using 'application/json', given [*/*] and supported [application/json, application/*+json, application/yaml]
2026-07-23 08:50:05 [http-nio-auto-1-exec-10] DEBUG o.s.w.s.m.m.a.HttpEntityMethodProcessor - Writing [UsuarioDTO(id=3, email=flow-f04c379e-4bcd-4964-a4ef-77c60bfad882@teste.com, senha=null, nome=Usuário (truncated)...]
2026-07-23 08:50:05 [http-nio-auto-1-exec-10] DEBUG o.s.web.servlet.DispatcherServlet - Completed 201 CREATED
2026-07-23 08:50:05 [http-nio-auto-1-exec-5] DEBUG o.s.security.web.FilterChainProxy - Securing POST /auth/login
2026-07-23 08:50:05 [http-nio-auto-1-exec-5] DEBUG o.s.s.w.a.AnonymousAuthenticationFilter - Set SecurityContextHolder to anonymous SecurityContext
2026-07-23 08:50:05 [http-nio-auto-1-exec-5] DEBUG o.s.security.web.FilterChainProxy - Secured POST /auth/login
2026-07-23 08:50:05 [http-nio-auto-1-exec-5] DEBUG o.s.web.servlet.DispatcherServlet - POST "/api/auth/login", parameters={}
2026-07-23 08:50:05 [http-nio-auto-1-exec-5] DEBUG o.s.w.s.m.m.a.RequestMappingHandlerMapping - Mapped to com.ecommerce.api.controller.AuthController#login(LoginRequest)
2026-07-23 08:50:05 [http-nio-auto-1-exec-5] DEBUG o.s.w.s.m.m.a.RequestResponseBodyMethodProcessor - Read "application/json;charset=UTF-8" to [LoginRequest(email=flow-f04c379e-4bcd-4964-a4ef-77c60bfad882@teste.com, senha=senha123)]
2026-07-23 08:50:05 [http-nio-auto-1-exec-5] INFO  c.e.api.controller.AuthController - Login realizado para: flow-f04c379e-4bcd-4964-a4ef-77c60bfad882@teste.com
2026-07-23 08:50:05 [http-nio-auto-1-exec-5] DEBUG org.hibernate.SQL - 
    /* <criteria> */ select
        u1_0.id,
        u1_0.ativo,
        u1_0.email,
        u1_0.nome,
        u1_0.papel,
        u1_0.senha 
    from
        usuarios u1_0 
    where
        u1_0.email=?
2026-07-23 08:50:05 [http-nio-auto-1-exec-5] DEBUG c.ecommerce.api.security.JwtProvider - Gerando token JWT para usuário: flow-f04c379e-4bcd-4964-a4ef-77c60bfad882@teste.com
2026-07-23 08:50:05 [http-nio-auto-1-exec-5] INFO  c.e.api.service.UsuarioService - Login realizado com sucesso: flow-f04c379e-4bcd-4964-a4ef-77c60bfad882@teste.com
2026-07-23 08:50:05 [http-nio-auto-1-exec-5] DEBUG o.s.w.s.m.m.a.HttpEntityMethodProcessor - Using 'application/json', given [*/*] and supported [application/json, application/*+json, application/yaml]
2026-07-23 08:50:05 [http-nio-auto-1-exec-5] DEBUG o.s.w.s.m.m.a.HttpEntityMethodProcessor - Writing [LoginResponse(token=eyJhbGciOiJIUzUxMiJ9.eyJzdWIiOiJmbG93LWYwNGMzNzllLTRiY2QtNDk2NC1hNGVmLTc3YzYwYmZ (truncated)...]
2026-07-23 08:50:05 [http-nio-auto-1-exec-5] DEBUG o.s.web.servlet.DispatcherServlet - Completed 200 OK
2026-07-23 08:50:05 [http-nio-auto-1-exec-6] DEBUG o.s.security.web.FilterChainProxy - Securing POST /pedidos
2026-07-23 08:50:05 [http-nio-auto-1-exec-6] DEBUG c.ecommerce.api.security.JwtProvider - Token JWT válido
2026-07-23 08:50:05 [http-nio-auto-1-exec-6] DEBUG o.s.security.web.FilterChainProxy - Secured POST /pedidos
2026-07-23 08:50:05 [http-nio-auto-1-exec-6] DEBUG o.s.web.servlet.DispatcherServlet - POST "/api/pedidos", parameters={}
2026-07-23 08:50:05 [http-nio-auto-1-exec-6] DEBUG o.s.w.s.m.m.a.RequestMappingHandlerMapping - Mapped to com.ecommerce.api.controller.PedidoController#criar(PedidoDTO)
2026-07-23 08:50:05 [http-nio-auto-1-exec-6] DEBUG o.s.w.s.m.m.a.RequestResponseBodyMethodProcessor - Read "application/json;charset=UTF-8" to [PedidoDTO(id=null, clienteId=999999, total=100.0, status=null, dataCriacao=null, dataAtualizacao=nul (truncated)...]
2026-07-23 08:50:05 [http-nio-auto-1-exec-6] DEBUG org.hibernate.SQL - 
    select
        c1_0.id,
        c1_0.ativo,
        c1_0.cpf,
        c1_0.data_atualizacao,
        c1_0.data_criacao,
        c1_0.email,
        c1_0.endereco,
        c1_0.nome,
        c1_0.telefone 
    from
        clientes c1_0 
    where
        c1_0.id=?
2026-07-23 08:50:05 [http-nio-auto-1-exec-6] DEBUG o.s.w.s.m.m.a.ExceptionHandlerExceptionResolver - Using @ExceptionHandler com.ecommerce.api.exception.GlobalExceptionHandler#handleRecursoNaoEncontrado(RecursoNaoEncontradoException, WebRequest)
2026-07-23 08:50:05 [http-nio-auto-1-exec-6] ERROR c.e.a.e.GlobalExceptionHandler - Recurso não encontrado: Cliente não encontrado com ID: 999999
2026-07-23 08:50:05 [http-nio-auto-1-exec-6] DEBUG o.s.w.s.m.m.a.HttpEntityMethodProcessor - Using 'application/json', given [*/*] and supported [application/json, application/*+json, application/yaml]
2026-07-23 08:50:05 [http-nio-auto-1-exec-6] DEBUG o.s.w.s.m.m.a.HttpEntityMethodProcessor - Writing [ErrorResponse(timestamp=2026-07-23T08:50:05.667661500, status=404, erro=Recurso não encontrado, mens (truncated)...]
2026-07-23 08:50:05 [http-nio-auto-1-exec-6] DEBUG o.s.w.s.m.m.a.ExceptionHandlerExceptionResolver - Resolved [com.ecommerce.api.exception.RecursoNaoEncontradoException: Cliente não encontrado com ID: 999999]
2026-07-23 08:50:05 [http-nio-auto-1-exec-6] DEBUG o.s.web.servlet.DispatcherServlet - Completed 404 NOT_FOUND
2026-07-23 08:50:05 [http-nio-auto-1-exec-7] DEBUG o.s.security.web.FilterChainProxy - Securing POST /auth/registrar
2026-07-23 08:50:05 [http-nio-auto-1-exec-7] DEBUG o.s.s.w.a.AnonymousAuthenticationFilter - Set SecurityContextHolder to anonymous SecurityContext
2026-07-23 08:50:05 [http-nio-auto-1-exec-7] DEBUG o.s.security.web.FilterChainProxy - Secured POST /auth/registrar
2026-07-23 08:50:05 [http-nio-auto-1-exec-7] DEBUG o.s.web.servlet.DispatcherServlet - POST "/api/auth/registrar", parameters={}
2026-07-23 08:50:05 [http-nio-auto-1-exec-7] DEBUG o.s.w.s.m.m.a.RequestMappingHandlerMapping - Mapped to com.ecommerce.api.controller.AuthController#registrar(UsuarioDTO)
2026-07-23 08:50:05 [http-nio-auto-1-exec-7] DEBUG o.s.w.s.m.m.a.RequestResponseBodyMethodProcessor - Read "application/json;charset=UTF-8" to [UsuarioDTO(id=null, email=flow-d932dea7-0997-47f2-bfad-8b7fc5daf314@teste.com, senha=senha123, nome= (truncated)...]
2026-07-23 08:50:05 [http-nio-auto-1-exec-7] INFO  c.e.api.controller.AuthController - Registrando novo usuário: flow-d932dea7-0997-47f2-bfad-8b7fc5daf314@teste.com
2026-07-23 08:50:05 [http-nio-auto-1-exec-7] DEBUG org.hibernate.SQL - 
    /* <criteria> */ select
        u1_0.id 
    from
        usuarios u1_0 
    where
        u1_0.email=? 
    fetch
        first ? rows only
2026-07-23 08:50:05 [http-nio-auto-1-exec-7] DEBUG org.hibernate.SQL - 
    /* insert for
        com.ecommerce.api.model.Usuario */insert 
    into
        usuarios (ativo, email, nome, papel, senha, id) 
    values
        (?, ?, ?, ?, ?, default)
2026-07-23 08:50:05 [http-nio-auto-1-exec-7] INFO  c.e.api.service.UsuarioService - Novo usuário registrado: flow-d932dea7-0997-47f2-bfad-8b7fc5daf314@teste.com
2026-07-23 08:50:05 [http-nio-auto-1-exec-7] DEBUG o.s.w.s.m.m.a.HttpEntityMethodProcessor - Using 'application/json', given [*/*] and supported [application/json, application/*+json, application/yaml]
2026-07-23 08:50:05 [http-nio-auto-1-exec-7] DEBUG o.s.w.s.m.m.a.HttpEntityMethodProcessor - Writing [UsuarioDTO(id=4, email=flow-d932dea7-0997-47f2-bfad-8b7fc5daf314@teste.com, senha=null, nome=Usuário (truncated)...]
2026-07-23 08:50:05 [http-nio-auto-1-exec-7] DEBUG o.s.web.servlet.DispatcherServlet - Completed 201 CREATED
2026-07-23 08:50:05 [http-nio-auto-1-exec-8] DEBUG o.s.security.web.FilterChainProxy - Securing POST /auth/login
2026-07-23 08:50:05 [http-nio-auto-1-exec-8] DEBUG o.s.s.w.a.AnonymousAuthenticationFilter - Set SecurityContextHolder to anonymous SecurityContext
2026-07-23 08:50:05 [http-nio-auto-1-exec-8] DEBUG o.s.security.web.FilterChainProxy - Secured POST /auth/login
2026-07-23 08:50:05 [http-nio-auto-1-exec-8] DEBUG o.s.web.servlet.DispatcherServlet - POST "/api/auth/login", parameters={}
2026-07-23 08:50:05 [http-nio-auto-1-exec-8] DEBUG o.s.w.s.m.m.a.RequestMappingHandlerMapping - Mapped to com.ecommerce.api.controller.AuthController#login(LoginRequest)
2026-07-23 08:50:05 [http-nio-auto-1-exec-8] DEBUG o.s.w.s.m.m.a.RequestResponseBodyMethodProcessor - Read "application/json;charset=UTF-8" to [LoginRequest(email=flow-d932dea7-0997-47f2-bfad-8b7fc5daf314@teste.com, senha=senha123)]
2026-07-23 08:50:05 [http-nio-auto-1-exec-8] INFO  c.e.api.controller.AuthController - Login realizado para: flow-d932dea7-0997-47f2-bfad-8b7fc5daf314@teste.com
2026-07-23 08:50:05 [http-nio-auto-1-exec-8] DEBUG org.hibernate.SQL - 
    /* <criteria> */ select
        u1_0.id,
        u1_0.ativo,
        u1_0.email,
        u1_0.nome,
        u1_0.papel,
        u1_0.senha 
    from
        usuarios u1_0 
    where
        u1_0.email=?
2026-07-23 08:50:05 [http-nio-auto-1-exec-8] DEBUG c.ecommerce.api.security.JwtProvider - Gerando token JWT para usuário: flow-d932dea7-0997-47f2-bfad-8b7fc5daf314@teste.com
2026-07-23 08:50:05 [http-nio-auto-1-exec-8] INFO  c.e.api.service.UsuarioService - Login realizado com sucesso: flow-d932dea7-0997-47f2-bfad-8b7fc5daf314@teste.com
2026-07-23 08:50:05 [http-nio-auto-1-exec-8] DEBUG o.s.w.s.m.m.a.HttpEntityMethodProcessor - Using 'application/json', given [*/*] and supported [application/json, application/*+json, application/yaml]
2026-07-23 08:50:05 [http-nio-auto-1-exec-8] DEBUG o.s.w.s.m.m.a.HttpEntityMethodProcessor - Writing [LoginResponse(token=eyJhbGciOiJIUzUxMiJ9.eyJzdWIiOiJmbG93LWQ5MzJkZWE3LTA5OTctNDdmMi1iZmFkLThiN2ZjNWR (truncated)...]
2026-07-23 08:50:05 [http-nio-auto-1-exec-8] DEBUG o.s.web.servlet.DispatcherServlet - Completed 200 OK
2026-07-23 08:50:05 [http-nio-auto-1-exec-9] DEBUG o.s.security.web.FilterChainProxy - Securing POST /categorias
2026-07-23 08:50:05 [http-nio-auto-1-exec-9] DEBUG c.ecommerce.api.security.JwtProvider - Token JWT válido
2026-07-23 08:50:05 [http-nio-auto-1-exec-9] DEBUG o.s.security.web.FilterChainProxy - Secured POST /categorias
2026-07-23 08:50:05 [http-nio-auto-1-exec-9] DEBUG o.s.web.servlet.DispatcherServlet - POST "/api/categorias", parameters={}
2026-07-23 08:50:05 [http-nio-auto-1-exec-9] DEBUG o.s.w.s.m.m.a.RequestMappingHandlerMapping - Mapped to com.ecommerce.api.controller.CategoriaController#criar(CategoriaDTO)
2026-07-23 08:50:05 [http-nio-auto-1-exec-9] DEBUG o.s.w.s.m.m.a.RequestResponseBodyMethodProcessor - Read "application/json;charset=UTF-8" to [CategoriaDTO(id=null, nome=Eletrônicos IT, descricao=Categoria de teste, ativo=true)]
2026-07-23 08:50:05 [http-nio-auto-1-exec-9] DEBUG org.hibernate.SQL - 
    /* insert for
        com.ecommerce.api.model.Categoria */insert 
    into
        categorias (ativo, descricao, nome, id) 
    values
        (?, ?, ?, default)
2026-07-23 08:50:05 [http-nio-auto-1-exec-9] DEBUG o.s.w.s.m.m.a.HttpEntityMethodProcessor - Using 'application/json', given [*/*] and supported [application/json, application/*+json, application/yaml]
2026-07-23 08:50:05 [http-nio-auto-1-exec-9] DEBUG o.s.w.s.m.m.a.HttpEntityMethodProcessor - Writing [CategoriaDTO(id=1, nome=Eletrônicos IT, descricao=Categoria de teste, ativo=true)]
2026-07-23 08:50:05 [http-nio-auto-1-exec-9] DEBUG o.s.web.servlet.DispatcherServlet - Completed 201 CREATED
2026-07-23 08:50:06 [http-nio-auto-1-exec-3] DEBUG o.s.security.web.FilterChainProxy - Securing POST /produtos
2026-07-23 08:50:06 [http-nio-auto-1-exec-3] DEBUG c.ecommerce.api.security.JwtProvider - Token JWT válido
2026-07-23 08:50:06 [http-nio-auto-1-exec-3] DEBUG o.s.security.web.FilterChainProxy - Secured POST /produtos
2026-07-23 08:50:06 [http-nio-auto-1-exec-3] DEBUG o.s.web.servlet.DispatcherServlet - POST "/api/produtos", parameters={}
2026-07-23 08:50:06 [http-nio-auto-1-exec-3] DEBUG o.s.w.s.m.m.a.RequestMappingHandlerMapping - Mapped to com.ecommerce.api.controller.ProdutoController#criar(ProdutoDTO)
2026-07-23 08:50:06 [http-nio-auto-1-exec-3] DEBUG o.s.w.s.m.m.a.RequestResponseBodyMethodProcessor - Read "application/json;charset=UTF-8" to [ProdutoDTO(id=null, nome=Notebook IT, descricao=Notebook de teste, preco=3500.0, estoque=10, categor (truncated)...]
2026-07-23 08:50:06 [http-nio-auto-1-exec-3] INFO  c.e.api.controller.ProdutoController - POST /api/produtos - Criando produto: Notebook IT
2026-07-23 08:50:06 [http-nio-auto-1-exec-3] INFO  c.e.api.service.ProdutoService - Criando novo produto: Notebook IT
2026-07-23 08:50:06 [http-nio-auto-1-exec-3] DEBUG org.hibernate.SQL - 
    select
        c1_0.id,
        c1_0.ativo,
        c1_0.descricao,
        c1_0.nome 
    from
        categorias c1_0 
    where
        c1_0.id=?
2026-07-23 08:50:06 [http-nio-auto-1-exec-3] DEBUG org.hibernate.SQL - 
    /* insert for
        com.ecommerce.api.model.Produto */insert 
    into
        produtos (ativo, categoria_id, descricao, estoque, nome, preco, id) 
    values
        (?, ?, ?, ?, ?, ?, default)
2026-07-23 08:50:06 [http-nio-auto-1-exec-3] DEBUG c.e.api.service.ProdutoService - Produto criado com ID: 1
2026-07-23 08:50:06 [http-nio-auto-1-exec-3] DEBUG o.s.w.s.m.m.a.HttpEntityMethodProcessor - Using 'application/json', given [*/*] and supported [application/json, application/*+json, application/yaml]
2026-07-23 08:50:06 [http-nio-auto-1-exec-3] DEBUG o.s.w.s.m.m.a.HttpEntityMethodProcessor - Writing [ProdutoDTO(id=1, nome=Notebook IT, descricao=Notebook de teste, preco=3500.0, estoque=10, categoriaI (truncated)...]
2026-07-23 08:50:06 [http-nio-auto-1-exec-3] DEBUG o.s.web.servlet.DispatcherServlet - Completed 201 CREATED
2026-07-23 08:50:06 [http-nio-auto-1-exec-1] DEBUG o.s.security.web.FilterChainProxy - Securing POST /clientes
2026-07-23 08:50:06 [http-nio-auto-1-exec-1] DEBUG c.ecommerce.api.security.JwtProvider - Token JWT válido
2026-07-23 08:50:06 [http-nio-auto-1-exec-1] DEBUG o.s.security.web.FilterChainProxy - Secured POST /clientes
2026-07-23 08:50:06 [http-nio-auto-1-exec-1] DEBUG o.s.web.servlet.DispatcherServlet - POST "/api/clientes", parameters={}
2026-07-23 08:50:06 [http-nio-auto-1-exec-1] DEBUG o.s.w.s.m.m.a.RequestMappingHandlerMapping - Mapped to com.ecommerce.api.controller.ClienteController#criar(ClienteDTO)
2026-07-23 08:50:06 [http-nio-auto-1-exec-1] DEBUG o.s.w.s.m.m.a.RequestResponseBodyMethodProcessor - Read "application/json;charset=UTF-8" to [ClienteDTO(id=null, nome=Cliente IT, cpf=53796737500, email=cliente-b59e798e-0950-4617-b450-c9360443 (truncated)...]
2026-07-23 08:50:06 [http-nio-auto-1-exec-1] DEBUG org.hibernate.SQL - 
    /* insert for
        com.ecommerce.api.model.Cliente */insert 
    into
        clientes (ativo, cpf, data_atualizacao, data_criacao, email, endereco, nome, telefone, id) 
    values
        (?, ?, ?, ?, ?, ?, ?, ?, default)
2026-07-23 08:50:06 [http-nio-auto-1-exec-1] DEBUG o.s.w.s.m.m.a.HttpEntityMethodProcessor - Using 'application/json', given [*/*] and supported [application/json, application/*+json, application/yaml]
2026-07-23 08:50:06 [http-nio-auto-1-exec-1] DEBUG o.s.w.s.m.m.a.HttpEntityMethodProcessor - Writing [ClienteDTO(id=1, nome=Cliente IT, cpf=53796737500, email=cliente-b59e798e-0950-4617-b450-c9360443c61 (truncated)...]
2026-07-23 08:50:06 [http-nio-auto-1-exec-1] DEBUG o.s.web.servlet.DispatcherServlet - Completed 201 CREATED
2026-07-23 08:50:06 [http-nio-auto-1-exec-2] DEBUG o.s.security.web.FilterChainProxy - Securing POST /pedidos
2026-07-23 08:50:06 [http-nio-auto-1-exec-2] DEBUG c.ecommerce.api.security.JwtProvider - Token JWT válido
2026-07-23 08:50:06 [http-nio-auto-1-exec-2] DEBUG o.s.security.web.FilterChainProxy - Secured POST /pedidos
2026-07-23 08:50:06 [http-nio-auto-1-exec-2] DEBUG o.s.web.servlet.DispatcherServlet - POST "/api/pedidos", parameters={}
2026-07-23 08:50:06 [http-nio-auto-1-exec-2] DEBUG o.s.w.s.m.m.a.RequestMappingHandlerMapping - Mapped to com.ecommerce.api.controller.PedidoController#criar(PedidoDTO)
2026-07-23 08:50:06 [http-nio-auto-1-exec-2] DEBUG o.s.w.s.m.m.a.RequestResponseBodyMethodProcessor - Read "application/json;charset=UTF-8" to [PedidoDTO(id=null, clienteId=1, total=3500.0, status=null, dataCriacao=null, dataAtualizacao=null)]
2026-07-23 08:50:06 [http-nio-auto-1-exec-2] DEBUG org.hibernate.SQL - 
    select
        c1_0.id,
        c1_0.ativo,
        c1_0.cpf,
        c1_0.data_atualizacao,
        c1_0.data_criacao,
        c1_0.email,
        c1_0.endereco,
        c1_0.nome,
        c1_0.telefone 
    from
        clientes c1_0 
    where
        c1_0.id=?
2026-07-23 08:50:06 [http-nio-auto-1-exec-2] DEBUG org.hibernate.SQL - 
    /* insert for
        com.ecommerce.api.model.Pedido */insert 
    into
        pedidos (cliente_id, data_atualizacao, data_criacao, status, total, id) 
    values
        (?, ?, ?, ?, ?, default)
2026-07-23 08:50:06 [http-nio-auto-1-exec-2] DEBUG o.s.w.s.m.m.a.HttpEntityMethodProcessor - Using 'application/json', given [*/*] and supported [application/json, application/*+json, application/yaml]
2026-07-23 08:50:06 [http-nio-auto-1-exec-2] DEBUG o.s.w.s.m.m.a.HttpEntityMethodProcessor - Writing [PedidoDTO(id=1, clienteId=1, total=3500.0, status=PENDENTE, dataCriacao=2026-07-23T08:50:06.15735290 (truncated)...]
2026-07-23 08:50:06 [http-nio-auto-1-exec-2] DEBUG o.s.web.servlet.DispatcherServlet - Completed 201 CREATED
2026-07-23 08:50:06 [http-nio-auto-1-exec-4] DEBUG o.s.security.web.FilterChainProxy - Securing POST /pagamentos
2026-07-23 08:50:06 [http-nio-auto-1-exec-4] DEBUG c.ecommerce.api.security.JwtProvider - Token JWT válido
2026-07-23 08:50:06 [http-nio-auto-1-exec-4] DEBUG o.s.security.web.FilterChainProxy - Secured POST /pagamentos
2026-07-23 08:50:06 [http-nio-auto-1-exec-4] DEBUG o.s.web.servlet.DispatcherServlet - POST "/api/pagamentos", parameters={}
2026-07-23 08:50:06 [http-nio-auto-1-exec-4] DEBUG o.s.w.s.m.m.a.RequestMappingHandlerMapping - Mapped to com.ecommerce.api.controller.PagamentoController#criar(PagamentoDTO)
2026-07-23 08:50:06 [http-nio-auto-1-exec-4] DEBUG o.s.w.s.m.m.a.RequestResponseBodyMethodProcessor - Read "application/json;charset=UTF-8" to [PagamentoDTO(id=null, pedidoId=1, valor=3500.0, metodo=CARTAO, status=null, dataCriacao=null)]
2026-07-23 08:50:06 [http-nio-auto-1-exec-4] DEBUG org.hibernate.SQL - 
    select
        p1_0.id,
        p1_0.cliente_id,
        c1_0.id,
        c1_0.ativo,
        c1_0.cpf,
        c1_0.data_atualizacao,
        c1_0.data_criacao,
        c1_0.email,
        c1_0.endereco,
        c1_0.nome,
        c1_0.telefone,
        p1_0.data_atualizacao,
        p1_0.data_criacao,
        p1_0.status,
        p1_0.total 
    from
        pedidos p1_0 
    join
        clientes c1_0 
            on c1_0.id=p1_0.cliente_id 
    where
        p1_0.id=?
2026-07-23 08:50:06 [http-nio-auto-1-exec-4] DEBUG org.hibernate.SQL - 
    /* insert for
        com.ecommerce.api.model.Pagamento */insert 
    into
        pagamentos (data_criacao, metodo, pedido_id, status, valor, id) 
    values
        (?, ?, ?, ?, ?, default)
2026-07-23 08:50:06 [http-nio-auto-1-exec-4] DEBUG o.s.w.s.m.m.a.HttpEntityMethodProcessor - Using 'application/json', given [*/*] and supported [application/json, application/*+json, application/yaml]
2026-07-23 08:50:06 [http-nio-auto-1-exec-4] DEBUG o.s.w.s.m.m.a.HttpEntityMethodProcessor - Writing [PagamentoDTO(id=1, pedidoId=1, valor=3500.0, metodo=CARTAO, status=PENDENTE, dataCriacao=2026-07-23T (truncated)...]
2026-07-23 08:50:06 [http-nio-auto-1-exec-4] DEBUG o.s.web.servlet.DispatcherServlet - Completed 201 CREATED
2026-07-23 08:50:06 [http-nio-auto-1-exec-10] DEBUG o.s.security.web.FilterChainProxy - Securing PATCH /produtos/1/estoque/diminuir?quantidade=3
2026-07-23 08:50:06 [http-nio-auto-1-exec-10] DEBUG c.ecommerce.api.security.JwtProvider - Token JWT válido
2026-07-23 08:50:06 [http-nio-auto-1-exec-10] DEBUG o.s.security.web.FilterChainProxy - Secured PATCH /produtos/1/estoque/diminuir?quantidade=3
2026-07-23 08:50:06 [http-nio-auto-1-exec-10] DEBUG o.s.web.servlet.DispatcherServlet - PATCH "/api/produtos/1/estoque/diminuir?quantidade=3", parameters={masked}
2026-07-23 08:50:06 [http-nio-auto-1-exec-10] DEBUG o.s.w.s.m.m.a.RequestMappingHandlerMapping - Mapped to com.ecommerce.api.controller.ProdutoController#diminuirEstoque(Long, Integer)
2026-07-23 08:50:06 [http-nio-auto-1-exec-10] INFO  c.e.api.controller.ProdutoController - PATCH /api/produtos/1/estoque/diminuir?quantidade=3
2026-07-23 08:50:06 [http-nio-auto-1-exec-10] INFO  c.e.api.service.ProdutoService - Diminuindo estoque do produto 1 em 3 unidades
2026-07-23 08:50:06 [http-nio-auto-1-exec-10] DEBUG org.hibernate.SQL - 
    select
        p1_0.id,
        p1_0.ativo,
        p1_0.categoria_id,
        c1_0.id,
        c1_0.ativo,
        c1_0.descricao,
        c1_0.nome,
        p1_0.descricao,
        p1_0.estoque,
        p1_0.nome,
        p1_0.preco 
    from
        produtos p1_0 
    join
        categorias c1_0 
            on c1_0.id=p1_0.categoria_id 
    where
        p1_0.id=?
2026-07-23 08:50:06 [http-nio-auto-1-exec-10] DEBUG c.e.api.service.ProdutoService - Estoque diminuído com sucesso. Novo estoque: 7
2026-07-23 08:50:06 [http-nio-auto-1-exec-10] DEBUG org.hibernate.SQL - 
    /* update
        for com.ecommerce.api.model.Produto */update produtos 
    set
        ativo=?,
        categoria_id=?,
        descricao=?,
        estoque=?,
        nome=?,
        preco=? 
    where
        id=?
2026-07-23 08:50:06 [http-nio-auto-1-exec-10] DEBUG o.s.w.s.m.m.a.HttpEntityMethodProcessor - Using 'application/json', given [*/*] and supported [application/json, application/*+json, application/yaml]
2026-07-23 08:50:06 [http-nio-auto-1-exec-10] DEBUG o.s.w.s.m.m.a.HttpEntityMethodProcessor - Writing [7]
2026-07-23 08:50:06 [http-nio-auto-1-exec-10] DEBUG o.s.web.servlet.DispatcherServlet - Completed 200 OK
2026-07-23 08:50:06 [http-nio-auto-1-exec-5] DEBUG o.s.security.web.FilterChainProxy - Securing GET /produtos?pagina=0&tamanho=50
2026-07-23 08:50:06 [http-nio-auto-1-exec-5] DEBUG c.ecommerce.api.security.JwtProvider - Token JWT válido
2026-07-23 08:50:06 [http-nio-auto-1-exec-5] DEBUG o.s.security.web.FilterChainProxy - Secured GET /produtos?pagina=0&tamanho=50
2026-07-23 08:50:06 [http-nio-auto-1-exec-5] DEBUG o.s.web.servlet.DispatcherServlet - GET "/api/produtos?pagina=0&tamanho=50", parameters={masked}
2026-07-23 08:50:06 [http-nio-auto-1-exec-5] DEBUG o.s.w.s.m.m.a.RequestMappingHandlerMapping - Mapped to com.ecommerce.api.controller.ProdutoController#listar(int, int, String, String)
2026-07-23 08:50:06 [http-nio-auto-1-exec-5] INFO  c.e.api.controller.ProdutoController - GET /api/produtos - Página: 0, Tamanho: 50, Ordenar por: id, Direção: DESC
2026-07-23 08:50:06 [http-nio-auto-1-exec-5] INFO  c.e.api.service.ProdutoService - Listando produtos com paginação - Página: 0, Tamanho: 50, Ordenar por: id, Direção: DESC
2026-07-23 08:50:06 [http-nio-auto-1-exec-5] DEBUG org.hibernate.SQL - 
    /* <criteria> */ select
        p1_0.id,
        p1_0.ativo,
        p1_0.categoria_id,
        p1_0.descricao,
        p1_0.estoque,
        p1_0.nome,
        p1_0.preco 
    from
        produtos p1_0 
    order by
        p1_0.id desc 
    offset
        ? rows 
    fetch
        first ? rows only
2026-07-23 08:50:06 [http-nio-auto-1-exec-5] DEBUG org.hibernate.SQL - 
    select
        c1_0.id,
        c1_0.ativo,
        c1_0.descricao,
        c1_0.nome 
    from
        categorias c1_0 
    where
        c1_0.id=?
2026-07-23 08:50:06 [http-nio-auto-1-exec-5] DEBUG c.e.api.service.ProdutoService - Total de produtos encontrados: 1, Página atual: 0, Total de páginas: 1
2026-07-23 08:50:06 [http-nio-auto-1-exec-5] DEBUG o.s.w.s.m.m.a.HttpEntityMethodProcessor - Using 'application/json', given [*/*] and supported [application/json, application/*+json, application/yaml]
2026-07-23 08:50:06 [http-nio-auto-1-exec-5] DEBUG o.s.w.s.m.m.a.HttpEntityMethodProcessor - Writing [Page 1 of 1 containing com.ecommerce.api.dto.ProdutoDTO instances]
2026-07-23 08:50:06 [http-nio-auto-1-exec-5] DEBUG o.s.web.servlet.DispatcherServlet - Completed 200 OK
2026-07-23 08:50:06 [http-nio-auto-1-exec-6] DEBUG o.s.security.web.FilterChainProxy - Securing DELETE /produtos/1
2026-07-23 08:50:06 [http-nio-auto-1-exec-6] DEBUG c.ecommerce.api.security.JwtProvider - Token JWT válido
2026-07-23 08:50:06 [http-nio-auto-1-exec-6] DEBUG o.s.security.web.FilterChainProxy - Secured DELETE /produtos/1
2026-07-23 08:50:06 [http-nio-auto-1-exec-6] DEBUG o.s.web.servlet.DispatcherServlet - DELETE "/api/produtos/1", parameters={}
2026-07-23 08:50:06 [http-nio-auto-1-exec-6] DEBUG o.s.w.s.m.m.a.RequestMappingHandlerMapping - Mapped to com.ecommerce.api.controller.ProdutoController#deletar(Long)
2026-07-23 08:50:06 [http-nio-auto-1-exec-6] INFO  c.e.api.controller.ProdutoController - DELETE /api/produtos/1
2026-07-23 08:50:06 [http-nio-auto-1-exec-6] INFO  c.e.api.service.ProdutoService - Deletando produto com ID: 1
2026-07-23 08:50:07 [http-nio-auto-1-exec-6] DEBUG org.hibernate.SQL - 
    /* select
        count(*) 
    from
        Produto x 
    WHERE
        x.id = :id */ select
            count(*) 
        from
            produtos p1_0 
        where
            p1_0.id=?
2026-07-23 08:50:07 [http-nio-auto-1-exec-6] DEBUG org.hibernate.SQL - 
    select
        p1_0.id,
        p1_0.ativo,
        p1_0.categoria_id,
        c1_0.id,
        c1_0.ativo,
        c1_0.descricao,
        c1_0.nome,
        p1_0.descricao,
        p1_0.estoque,
        p1_0.nome,
        p1_0.preco 
    from
        produtos p1_0 
    join
        categorias c1_0 
            on c1_0.id=p1_0.categoria_id 
    where
        p1_0.id=?
2026-07-23 08:50:07 [http-nio-auto-1-exec-6] DEBUG c.e.api.service.ProdutoService - Produto deletado com sucesso: 1
2026-07-23 08:50:07 [http-nio-auto-1-exec-6] DEBUG org.hibernate.SQL - 
    /* delete for com.ecommerce.api.model.Produto */delete 
    from
        produtos 
    where
        id=?
2026-07-23 08:50:07 [http-nio-auto-1-exec-6] DEBUG o.s.w.s.m.m.a.HttpEntityMethodProcessor - Using 'application/json', given [*/*] and supported [application/json, application/*+json, application/yaml]
2026-07-23 08:50:07 [http-nio-auto-1-exec-6] DEBUG o.s.w.s.m.m.a.HttpEntityMethodProcessor - Nothing to write: null body
2026-07-23 08:50:07 [http-nio-auto-1-exec-6] DEBUG o.s.web.servlet.DispatcherServlet - Completed 204 NO_CONTENT
2026-07-23 08:50:07 [http-nio-auto-1-exec-7] DEBUG o.s.security.web.FilterChainProxy - Securing GET /produtos/1
2026-07-23 08:50:07 [http-nio-auto-1-exec-7] DEBUG c.ecommerce.api.security.JwtProvider - Token JWT válido
2026-07-23 08:50:07 [http-nio-auto-1-exec-7] DEBUG o.s.security.web.FilterChainProxy - Secured GET /produtos/1
2026-07-23 08:50:07 [http-nio-auto-1-exec-7] DEBUG o.s.web.servlet.DispatcherServlet - GET "/api/produtos/1", parameters={}
2026-07-23 08:50:07 [http-nio-auto-1-exec-7] DEBUG o.s.w.s.m.m.a.RequestMappingHandlerMapping - Mapped to com.ecommerce.api.controller.ProdutoController#obterPorId(Long)
2026-07-23 08:50:07 [http-nio-auto-1-exec-7] INFO  c.e.api.controller.ProdutoController - GET /api/produtos/1
2026-07-23 08:50:07 [http-nio-auto-1-exec-7] DEBUG c.e.api.service.ProdutoService - Buscando produto com ID: 1
2026-07-23 08:50:07 [http-nio-auto-1-exec-7] DEBUG org.hibernate.SQL - 
    select
        p1_0.id,
        p1_0.ativo,
        p1_0.categoria_id,
        c1_0.id,
        c1_0.ativo,
        c1_0.descricao,
        c1_0.nome,
        p1_0.descricao,
        p1_0.estoque,
        p1_0.nome,
        p1_0.preco 
    from
        produtos p1_0 
    join
        categorias c1_0 
            on c1_0.id=p1_0.categoria_id 
    where
        p1_0.id=?
2026-07-23 08:50:07 [http-nio-auto-1-exec-7] WARN  c.e.api.service.ProdutoService - Produto não encontrado com ID: 1
2026-07-23 08:50:07 [http-nio-auto-1-exec-7] DEBUG o.s.w.s.m.m.a.ExceptionHandlerExceptionResolver - Using @ExceptionHandler com.ecommerce.api.exception.GlobalExceptionHandler#handleRecursoNaoEncontrado(RecursoNaoEncontradoException, WebRequest)
2026-07-23 08:50:07 [http-nio-auto-1-exec-7] ERROR c.e.a.e.GlobalExceptionHandler - Recurso não encontrado: Produto não encontrado com ID: 1
2026-07-23 08:50:07 [http-nio-auto-1-exec-7] DEBUG o.s.w.s.m.m.a.HttpEntityMethodProcessor - Using 'application/json', given [*/*] and supported [application/json, application/*+json, application/yaml]
2026-07-23 08:50:07 [http-nio-auto-1-exec-7] DEBUG o.s.w.s.m.m.a.HttpEntityMethodProcessor - Writing [ErrorResponse(timestamp=2026-07-23T08:50:07.142716800, status=404, erro=Recurso não encontrado, mens (truncated)...]
2026-07-23 08:50:07 [http-nio-auto-1-exec-7] DEBUG o.s.w.s.m.m.a.ExceptionHandlerExceptionResolver - Resolved [com.ecommerce.api.exception.RecursoNaoEncontradoException: Produto não encontrado com ID: 1]
2026-07-23 08:50:07 [http-nio-auto-1-exec-7] DEBUG o.s.web.servlet.DispatcherServlet - Completed 404 NOT_FOUND
2026-07-23 08:50:07 [http-nio-auto-1-exec-8] DEBUG o.s.security.web.FilterChainProxy - Securing POST /auth/registrar
2026-07-23 08:50:07 [http-nio-auto-1-exec-8] DEBUG o.s.s.w.a.AnonymousAuthenticationFilter - Set SecurityContextHolder to anonymous SecurityContext
2026-07-23 08:50:07 [http-nio-auto-1-exec-8] DEBUG o.s.security.web.FilterChainProxy - Secured POST /auth/registrar
2026-07-23 08:50:07 [http-nio-auto-1-exec-8] DEBUG o.s.web.servlet.DispatcherServlet - POST "/api/auth/registrar", parameters={}
2026-07-23 08:50:07 [http-nio-auto-1-exec-8] DEBUG o.s.w.s.m.m.a.RequestMappingHandlerMapping - Mapped to com.ecommerce.api.controller.AuthController#registrar(UsuarioDTO)
2026-07-23 08:50:07 [http-nio-auto-1-exec-8] DEBUG o.s.w.s.m.m.a.RequestResponseBodyMethodProcessor - Read "application/json;charset=UTF-8" to [UsuarioDTO(id=null, email=flow-3dee2bba-394e-485c-a3f5-3e5a1e2d0fd6@teste.com, senha=senha123, nome= (truncated)...]
2026-07-23 08:50:07 [http-nio-auto-1-exec-8] INFO  c.e.api.controller.AuthController - Registrando novo usuário: flow-3dee2bba-394e-485c-a3f5-3e5a1e2d0fd6@teste.com
2026-07-23 08:50:07 [http-nio-auto-1-exec-8] DEBUG org.hibernate.SQL - 
    /* <criteria> */ select
        u1_0.id 
    from
        usuarios u1_0 
    where
        u1_0.email=? 
    fetch
        first ? rows only
2026-07-23 08:50:07 [http-nio-auto-1-exec-8] DEBUG org.hibernate.SQL - 
    /* insert for
        com.ecommerce.api.model.Usuario */insert 
    into
        usuarios (ativo, email, nome, papel, senha, id) 
    values
        (?, ?, ?, ?, ?, default)
2026-07-23 08:50:07 [http-nio-auto-1-exec-8] INFO  c.e.api.service.UsuarioService - Novo usuário registrado: flow-3dee2bba-394e-485c-a3f5-3e5a1e2d0fd6@teste.com
2026-07-23 08:50:07 [http-nio-auto-1-exec-8] DEBUG o.s.w.s.m.m.a.HttpEntityMethodProcessor - Using 'application/json', given [*/*] and supported [application/json, application/*+json, application/yaml]
2026-07-23 08:50:07 [http-nio-auto-1-exec-8] DEBUG o.s.w.s.m.m.a.HttpEntityMethodProcessor - Writing [UsuarioDTO(id=5, email=flow-3dee2bba-394e-485c-a3f5-3e5a1e2d0fd6@teste.com, senha=null, nome=Usuário (truncated)...]
2026-07-23 08:50:07 [http-nio-auto-1-exec-8] DEBUG o.s.web.servlet.DispatcherServlet - Completed 201 CREATED
2026-07-23 08:50:07 [http-nio-auto-1-exec-9] DEBUG o.s.security.web.FilterChainProxy - Securing POST /auth/login
2026-07-23 08:50:07 [http-nio-auto-1-exec-9] DEBUG o.s.s.w.a.AnonymousAuthenticationFilter - Set SecurityContextHolder to anonymous SecurityContext
2026-07-23 08:50:07 [http-nio-auto-1-exec-9] DEBUG o.s.security.web.FilterChainProxy - Secured POST /auth/login
2026-07-23 08:50:07 [http-nio-auto-1-exec-9] DEBUG o.s.web.servlet.DispatcherServlet - POST "/api/auth/login", parameters={}
2026-07-23 08:50:07 [http-nio-auto-1-exec-9] DEBUG o.s.w.s.m.m.a.RequestMappingHandlerMapping - Mapped to com.ecommerce.api.controller.AuthController#login(LoginRequest)
2026-07-23 08:50:07 [http-nio-auto-1-exec-9] DEBUG o.s.w.s.m.m.a.RequestResponseBodyMethodProcessor - Read "application/json;charset=UTF-8" to [LoginRequest(email=flow-3dee2bba-394e-485c-a3f5-3e5a1e2d0fd6@teste.com, senha=senha123)]
2026-07-23 08:50:07 [http-nio-auto-1-exec-9] INFO  c.e.api.controller.AuthController - Login realizado para: flow-3dee2bba-394e-485c-a3f5-3e5a1e2d0fd6@teste.com
2026-07-23 08:50:07 [http-nio-auto-1-exec-9] DEBUG org.hibernate.SQL - 
    /* <criteria> */ select
        u1_0.id,
        u1_0.ativo,
        u1_0.email,
        u1_0.nome,
        u1_0.papel,
        u1_0.senha 
    from
        usuarios u1_0 
    where
        u1_0.email=?
2026-07-23 08:50:07 [http-nio-auto-1-exec-9] DEBUG c.ecommerce.api.security.JwtProvider - Gerando token JWT para usuário: flow-3dee2bba-394e-485c-a3f5-3e5a1e2d0fd6@teste.com
2026-07-23 08:50:07 [http-nio-auto-1-exec-9] INFO  c.e.api.service.UsuarioService - Login realizado com sucesso: flow-3dee2bba-394e-485c-a3f5-3e5a1e2d0fd6@teste.com
2026-07-23 08:50:07 [http-nio-auto-1-exec-9] DEBUG o.s.w.s.m.m.a.HttpEntityMethodProcessor - Using 'application/json', given [*/*] and supported [application/json, application/*+json, application/yaml]
2026-07-23 08:50:07 [http-nio-auto-1-exec-9] DEBUG o.s.w.s.m.m.a.HttpEntityMethodProcessor - Writing [LoginResponse(token=eyJhbGciOiJIUzUxMiJ9.eyJzdWIiOiJmbG93LTNkZWUyYmJhLTM5NGUtNDg1Yy1hM2Y1LTNlNWExZTJ (truncated)...]
2026-07-23 08:50:07 [http-nio-auto-1-exec-9] DEBUG o.s.web.servlet.DispatcherServlet - Completed 200 OK
2026-07-23 08:50:07 [http-nio-auto-1-exec-3] DEBUG o.s.security.web.FilterChainProxy - Securing POST /categorias
2026-07-23 08:50:07 [http-nio-auto-1-exec-3] DEBUG c.ecommerce.api.security.JwtProvider - Token JWT válido
2026-07-23 08:50:07 [http-nio-auto-1-exec-3] DEBUG o.s.security.web.FilterChainProxy - Secured POST /categorias
2026-07-23 08:50:07 [http-nio-auto-1-exec-3] DEBUG o.s.web.servlet.DispatcherServlet - POST "/api/categorias", parameters={}
2026-07-23 08:50:07 [http-nio-auto-1-exec-3] DEBUG o.s.w.s.m.m.a.RequestMappingHandlerMapping - Mapped to com.ecommerce.api.controller.CategoriaController#criar(CategoriaDTO)
2026-07-23 08:50:07 [http-nio-auto-1-exec-3] DEBUG o.s.w.s.m.m.a.RequestResponseBodyMethodProcessor - Read "application/json;charset=UTF-8" to [CategoriaDTO(id=null, nome=Categoria Paginação 9a858aab-8473-435e-87cf-dfbecbfbeddb, descricao=null, (truncated)...]
2026-07-23 08:50:07 [http-nio-auto-1-exec-3] DEBUG org.hibernate.SQL - 
    /* insert for
        com.ecommerce.api.model.Categoria */insert 
    into
        categorias (ativo, descricao, nome, id) 
    values
        (?, ?, ?, default)
2026-07-23 08:50:07 [http-nio-auto-1-exec-3] DEBUG o.s.w.s.m.m.a.HttpEntityMethodProcessor - Using 'application/json', given [*/*] and supported [application/json, application/*+json, application/yaml]
2026-07-23 08:50:07 [http-nio-auto-1-exec-3] DEBUG o.s.w.s.m.m.a.HttpEntityMethodProcessor - Writing [CategoriaDTO(id=2, nome=Categoria Paginação 9a858aab-8473-435e-87cf-dfbecbfbeddb, descricao=null, at (truncated)...]
2026-07-23 08:50:07 [http-nio-auto-1-exec-3] DEBUG o.s.web.servlet.DispatcherServlet - Completed 201 CREATED
2026-07-23 08:50:07 [http-nio-auto-1-exec-1] DEBUG o.s.security.web.FilterChainProxy - Securing GET /categorias?pagina=0&tamanho=5
2026-07-23 08:50:07 [http-nio-auto-1-exec-1] DEBUG c.ecommerce.api.security.JwtProvider - Token JWT válido
2026-07-23 08:50:07 [http-nio-auto-1-exec-1] DEBUG o.s.security.web.FilterChainProxy - Secured GET /categorias?pagina=0&tamanho=5
2026-07-23 08:50:07 [http-nio-auto-1-exec-1] DEBUG o.s.web.servlet.DispatcherServlet - GET "/api/categorias?pagina=0&tamanho=5", parameters={masked}
2026-07-23 08:50:07 [http-nio-auto-1-exec-1] DEBUG o.s.w.s.m.m.a.RequestMappingHandlerMapping - Mapped to com.ecommerce.api.controller.CategoriaController#listar(int, int, String, String)
2026-07-23 08:50:07 [http-nio-auto-1-exec-1] DEBUG org.hibernate.SQL - 
    /* <criteria> */ select
        c1_0.id,
        c1_0.ativo,
        c1_0.descricao,
        c1_0.nome 
    from
        categorias c1_0 
    order by
        c1_0.id desc 
    offset
        ? rows 
    fetch
        first ? rows only
2026-07-23 08:50:07 [http-nio-auto-1-exec-1] DEBUG o.s.w.s.m.m.a.HttpEntityMethodProcessor - Using 'application/json', given [*/*] and supported [application/json, application/*+json, application/yaml]
2026-07-23 08:50:07 [http-nio-auto-1-exec-1] DEBUG o.s.w.s.m.m.a.HttpEntityMethodProcessor - Writing [Page 1 of 1 containing com.ecommerce.api.dto.CategoriaDTO instances]
2026-07-23 08:50:07 [http-nio-auto-1-exec-1] DEBUG o.s.web.servlet.DispatcherServlet - Completed 200 OK
2026-07-23 08:50:07 [SpringApplicationShutdownHook] INFO  o.s.b.w.e.tomcat.GracefulShutdown - Commencing graceful shutdown. Waiting for active requests to complete
2026-07-23 08:50:07 [tomcat-shutdown] INFO  o.s.b.w.e.tomcat.GracefulShutdown - Graceful shutdown complete
2026-07-23 08:50:08 [SpringApplicationShutdownHook] INFO  o.s.o.j.LocalContainerEntityManagerFactoryBean - Closing JPA EntityManagerFactory for persistence unit 'default'
2026-07-23 08:50:08 [SpringApplicationShutdownHook] DEBUG org.hibernate.SQL - 
    drop table if exists categorias cascade 
2026-07-23 08:50:08 [SpringApplicationShutdownHook] DEBUG org.hibernate.SQL - 
    drop table if exists clientes cascade 
2026-07-23 08:50:08 [SpringApplicationShutdownHook] DEBUG org.hibernate.SQL - 
    drop table if exists itens_pedido cascade 
2026-07-23 08:50:08 [SpringApplicationShutdownHook] DEBUG org.hibernate.SQL - 
    drop table if exists pagamentos cascade 
2026-07-23 08:50:08 [SpringApplicationShutdownHook] DEBUG org.hibernate.SQL - 
    drop table if exists pedidos cascade 
2026-07-23 08:50:08 [SpringApplicationShutdownHook] DEBUG org.hibernate.SQL - 
    drop table if exists produtos cascade 
2026-07-23 08:50:08 [SpringApplicationShutdownHook] DEBUG org.hibernate.SQL - 
    drop table if exists usuarios cascade 
2026-07-23 08:50:08 [SpringApplicationShutdownHook] INFO  com.zaxxer.hikari.HikariDataSource - HikariPool-1 - Shutdown initiated...
2026-07-23 08:50:08 [SpringApplicationShutdownHook] INFO  com.zaxxer.hikari.HikariDataSource - HikariPool-1 - Shutdown completed.
2026-07-23 09:00:43 [background-preinit] INFO  o.h.validator.internal.util.Version - HV000001: Hibernate Validator 8.0.3.Final
2026-07-23 09:00:43 [main] INFO  com.ecommerce.AuthControllerTest - Starting AuthControllerTest using Java 25.0.2 with PID 17252 (started by PabloBezerradaSilva in C:\Users\PabloBezerradaSilva\Documents\Java\fourcamp26-pablosilva\ecommerce-api)
2026-07-23 09:00:43 [main] DEBUG com.ecommerce.AuthControllerTest - Running with Spring Boot v3.5.16, Spring v6.2.19
2026-07-23 09:00:43 [main] INFO  com.ecommerce.AuthControllerTest - No active profile set, falling back to 1 default profile: "default"
2026-07-23 09:00:44 [main] DEBUG o.s.w.c.s.GenericWebApplicationContext - Refreshing org.springframework.web.context.support.GenericWebApplicationContext@6d7b2319
2026-07-23 09:00:46 [main] INFO  o.s.d.r.c.RepositoryConfigurationDelegate - Bootstrapping Spring Data JPA repositories in DEFAULT mode.
2026-07-23 09:00:47 [main] INFO  o.s.d.r.c.RepositoryConfigurationDelegate - Finished Spring Data repository scanning in 202 ms. Found 6 JPA repository interfaces.
2026-07-23 09:00:50 [main] INFO  o.h.jpa.internal.util.LogHelper - HHH000204: Processing PersistenceUnitInfo [name: default]
2026-07-23 09:00:50 [main] INFO  org.hibernate.Version - HHH000412: Hibernate ORM core version 6.6.53.Final
2026-07-23 09:00:50 [main] INFO  o.h.c.i.RegionFactoryInitiator - HHH000026: Second-level cache disabled
2026-07-23 09:00:50 [main] INFO  o.s.o.j.p.SpringPersistenceUnitInfo - No LoadTimeWeaver setup: ignoring JPA class transformer
2026-07-23 09:00:51 [main] INFO  com.zaxxer.hikari.HikariDataSource - HikariPool-1 - Starting...
2026-07-23 09:00:51 [main] INFO  com.zaxxer.hikari.pool.HikariPool - HikariPool-1 - Added connection conn0: url=jdbc:h2:mem:ecommercedb user=SA
2026-07-23 09:00:51 [main] INFO  com.zaxxer.hikari.HikariDataSource - HikariPool-1 - Start completed.
2026-07-23 09:00:51 [main] WARN  org.hibernate.orm.deprecation - HHH90000025: H2Dialect does not need to be specified explicitly using 'hibernate.dialect' (remove the property setting and it will be selected by default)
2026-07-23 09:00:51 [main] INFO  o.hibernate.orm.connections.pooling - HHH10001005: Database info:
	Database JDBC URL [Connecting through datasource 'HikariDataSource (HikariPool-1)']
	Database driver: undefined/unknown
	Database version: 2.3.232
	Autocommit mode: undefined/unknown
	Isolation level: undefined/unknown
	Minimum pool size: undefined/unknown
	Maximum pool size: undefined/unknown
2026-07-23 09:00:54 [main] INFO  o.h.e.t.j.p.i.JtaPlatformInitiator - HHH000489: No JTA platform available (set 'hibernate.transaction.jta.platform' to enable JTA platform integration)
2026-07-23 09:00:54 [main] DEBUG org.hibernate.SQL - 
    drop table if exists categorias cascade 
2026-07-23 09:00:54 [main] DEBUG org.hibernate.SQL - 
    drop table if exists clientes cascade 
2026-07-23 09:00:54 [main] DEBUG org.hibernate.SQL - 
    drop table if exists itens_pedido cascade 
2026-07-23 09:00:54 [main] DEBUG org.hibernate.SQL - 
    drop table if exists pagamentos cascade 
2026-07-23 09:00:54 [main] DEBUG org.hibernate.SQL - 
    drop table if exists pedidos cascade 
2026-07-23 09:00:54 [main] DEBUG org.hibernate.SQL - 
    drop table if exists produtos cascade 
2026-07-23 09:00:54 [main] DEBUG org.hibernate.SQL - 
    drop table if exists usuarios cascade 
2026-07-23 09:00:54 [main] DEBUG org.hibernate.SQL - 
    create table categorias (
        ativo boolean not null,
        id bigint generated by default as identity,
        nome varchar(100) not null,
        descricao TEXT,
        primary key (id)
    )
2026-07-23 09:00:54 [main] DEBUG org.hibernate.SQL - 
    create table clientes (
        ativo boolean not null,
        data_atualizacao timestamp(6),
        data_criacao timestamp(6) not null,
        id bigint generated by default as identity,
        cpf varchar(11) not null unique,
        telefone varchar(20),
        email varchar(255) not null unique,
        endereco TEXT,
        nome varchar(255) not null,
        primary key (id)
    )
2026-07-23 09:00:54 [main] DEBUG org.hibernate.SQL - 
    create table itens_pedido (
        preco_unitario numeric(10,2) not null,
        quantidade integer not null,
        id bigint generated by default as identity,
        pedido_id bigint not null,
        produto_id bigint not null,
        primary key (id)
    )
2026-07-23 09:00:54 [main] DEBUG org.hibernate.SQL - 
    create table pagamentos (
        valor float(53) not null,
        data_criacao timestamp(6) not null,
        id bigint generated by default as identity,
        pedido_id bigint not null,
        metodo varchar(50) not null,
        status enum ('APROVADO','PENDENTE','RECUSADO','REEMBOLSADO') not null,
        primary key (id)
    )
2026-07-23 09:00:54 [main] DEBUG org.hibernate.SQL - 
    create table pedidos (
        total float(53) not null,
        cliente_id bigint not null,
        data_atualizacao timestamp(6),
        data_criacao timestamp(6) not null,
        id bigint generated by default as identity,
        status enum ('CANCELADO','CONFIRMADO','ENTREGUE','ENVIADO','PENDENTE') not null,
        primary key (id)
    )
2026-07-23 09:00:54 [main] DEBUG org.hibernate.SQL - 
    create table produtos (
        ativo boolean not null,
        estoque integer not null,
        preco numeric(38,2) not null,
        categoria_id bigint not null,
        id bigint generated by default as identity,
        descricao TEXT,
        nome varchar(255) not null,
        primary key (id)
    )
2026-07-23 09:00:54 [main] DEBUG org.hibernate.SQL - 
    create table usuarios (
        ativo boolean not null,
        id bigint generated by default as identity,
        email varchar(255) not null unique,
        nome varchar(255) not null,
        senha varchar(255) not null,
        papel enum ('ADMIN','USER') not null,
        primary key (id)
    )
2026-07-23 09:00:54 [main] DEBUG org.hibernate.SQL - 
    alter table if exists itens_pedido 
       add constraint FK42mycompce3b7yt3l6ukdwsxy 
       foreign key (pedido_id) 
       references pedidos
2026-07-23 09:00:54 [main] DEBUG org.hibernate.SQL - 
    alter table if exists itens_pedido 
       add constraint FKxytdlekpdaobqphujy9bmuhl 
       foreign key (produto_id) 
       references produtos
2026-07-23 09:00:54 [main] DEBUG org.hibernate.SQL - 
    alter table if exists pagamentos 
       add constraint FKb0dh6865y8h4irwdrl4ici3kl 
       foreign key (pedido_id) 
       references pedidos
2026-07-23 09:00:54 [main] DEBUG org.hibernate.SQL - 
    alter table if exists pedidos 
       add constraint FKg7202lk0hwxn04bmdl2thth5b 
       foreign key (cliente_id) 
       references clientes
2026-07-23 09:00:54 [main] DEBUG org.hibernate.SQL - 
    alter table if exists produtos 
       add constraint FK8rqw0ljwdaom34jr2t46bjtrn 
       foreign key (categoria_id) 
       references categorias
2026-07-23 09:00:54 [main] INFO  o.s.o.j.LocalContainerEntityManagerFactoryBean - Initialized JPA EntityManagerFactory for persistence unit 'default'
2026-07-23 09:00:56 [main] DEBUG o.s.w.s.m.m.a.RequestMappingHandlerMapping - 45 mappings in 'requestMappingHandlerMapping'
2026-07-23 09:00:56 [main] DEBUG o.s.w.s.h.SimpleUrlHandlerMapping - Patterns [/h2-console] in 'viewControllerHandlerMapping'
2026-07-23 09:00:56 [main] DEBUG o.s.w.s.h.SimpleUrlHandlerMapping - Patterns [/webjars/**, /**, /swagger-ui/**, /swagger-ui/*swagger-initializer.js, /webjars/*swagger-ui/**, /webjars/*swagger-ui/*swagger-initializer.js, /webjars/*swagger-ui/5.32.2/*swagger-initializer.js] in 'resourceHandlerMapping'
2026-07-23 09:00:56 [main] DEBUG o.s.s.c.a.a.c.AuthenticationConfiguration$DefaultPasswordEncoderAuthenticationManagerBuilder - No authenticationProviders and no parentAuthenticationManager defined. Returning null.
2026-07-23 09:00:56 [main] DEBUG o.s.s.web.DefaultSecurityFilterChain - Will secure any request with filters: DisableEncodeUrlFilter, WebAsyncManagerIntegrationFilter, SecurityContextHolderFilter, HeaderWriterFilter, LogoutFilter, JwtAuthenticationFilter, RequestCacheAwareFilter, SecurityContextHolderAwareRequestFilter, AnonymousAuthenticationFilter, SessionManagementFilter, ExceptionTranslationFilter, AuthorizationFilter
2026-07-23 09:00:57 [main] DEBUG o.s.w.s.m.m.a.RequestMappingHandlerAdapter - ControllerAdvice beans: 0 @ModelAttribute, 0 @InitBinder, 1 RequestBodyAdvice, 1 ResponseBodyAdvice
2026-07-23 09:00:57 [main] DEBUG o.s.w.s.m.m.a.ExceptionHandlerExceptionResolver - ControllerAdvice beans: 2 @ExceptionHandler, 1 ResponseBodyAdvice
2026-07-23 09:00:57 [main] DEBUG c.e.a.s.JwtAuthenticationFilter - Filter 'jwtAuthenticationFilter' configured for use
2026-07-23 09:00:57 [main] INFO  o.s.b.t.m.w.SpringBootMockServletContext - Initializing Spring TestDispatcherServlet ''
2026-07-23 09:00:57 [main] INFO  o.s.t.w.s.TestDispatcherServlet - Initializing Servlet ''
2026-07-23 09:00:57 [main] INFO  o.s.t.w.s.TestDispatcherServlet - Completed initialization in 1 ms
2026-07-23 09:00:58 [main] INFO  com.ecommerce.AuthControllerTest - Started AuthControllerTest in 15.58 seconds (process running for 19.35)
2026-07-23 09:00:58 [main] WARN  o.s.c.events.SpringDocAppInitializer - SpringDoc /v3/api-docs endpoint is enabled by default. To disable it in production, set the property 'springdoc.api-docs.enabled=false'
2026-07-23 09:00:58 [main] DEBUG o.s.security.web.FilterChainProxy - Securing POST /auth/login
2026-07-23 09:00:58 [main] DEBUG o.s.s.w.a.AnonymousAuthenticationFilter - Set SecurityContextHolder to anonymous SecurityContext
2026-07-23 09:00:58 [main] DEBUG o.s.security.web.FilterChainProxy - Secured POST /auth/login
2026-07-23 09:00:58 [main] DEBUG o.s.w.s.m.m.a.RequestMappingHandlerMapping - Mapped to com.ecommerce.api.controller.AuthController#login(LoginRequest)
2026-07-23 09:00:58 [main] DEBUG o.s.w.s.m.m.a.RequestResponseBodyMethodProcessor - Read "application/json;charset=UTF-8" to [LoginRequest(email=usuario@teste.com, senha=senha123)]
2026-07-23 09:00:58 [main] INFO  c.e.api.controller.AuthController - Login realizado para: usuario@teste.com
2026-07-23 09:00:58 [main] DEBUG o.s.w.s.m.m.a.HttpEntityMethodProcessor - Using 'application/json', given [*/*] and supported [application/json, application/*+json, application/yaml]
2026-07-23 09:00:58 [main] DEBUG o.s.w.s.m.m.a.HttpEntityMethodProcessor - Writing [LoginResponse(token=token-fake, tipo=Bearer, id=1, email=usuario@teste.com, nome=Usuário Teste)]
2026-07-23 09:00:58 [main] DEBUG o.s.security.web.FilterChainProxy - Securing POST /auth/registrar
2026-07-23 09:00:58 [main] DEBUG o.s.s.w.a.AnonymousAuthenticationFilter - Set SecurityContextHolder to anonymous SecurityContext
2026-07-23 09:00:58 [main] DEBUG o.s.security.web.FilterChainProxy - Secured POST /auth/registrar
2026-07-23 09:00:58 [main] DEBUG o.s.w.s.m.m.a.RequestMappingHandlerMapping - Mapped to com.ecommerce.api.controller.AuthController#registrar(UsuarioDTO)
2026-07-23 09:00:58 [main] DEBUG o.s.w.s.m.m.a.RequestResponseBodyMethodProcessor - Read "application/json;charset=UTF-8" to [UsuarioDTO(id=null, email=novo@teste.com, senha=senha123, nome=Novo Usuário, papel=USER, ativo=true)]
2026-07-23 09:00:58 [main] INFO  c.e.api.controller.AuthController - Registrando novo usuário: novo@teste.com
2026-07-23 09:00:58 [main] DEBUG o.s.w.s.m.m.a.HttpEntityMethodProcessor - Using 'application/json', given [*/*] and supported [application/json, application/*+json, application/yaml]
2026-07-23 09:00:58 [main] DEBUG o.s.w.s.m.m.a.HttpEntityMethodProcessor - Writing [UsuarioDTO(id=null, email=novo@teste.com, senha=senha123, nome=Novo Usuário, papel=USER, ativo=true)]
2026-07-23 09:00:58 [main] INFO  o.s.t.c.s.AnnotationConfigContextLoaderUtils - Could not detect default configuration classes for test class [com.ecommerce.CategoriaControllerTest]: CategoriaControllerTest does not declare any static, non-private, non-final, nested classes annotated with @Configuration.
2026-07-23 09:00:58 [main] INFO  o.s.b.t.c.SpringBootTestContextBootstrapper - Found @SpringBootConfiguration com.ecommerce.Application for test class com.ecommerce.CategoriaControllerTest
2026-07-23 09:00:58 [main] INFO  o.s.b.d.r.RestartApplicationListener - Restart disabled due to context in which it is running
2026-07-23 09:00:58 [main] INFO  c.ecommerce.CategoriaControllerTest - Starting CategoriaControllerTest using Java 25.0.2 with PID 17252 (started by PabloBezerradaSilva in C:\Users\PabloBezerradaSilva\Documents\Java\fourcamp26-pablosilva\ecommerce-api)
2026-07-23 09:00:58 [main] DEBUG c.ecommerce.CategoriaControllerTest - Running with Spring Boot v3.5.16, Spring v6.2.19
2026-07-23 09:00:58 [main] INFO  c.ecommerce.CategoriaControllerTest - No active profile set, falling back to 1 default profile: "default"
2026-07-23 09:00:58 [main] DEBUG o.s.w.c.s.GenericWebApplicationContext - Refreshing org.springframework.web.context.support.GenericWebApplicationContext@2de15438
2026-07-23 09:00:59 [main] INFO  o.s.d.r.c.RepositoryConfigurationDelegate - Bootstrapping Spring Data JPA repositories in DEFAULT mode.
2026-07-23 09:00:59 [main] INFO  o.s.d.r.c.RepositoryConfigurationDelegate - Finished Spring Data repository scanning in 55 ms. Found 6 JPA repository interfaces.
2026-07-23 09:00:59 [main] INFO  o.h.jpa.internal.util.LogHelper - HHH000204: Processing PersistenceUnitInfo [name: default]
2026-07-23 09:00:59 [main] INFO  o.h.c.i.RegionFactoryInitiator - HHH000026: Second-level cache disabled
2026-07-23 09:00:59 [main] INFO  o.s.o.j.p.SpringPersistenceUnitInfo - No LoadTimeWeaver setup: ignoring JPA class transformer
2026-07-23 09:00:59 [main] INFO  com.zaxxer.hikari.HikariDataSource - HikariPool-2 - Starting...
2026-07-23 09:00:59 [main] INFO  com.zaxxer.hikari.pool.HikariPool - HikariPool-2 - Added connection conn10: url=jdbc:h2:mem:ecommercedb user=SA
2026-07-23 09:00:59 [main] INFO  com.zaxxer.hikari.HikariDataSource - HikariPool-2 - Start completed.
2026-07-23 09:00:59 [main] WARN  org.hibernate.orm.deprecation - HHH90000025: H2Dialect does not need to be specified explicitly using 'hibernate.dialect' (remove the property setting and it will be selected by default)
2026-07-23 09:00:59 [main] INFO  o.hibernate.orm.connections.pooling - HHH10001005: Database info:
	Database JDBC URL [Connecting through datasource 'HikariDataSource (HikariPool-2)']
	Database driver: undefined/unknown
	Database version: 2.3.232
	Autocommit mode: undefined/unknown
	Isolation level: undefined/unknown
	Minimum pool size: undefined/unknown
	Maximum pool size: undefined/unknown
2026-07-23 09:01:00 [main] INFO  o.h.e.t.j.p.i.JtaPlatformInitiator - HHH000489: No JTA platform available (set 'hibernate.transaction.jta.platform' to enable JTA platform integration)
2026-07-23 09:01:00 [main] DEBUG org.hibernate.SQL - 
    drop table if exists categorias cascade 
2026-07-23 09:01:00 [main] DEBUG org.hibernate.SQL - 
    drop table if exists clientes cascade 
2026-07-23 09:01:00 [main] DEBUG org.hibernate.SQL - 
    drop table if exists itens_pedido cascade 
2026-07-23 09:01:00 [main] DEBUG org.hibernate.SQL - 
    drop table if exists pagamentos cascade 
2026-07-23 09:01:00 [main] DEBUG org.hibernate.SQL - 
    drop table if exists pedidos cascade 
2026-07-23 09:01:00 [main] DEBUG org.hibernate.SQL - 
    drop table if exists produtos cascade 
2026-07-23 09:01:00 [main] DEBUG org.hibernate.SQL - 
    drop table if exists usuarios cascade 
2026-07-23 09:01:00 [main] DEBUG org.hibernate.SQL - 
    create table categorias (
        ativo boolean not null,
        id bigint generated by default as identity,
        nome varchar(100) not null,
        descricao TEXT,
        primary key (id)
    )
2026-07-23 09:01:00 [main] DEBUG org.hibernate.SQL - 
    create table clientes (
        ativo boolean not null,
        data_atualizacao timestamp(6),
        data_criacao timestamp(6) not null,
        id bigint generated by default as identity,
        cpf varchar(11) not null unique,
        telefone varchar(20),
        email varchar(255) not null unique,
        endereco TEXT,
        nome varchar(255) not null,
        primary key (id)
    )
2026-07-23 09:01:00 [main] DEBUG org.hibernate.SQL - 
    create table itens_pedido (
        preco_unitario numeric(10,2) not null,
        quantidade integer not null,
        id bigint generated by default as identity,
        pedido_id bigint not null,
        produto_id bigint not null,
        primary key (id)
    )
2026-07-23 09:01:00 [main] DEBUG org.hibernate.SQL - 
    create table pagamentos (
        valor float(53) not null,
        data_criacao timestamp(6) not null,
        id bigint generated by default as identity,
        pedido_id bigint not null,
        metodo varchar(50) not null,
        status enum ('APROVADO','PENDENTE','RECUSADO','REEMBOLSADO') not null,
        primary key (id)
    )
2026-07-23 09:01:00 [main] DEBUG org.hibernate.SQL - 
    create table pedidos (
        total float(53) not null,
        cliente_id bigint not null,
        data_atualizacao timestamp(6),
        data_criacao timestamp(6) not null,
        id bigint generated by default as identity,
        status enum ('CANCELADO','CONFIRMADO','ENTREGUE','ENVIADO','PENDENTE') not null,
        primary key (id)
    )
2026-07-23 09:01:00 [main] DEBUG org.hibernate.SQL - 
    create table produtos (
        ativo boolean not null,
        estoque integer not null,
        preco numeric(38,2) not null,
        categoria_id bigint not null,
        id bigint generated by default as identity,
        descricao TEXT,
        nome varchar(255) not null,
        primary key (id)
    )
2026-07-23 09:01:00 [main] DEBUG org.hibernate.SQL - 
    create table usuarios (
        ativo boolean not null,
        id bigint generated by default as identity,
        email varchar(255) not null unique,
        nome varchar(255) not null,
        senha varchar(255) not null,
        papel enum ('ADMIN','USER') not null,
        primary key (id)
    )
2026-07-23 09:01:00 [main] DEBUG org.hibernate.SQL - 
    alter table if exists itens_pedido 
       add constraint FK42mycompce3b7yt3l6ukdwsxy 
       foreign key (pedido_id) 
       references pedidos
2026-07-23 09:01:00 [main] DEBUG org.hibernate.SQL - 
    alter table if exists itens_pedido 
       add constraint FKxytdlekpdaobqphujy9bmuhl 
       foreign key (produto_id) 
       references produtos
2026-07-23 09:01:00 [main] DEBUG org.hibernate.SQL - 
    alter table if exists pagamentos 
       add constraint FKb0dh6865y8h4irwdrl4ici3kl 
       foreign key (pedido_id) 
       references pedidos
2026-07-23 09:01:00 [main] DEBUG org.hibernate.SQL - 
    alter table if exists pedidos 
       add constraint FKg7202lk0hwxn04bmdl2thth5b 
       foreign key (cliente_id) 
       references clientes
2026-07-23 09:01:00 [main] DEBUG org.hibernate.SQL - 
    alter table if exists produtos 
       add constraint FK8rqw0ljwdaom34jr2t46bjtrn 
       foreign key (categoria_id) 
       references categorias
2026-07-23 09:01:00 [main] INFO  o.s.o.j.LocalContainerEntityManagerFactoryBean - Initialized JPA EntityManagerFactory for persistence unit 'default'
2026-07-23 09:01:00 [main] DEBUG o.s.w.s.m.m.a.RequestMappingHandlerMapping - 45 mappings in 'requestMappingHandlerMapping'
2026-07-23 09:01:00 [main] DEBUG o.s.w.s.h.SimpleUrlHandlerMapping - Patterns [/h2-console] in 'viewControllerHandlerMapping'
2026-07-23 09:01:00 [main] DEBUG o.s.w.s.h.SimpleUrlHandlerMapping - Patterns [/webjars/**, /**, /swagger-ui/**, /swagger-ui/*swagger-initializer.js, /webjars/*swagger-ui/**, /webjars/*swagger-ui/*swagger-initializer.js, /webjars/*swagger-ui/5.32.2/*swagger-initializer.js] in 'resourceHandlerMapping'
2026-07-23 09:01:00 [main] DEBUG o.s.s.c.a.a.c.AuthenticationConfiguration$DefaultPasswordEncoderAuthenticationManagerBuilder - No authenticationProviders and no parentAuthenticationManager defined. Returning null.
2026-07-23 09:01:00 [main] DEBUG o.s.s.web.DefaultSecurityFilterChain - Will secure any request with filters: DisableEncodeUrlFilter, WebAsyncManagerIntegrationFilter, SecurityContextHolderFilter, HeaderWriterFilter, LogoutFilter, JwtAuthenticationFilter, RequestCacheAwareFilter, SecurityContextHolderAwareRequestFilter, AnonymousAuthenticationFilter, SessionManagementFilter, ExceptionTranslationFilter, AuthorizationFilter
2026-07-23 09:01:00 [main] DEBUG o.s.w.s.m.m.a.RequestMappingHandlerAdapter - ControllerAdvice beans: 0 @ModelAttribute, 0 @InitBinder, 1 RequestBodyAdvice, 1 ResponseBodyAdvice
2026-07-23 09:01:00 [main] DEBUG o.s.w.s.m.m.a.ExceptionHandlerExceptionResolver - ControllerAdvice beans: 2 @ExceptionHandler, 1 ResponseBodyAdvice
2026-07-23 09:01:00 [main] DEBUG c.e.a.s.JwtAuthenticationFilter - Filter 'jwtAuthenticationFilter' configured for use
2026-07-23 09:01:00 [main] INFO  o.s.b.t.m.w.SpringBootMockServletContext - Initializing Spring TestDispatcherServlet ''
2026-07-23 09:01:00 [main] INFO  o.s.t.w.s.TestDispatcherServlet - Initializing Servlet ''
2026-07-23 09:01:00 [main] INFO  o.s.t.w.s.TestDispatcherServlet - Completed initialization in 2 ms
2026-07-23 09:01:00 [main] INFO  c.ecommerce.CategoriaControllerTest - Started CategoriaControllerTest in 2.063 seconds (process running for 22.073)
2026-07-23 09:01:00 [main] WARN  o.s.c.events.SpringDocAppInitializer - SpringDoc /v3/api-docs endpoint is enabled by default. To disable it in production, set the property 'springdoc.api-docs.enabled=false'
2026-07-23 09:01:00 [main] DEBUG o.s.security.web.FilterChainProxy - Securing GET /categorias/999
2026-07-23 09:01:00 [main] DEBUG o.s.security.web.FilterChainProxy - Secured GET /categorias/999
2026-07-23 09:01:00 [main] DEBUG o.s.w.s.m.m.a.RequestMappingHandlerMapping - Mapped to com.ecommerce.api.controller.CategoriaController#obter(Long)
2026-07-23 09:01:00 [main] DEBUG o.s.w.s.m.m.a.ExceptionHandlerExceptionResolver - Using @ExceptionHandler com.ecommerce.api.exception.GlobalExceptionHandler#handleRecursoNaoEncontrado(RecursoNaoEncontradoException, WebRequest)
2026-07-23 09:01:00 [main] ERROR c.e.a.e.GlobalExceptionHandler - Recurso não encontrado: Categoria não encontrada
2026-07-23 09:01:00 [main] DEBUG o.s.w.s.m.m.a.HttpEntityMethodProcessor - Using 'application/json', given [*/*] and supported [application/json, application/*+json, application/yaml]
2026-07-23 09:01:00 [main] DEBUG o.s.w.s.m.m.a.HttpEntityMethodProcessor - Writing [ErrorResponse(timestamp=2026-07-23T09:01:00.826593300, status=404, erro=Recurso não encontrado, mens (truncated)...]
2026-07-23 09:01:00 [main] DEBUG o.s.w.s.m.m.a.ExceptionHandlerExceptionResolver - Resolved [com.ecommerce.api.exception.RecursoNaoEncontradoException: Categoria não encontrada]
2026-07-23 09:01:00 [main] DEBUG o.s.security.web.FilterChainProxy - Securing POST /categorias
2026-07-23 09:01:00 [main] DEBUG o.s.security.web.FilterChainProxy - Secured POST /categorias
2026-07-23 09:01:00 [main] DEBUG o.s.w.s.m.m.a.RequestMappingHandlerMapping - Mapped to com.ecommerce.api.controller.CategoriaController#criar(CategoriaDTO)
2026-07-23 09:01:00 [main] DEBUG o.s.w.s.m.m.a.RequestResponseBodyMethodProcessor - Read "application/json;charset=UTF-8" to [CategoriaDTO(id=1, nome=Eletrônicos, descricao=Produtos eletrônicos, ativo=true)]
2026-07-23 09:01:00 [main] DEBUG o.s.w.s.m.m.a.HttpEntityMethodProcessor - Using 'application/json', given [*/*] and supported [application/json, application/*+json, application/yaml]
2026-07-23 09:01:00 [main] DEBUG o.s.w.s.m.m.a.HttpEntityMethodProcessor - Writing [CategoriaDTO(id=1, nome=Eletrônicos, descricao=Produtos eletrônicos, ativo=true)]
2026-07-23 09:01:00 [main] DEBUG o.s.security.web.FilterChainProxy - Securing GET /categorias/1
2026-07-23 09:01:00 [main] DEBUG o.s.security.web.FilterChainProxy - Secured GET /categorias/1
2026-07-23 09:01:00 [main] DEBUG o.s.w.s.m.m.a.RequestMappingHandlerMapping - Mapped to com.ecommerce.api.controller.CategoriaController#obter(Long)
2026-07-23 09:01:00 [main] DEBUG o.s.w.s.m.m.a.HttpEntityMethodProcessor - Using 'application/json', given [*/*] and supported [application/json, application/*+json, application/yaml]
2026-07-23 09:01:00 [main] DEBUG o.s.w.s.m.m.a.HttpEntityMethodProcessor - Writing [CategoriaDTO(id=1, nome=Eletrônicos, descricao=Produtos eletrônicos, ativo=true)]
2026-07-23 09:01:00 [main] DEBUG o.s.security.web.FilterChainProxy - Securing GET /categorias
2026-07-23 09:01:00 [main] DEBUG o.s.security.web.FilterChainProxy - Secured GET /categorias
2026-07-23 09:01:00 [main] DEBUG o.s.w.s.m.m.a.RequestMappingHandlerMapping - Mapped to com.ecommerce.api.controller.CategoriaController#listar(int, int, String, String)
2026-07-23 09:01:00 [main] DEBUG o.s.w.s.m.m.a.HttpEntityMethodProcessor - Using 'application/json', given [*/*] and supported [application/json, application/*+json, application/yaml]
2026-07-23 09:01:00 [main] DEBUG o.s.w.s.m.m.a.HttpEntityMethodProcessor - Writing [Page 1 of 1 containing com.ecommerce.api.dto.CategoriaDTO instances]
2026-07-23 09:01:01 [main] DEBUG o.s.security.web.FilterChainProxy - Securing PUT /categorias/1
2026-07-23 09:01:01 [main] DEBUG o.s.security.web.FilterChainProxy - Secured PUT /categorias/1
2026-07-23 09:01:01 [main] DEBUG o.s.w.s.m.m.a.RequestMappingHandlerMapping - Mapped to com.ecommerce.api.controller.CategoriaController#atualizar(Long, CategoriaDTO)
2026-07-23 09:01:01 [main] DEBUG o.s.w.s.m.m.a.RequestResponseBodyMethodProcessor - Read "application/json;charset=UTF-8" to [CategoriaDTO(id=1, nome=Eletrônicos, descricao=Produtos eletrônicos, ativo=true)]
2026-07-23 09:01:01 [main] DEBUG o.s.w.s.m.m.a.HttpEntityMethodProcessor - Using 'application/json', given [*/*] and supported [application/json, application/*+json, application/yaml]
2026-07-23 09:01:01 [main] DEBUG o.s.w.s.m.m.a.HttpEntityMethodProcessor - Writing [CategoriaDTO(id=1, nome=Eletrônicos, descricao=Produtos eletrônicos, ativo=true)]
2026-07-23 09:01:01 [main] DEBUG o.s.security.web.FilterChainProxy - Securing DELETE /categorias/1
2026-07-23 09:01:01 [main] DEBUG o.s.security.web.FilterChainProxy - Secured DELETE /categorias/1
2026-07-23 09:01:01 [main] DEBUG o.s.w.s.m.m.a.RequestMappingHandlerMapping - Mapped to com.ecommerce.api.controller.CategoriaController#deletar(Long)
2026-07-23 09:01:01 [main] DEBUG o.s.w.s.m.m.a.HttpEntityMethodProcessor - Using 'application/json', given [*/*] and supported [application/json, application/*+json, application/yaml]
2026-07-23 09:01:01 [main] DEBUG o.s.w.s.m.m.a.HttpEntityMethodProcessor - Nothing to write: null body
2026-07-23 09:01:01 [main] DEBUG o.s.security.web.FilterChainProxy - Securing POST /categorias
2026-07-23 09:01:01 [main] DEBUG o.s.security.web.FilterChainProxy - Secured POST /categorias
2026-07-23 09:01:01 [main] DEBUG o.s.w.s.m.m.a.RequestMappingHandlerMapping - Mapped to com.ecommerce.api.controller.CategoriaController#criar(CategoriaDTO)
2026-07-23 09:01:01 [main] DEBUG o.s.w.s.m.m.a.RequestResponseBodyMethodProcessor - Read "application/json;charset=UTF-8" to [CategoriaDTO(id=null, nome=, descricao=null, ativo=true)]
2026-07-23 09:01:01 [main] DEBUG o.s.w.s.m.m.a.ExceptionHandlerExceptionResolver - Using @ExceptionHandler com.ecommerce.api.exception.GlobalExceptionHandler#handleValidationExceptions(MethodArgumentNotValidException, WebRequest)
2026-07-23 09:01:01 [main] ERROR c.e.a.e.GlobalExceptionHandler - Erro de validação: {nome=Nome é obrigatório}
2026-07-23 09:01:01 [main] DEBUG o.s.w.s.m.m.a.HttpEntityMethodProcessor - Using 'application/json', given [*/*] and supported [application/json, application/*+json, application/yaml]
2026-07-23 09:01:01 [main] DEBUG o.s.w.s.m.m.a.HttpEntityMethodProcessor - Writing [ErrorResponse(timestamp=2026-07-23T09:01:01.093879800, status=400, erro=Erro de validação, mensagem= (truncated)...]
2026-07-23 09:01:01 [main] DEBUG o.s.w.s.m.m.a.ExceptionHandlerExceptionResolver - Resolved [org.springframework.web.bind.MethodArgumentNotValidException: Validation failed for argument [0] in public org.springframework.http.ResponseEntity<com.ecommerce.api.dto.CategoriaDTO> com.ecommerce.api.controller.CategoriaController.criar(com.ecommerce.api.dto.CategoriaDTO) with 2 errors: [Field error in object 'categoriaDTO' on field 'nome': rejected value []; codes [Size.categoriaDTO.nome,Size.nome,Size.java.lang.String,Size]; arguments [org.springframework.context.support.DefaultMessageSourceResolvable: codes [categoriaDTO.nome,nome]; arguments []; default message [nome],100,2]; default message [Nome deve ter entre 2 e 100 caracteres]] [Field error in object 'categoriaDTO' on field 'nome': rejected value []; codes [NotBlank.categoriaDTO.nome,NotBlank.nome,NotBlank.java.lang.String,NotBlank]; arguments [org.springframework.context.support.DefaultMessageSourceResolvable: codes [categoriaDTO.nome,nome]; arguments []; default message [nome]]; default message [Nome é obrigatório]] ]
2026-07-23 09:01:01 [main] DEBUG o.s.security.web.FilterChainProxy - Securing GET /categorias/todas
2026-07-23 09:01:01 [main] DEBUG o.s.security.web.FilterChainProxy - Secured GET /categorias/todas
2026-07-23 09:01:01 [main] DEBUG o.s.w.s.m.m.a.RequestMappingHandlerMapping - Mapped to com.ecommerce.api.controller.CategoriaController#listarTodas()
2026-07-23 09:01:01 [main] DEBUG o.s.w.s.m.m.a.HttpEntityMethodProcessor - Using 'application/json', given [*/*] and supported [application/json, application/*+json, application/yaml]
2026-07-23 09:01:01 [main] DEBUG o.s.w.s.m.m.a.HttpEntityMethodProcessor - Writing [[CategoriaDTO(id=1, nome=Eletrônicos, descricao=Produtos eletrônicos, ativo=true)]]
2026-07-23 09:01:01 [main] INFO  o.s.t.c.s.AnnotationConfigContextLoaderUtils - Could not detect default configuration classes for test class [com.ecommerce.ClienteControllerTest]: ClienteControllerTest does not declare any static, non-private, non-final, nested classes annotated with @Configuration.
2026-07-23 09:01:01 [main] INFO  o.s.b.t.c.SpringBootTestContextBootstrapper - Found @SpringBootConfiguration com.ecommerce.Application for test class com.ecommerce.ClienteControllerTest
2026-07-23 09:01:01 [main] INFO  o.s.b.d.r.RestartApplicationListener - Restart disabled due to context in which it is running
2026-07-23 09:01:01 [main] INFO  com.ecommerce.ClienteControllerTest - Starting ClienteControllerTest using Java 25.0.2 with PID 17252 (started by PabloBezerradaSilva in C:\Users\PabloBezerradaSilva\Documents\Java\fourcamp26-pablosilva\ecommerce-api)
2026-07-23 09:01:01 [main] DEBUG com.ecommerce.ClienteControllerTest - Running with Spring Boot v3.5.16, Spring v6.2.19
2026-07-23 09:01:01 [main] INFO  com.ecommerce.ClienteControllerTest - No active profile set, falling back to 1 default profile: "default"
2026-07-23 09:01:01 [main] DEBUG o.s.w.c.s.GenericWebApplicationContext - Refreshing org.springframework.web.context.support.GenericWebApplicationContext@477abd51
2026-07-23 09:01:02 [main] INFO  o.s.d.r.c.RepositoryConfigurationDelegate - Bootstrapping Spring Data JPA repositories in DEFAULT mode.
2026-07-23 09:01:02 [main] INFO  o.s.d.r.c.RepositoryConfigurationDelegate - Finished Spring Data repository scanning in 43 ms. Found 6 JPA repository interfaces.
2026-07-23 09:01:02 [main] INFO  o.h.jpa.internal.util.LogHelper - HHH000204: Processing PersistenceUnitInfo [name: default]
2026-07-23 09:01:02 [main] INFO  o.h.c.i.RegionFactoryInitiator - HHH000026: Second-level cache disabled
2026-07-23 09:01:02 [main] INFO  o.s.o.j.p.SpringPersistenceUnitInfo - No LoadTimeWeaver setup: ignoring JPA class transformer
2026-07-23 09:01:02 [main] INFO  com.zaxxer.hikari.HikariDataSource - HikariPool-3 - Starting...
2026-07-23 09:01:02 [main] INFO  com.zaxxer.hikari.pool.HikariPool - HikariPool-3 - Added connection conn20: url=jdbc:h2:mem:ecommercedb user=SA
2026-07-23 09:01:02 [main] INFO  com.zaxxer.hikari.HikariDataSource - HikariPool-3 - Start completed.
2026-07-23 09:01:02 [main] WARN  org.hibernate.orm.deprecation - HHH90000025: H2Dialect does not need to be specified explicitly using 'hibernate.dialect' (remove the property setting and it will be selected by default)
2026-07-23 09:01:02 [main] INFO  o.hibernate.orm.connections.pooling - HHH10001005: Database info:
	Database JDBC URL [Connecting through datasource 'HikariDataSource (HikariPool-3)']
	Database driver: undefined/unknown
	Database version: 2.3.232
	Autocommit mode: undefined/unknown
	Isolation level: undefined/unknown
	Minimum pool size: undefined/unknown
	Maximum pool size: undefined/unknown
2026-07-23 09:01:02 [main] INFO  o.h.e.t.j.p.i.JtaPlatformInitiator - HHH000489: No JTA platform available (set 'hibernate.transaction.jta.platform' to enable JTA platform integration)
2026-07-23 09:01:02 [main] DEBUG org.hibernate.SQL - 
    drop table if exists categorias cascade 
2026-07-23 09:01:02 [main] DEBUG org.hibernate.SQL - 
    drop table if exists clientes cascade 
2026-07-23 09:01:02 [main] DEBUG org.hibernate.SQL - 
    drop table if exists itens_pedido cascade 
2026-07-23 09:01:02 [main] DEBUG org.hibernate.SQL - 
    drop table if exists pagamentos cascade 
2026-07-23 09:01:02 [main] DEBUG org.hibernate.SQL - 
    drop table if exists pedidos cascade 
2026-07-23 09:01:02 [main] DEBUG org.hibernate.SQL - 
    drop table if exists produtos cascade 
2026-07-23 09:01:02 [main] DEBUG org.hibernate.SQL - 
    drop table if exists usuarios cascade 
2026-07-23 09:01:02 [main] DEBUG org.hibernate.SQL - 
    create table categorias (
        ativo boolean not null,
        id bigint generated by default as identity,
        nome varchar(100) not null,
        descricao TEXT,
        primary key (id)
    )
2026-07-23 09:01:02 [main] DEBUG org.hibernate.SQL - 
    create table clientes (
        ativo boolean not null,
        data_atualizacao timestamp(6),
        data_criacao timestamp(6) not null,
        id bigint generated by default as identity,
        cpf varchar(11) not null unique,
        telefone varchar(20),
        email varchar(255) not null unique,
        endereco TEXT,
        nome varchar(255) not null,
        primary key (id)
    )
2026-07-23 09:01:02 [main] DEBUG org.hibernate.SQL - 
    create table itens_pedido (
        preco_unitario numeric(10,2) not null,
        quantidade integer not null,
        id bigint generated by default as identity,
        pedido_id bigint not null,
        produto_id bigint not null,
        primary key (id)
    )
2026-07-23 09:01:02 [main] DEBUG org.hibernate.SQL - 
    create table pagamentos (
        valor float(53) not null,
        data_criacao timestamp(6) not null,
        id bigint generated by default as identity,
        pedido_id bigint not null,
        metodo varchar(50) not null,
        status enum ('APROVADO','PENDENTE','RECUSADO','REEMBOLSADO') not null,
        primary key (id)
    )
2026-07-23 09:01:02 [main] DEBUG org.hibernate.SQL - 
    create table pedidos (
        total float(53) not null,
        cliente_id bigint not null,
        data_atualizacao timestamp(6),
        data_criacao timestamp(6) not null,
        id bigint generated by default as identity,
        status enum ('CANCELADO','CONFIRMADO','ENTREGUE','ENVIADO','PENDENTE') not null,
        primary key (id)
    )
2026-07-23 09:01:02 [main] DEBUG org.hibernate.SQL - 
    create table produtos (
        ativo boolean not null,
        estoque integer not null,
        preco numeric(38,2) not null,
        categoria_id bigint not null,
        id bigint generated by default as identity,
        descricao TEXT,
        nome varchar(255) not null,
        primary key (id)
    )
2026-07-23 09:01:02 [main] DEBUG org.hibernate.SQL - 
    create table usuarios (
        ativo boolean not null,
        id bigint generated by default as identity,
        email varchar(255) not null unique,
        nome varchar(255) not null,
        senha varchar(255) not null,
        papel enum ('ADMIN','USER') not null,
        primary key (id)
    )
2026-07-23 09:01:02 [main] DEBUG org.hibernate.SQL - 
    alter table if exists itens_pedido 
       add constraint FK42mycompce3b7yt3l6ukdwsxy 
       foreign key (pedido_id) 
       references pedidos
2026-07-23 09:01:02 [main] DEBUG org.hibernate.SQL - 
    alter table if exists itens_pedido 
       add constraint FKxytdlekpdaobqphujy9bmuhl 
       foreign key (produto_id) 
       references produtos
2026-07-23 09:01:02 [main] DEBUG org.hibernate.SQL - 
    alter table if exists pagamentos 
       add constraint FKb0dh6865y8h4irwdrl4ici3kl 
       foreign key (pedido_id) 
       references pedidos
2026-07-23 09:01:02 [main] DEBUG org.hibernate.SQL - 
    alter table if exists pedidos 
       add constraint FKg7202lk0hwxn04bmdl2thth5b 
       foreign key (cliente_id) 
       references clientes
2026-07-23 09:01:02 [main] DEBUG org.hibernate.SQL - 
    alter table if exists produtos 
       add constraint FK8rqw0ljwdaom34jr2t46bjtrn 
       foreign key (categoria_id) 
       references categorias
2026-07-23 09:01:02 [main] INFO  o.s.o.j.LocalContainerEntityManagerFactoryBean - Initialized JPA EntityManagerFactory for persistence unit 'default'
2026-07-23 09:01:02 [main] DEBUG o.s.w.s.m.m.a.RequestMappingHandlerMapping - 45 mappings in 'requestMappingHandlerMapping'
2026-07-23 09:01:02 [main] DEBUG o.s.w.s.h.SimpleUrlHandlerMapping - Patterns [/h2-console] in 'viewControllerHandlerMapping'
2026-07-23 09:01:02 [main] DEBUG o.s.w.s.h.SimpleUrlHandlerMapping - Patterns [/webjars/**, /**, /swagger-ui/**, /swagger-ui/*swagger-initializer.js, /webjars/*swagger-ui/**, /webjars/*swagger-ui/*swagger-initializer.js, /webjars/*swagger-ui/5.32.2/*swagger-initializer.js] in 'resourceHandlerMapping'
2026-07-23 09:01:02 [main] DEBUG o.s.s.c.a.a.c.AuthenticationConfiguration$DefaultPasswordEncoderAuthenticationManagerBuilder - No authenticationProviders and no parentAuthenticationManager defined. Returning null.
2026-07-23 09:01:02 [main] DEBUG o.s.s.web.DefaultSecurityFilterChain - Will secure any request with filters: DisableEncodeUrlFilter, WebAsyncManagerIntegrationFilter, SecurityContextHolderFilter, HeaderWriterFilter, LogoutFilter, JwtAuthenticationFilter, RequestCacheAwareFilter, SecurityContextHolderAwareRequestFilter, AnonymousAuthenticationFilter, SessionManagementFilter, ExceptionTranslationFilter, AuthorizationFilter
2026-07-23 09:01:02 [main] DEBUG o.s.w.s.m.m.a.RequestMappingHandlerAdapter - ControllerAdvice beans: 0 @ModelAttribute, 0 @InitBinder, 1 RequestBodyAdvice, 1 ResponseBodyAdvice
2026-07-23 09:01:02 [main] DEBUG o.s.w.s.m.m.a.ExceptionHandlerExceptionResolver - ControllerAdvice beans: 2 @ExceptionHandler, 1 ResponseBodyAdvice
2026-07-23 09:01:02 [main] DEBUG c.e.a.s.JwtAuthenticationFilter - Filter 'jwtAuthenticationFilter' configured for use
2026-07-23 09:01:02 [main] INFO  o.s.b.t.m.w.SpringBootMockServletContext - Initializing Spring TestDispatcherServlet ''
2026-07-23 09:01:02 [main] INFO  o.s.t.w.s.TestDispatcherServlet - Initializing Servlet ''
2026-07-23 09:01:02 [main] INFO  o.s.t.w.s.TestDispatcherServlet - Completed initialization in 2 ms
2026-07-23 09:01:02 [main] INFO  com.ecommerce.ClienteControllerTest - Started ClienteControllerTest in 1.4 seconds (process running for 24.281)
2026-07-23 09:01:02 [main] WARN  o.s.c.events.SpringDocAppInitializer - SpringDoc /v3/api-docs endpoint is enabled by default. To disable it in production, set the property 'springdoc.api-docs.enabled=false'
2026-07-23 09:01:02 [main] DEBUG o.s.security.web.FilterChainProxy - Securing GET /clientes/999
2026-07-23 09:01:02 [main] DEBUG o.s.security.web.FilterChainProxy - Secured GET /clientes/999
2026-07-23 09:01:02 [main] DEBUG o.s.w.s.m.m.a.RequestMappingHandlerMapping - Mapped to com.ecommerce.api.controller.ClienteController#obter(Long)
2026-07-23 09:01:03 [main] DEBUG o.s.w.s.m.m.a.ExceptionHandlerExceptionResolver - Using @ExceptionHandler com.ecommerce.api.exception.GlobalExceptionHandler#handleRecursoNaoEncontrado(RecursoNaoEncontradoException, WebRequest)
2026-07-23 09:01:03 [main] ERROR c.e.a.e.GlobalExceptionHandler - Recurso não encontrado: Cliente não encontrado
2026-07-23 09:01:03 [main] DEBUG o.s.w.s.m.m.a.HttpEntityMethodProcessor - Using 'application/json', given [*/*] and supported [application/json, application/*+json, application/yaml]
2026-07-23 09:01:03 [main] DEBUG o.s.w.s.m.m.a.HttpEntityMethodProcessor - Writing [ErrorResponse(timestamp=2026-07-23T09:01:03.002775200, status=404, erro=Recurso não encontrado, mens (truncated)...]
2026-07-23 09:01:03 [main] DEBUG o.s.w.s.m.m.a.ExceptionHandlerExceptionResolver - Resolved [com.ecommerce.api.exception.RecursoNaoEncontradoException: Cliente não encontrado]
2026-07-23 09:01:03 [main] DEBUG o.s.security.web.FilterChainProxy - Securing POST /clientes
2026-07-23 09:01:03 [main] DEBUG o.s.security.web.FilterChainProxy - Secured POST /clientes
2026-07-23 09:01:03 [main] DEBUG o.s.w.s.m.m.a.RequestMappingHandlerMapping - Mapped to com.ecommerce.api.controller.ClienteController#criar(ClienteDTO)
2026-07-23 09:01:03 [main] DEBUG o.s.w.s.m.m.a.RequestResponseBodyMethodProcessor - Read "application/json;charset=UTF-8" to [ClienteDTO(id=null, nome=João Silva, cpf=12345678901, email=email-invalido, telefone=null, endereco= (truncated)...]
2026-07-23 09:01:03 [main] DEBUG o.s.w.s.m.m.a.ExceptionHandlerExceptionResolver - Using @ExceptionHandler com.ecommerce.api.exception.GlobalExceptionHandler#handleValidationExceptions(MethodArgumentNotValidException, WebRequest)
2026-07-23 09:01:03 [main] ERROR c.e.a.e.GlobalExceptionHandler - Erro de validação: {email=Email deve ser válido}
2026-07-23 09:01:03 [main] DEBUG o.s.w.s.m.m.a.HttpEntityMethodProcessor - Using 'application/json', given [*/*] and supported [application/json, application/*+json, application/yaml]
2026-07-23 09:01:03 [main] DEBUG o.s.w.s.m.m.a.HttpEntityMethodProcessor - Writing [ErrorResponse(timestamp=2026-07-23T09:01:03.053641400, status=400, erro=Erro de validação, mensagem= (truncated)...]
2026-07-23 09:01:03 [main] DEBUG o.s.w.s.m.m.a.ExceptionHandlerExceptionResolver - Resolved [org.springframework.web.bind.MethodArgumentNotValidException: Validation failed for argument [0] in public org.springframework.http.ResponseEntity<com.ecommerce.api.dto.ClienteDTO> com.ecommerce.api.controller.ClienteController.criar(com.ecommerce.api.dto.ClienteDTO): [Field error in object 'clienteDTO' on field 'email': rejected value [email-invalido]; codes [Email.clienteDTO.email,Email.email,Email.java.lang.String,Email]; arguments [org.springframework.context.support.DefaultMessageSourceResolvable: codes [clienteDTO.email,email]; arguments []; default message [email],[Ljakarta.validation.constraints.Pattern$Flag;@66547d1,.*]; default message [Email deve ser válido]] ]
2026-07-23 09:01:03 [main] DEBUG o.s.security.web.FilterChainProxy - Securing POST /clientes
2026-07-23 09:01:03 [main] DEBUG o.s.security.web.FilterChainProxy - Secured POST /clientes
2026-07-23 09:01:03 [main] DEBUG o.s.w.s.m.m.a.RequestMappingHandlerMapping - Mapped to com.ecommerce.api.controller.ClienteController#criar(ClienteDTO)
2026-07-23 09:01:03 [main] DEBUG o.s.w.s.m.m.a.RequestResponseBodyMethodProcessor - Read "application/json;charset=UTF-8" to [ClienteDTO(id=1, nome=João Silva, cpf=12345678901, email=joao@example.com, telefone=null, endereco=n (truncated)...]
2026-07-23 09:01:03 [main] DEBUG o.s.w.s.m.m.a.HttpEntityMethodProcessor - Using 'application/json', given [*/*] and supported [application/json, application/*+json, application/yaml]
2026-07-23 09:01:03 [main] DEBUG o.s.w.s.m.m.a.HttpEntityMethodProcessor - Writing [ClienteDTO(id=1, nome=João Silva, cpf=12345678901, email=joao@example.com, telefone=null, endereco=n (truncated)...]
2026-07-23 09:01:03 [main] DEBUG o.s.security.web.FilterChainProxy - Securing GET /clientes/1
2026-07-23 09:01:03 [main] DEBUG o.s.security.web.FilterChainProxy - Secured GET /clientes/1
2026-07-23 09:01:03 [main] DEBUG o.s.w.s.m.m.a.RequestMappingHandlerMapping - Mapped to com.ecommerce.api.controller.ClienteController#obter(Long)
2026-07-23 09:01:03 [main] DEBUG o.s.w.s.m.m.a.HttpEntityMethodProcessor - Using 'application/json', given [*/*] and supported [application/json, application/*+json, application/yaml]
2026-07-23 09:01:03 [main] DEBUG o.s.w.s.m.m.a.HttpEntityMethodProcessor - Writing [ClienteDTO(id=1, nome=João Silva, cpf=12345678901, email=joao@example.com, telefone=null, endereco=n (truncated)...]
2026-07-23 09:01:03 [main] DEBUG o.s.security.web.FilterChainProxy - Securing GET /clientes
2026-07-23 09:01:03 [main] DEBUG o.s.security.web.FilterChainProxy - Secured GET /clientes
2026-07-23 09:01:03 [main] DEBUG o.s.w.s.m.m.a.RequestMappingHandlerMapping - Mapped to com.ecommerce.api.controller.ClienteController#listar(int, int, String, String)
2026-07-23 09:01:03 [main] DEBUG o.s.w.s.m.m.a.HttpEntityMethodProcessor - Using 'application/json', given [*/*] and supported [application/json, application/*+json, application/yaml]
2026-07-23 09:01:03 [main] DEBUG o.s.w.s.m.m.a.HttpEntityMethodProcessor - Writing [Page 1 of 1 containing com.ecommerce.api.dto.ClienteDTO instances]
2026-07-23 09:01:03 [main] DEBUG o.s.security.web.FilterChainProxy - Securing PUT /clientes/1
2026-07-23 09:01:03 [main] DEBUG o.s.security.web.FilterChainProxy - Secured PUT /clientes/1
2026-07-23 09:01:03 [main] DEBUG o.s.w.s.m.m.a.RequestMappingHandlerMapping - Mapped to com.ecommerce.api.controller.ClienteController#atualizar(Long, ClienteDTO)
2026-07-23 09:01:03 [main] DEBUG o.s.w.s.m.m.a.RequestResponseBodyMethodProcessor - Read "application/json;charset=UTF-8" to [ClienteDTO(id=1, nome=João Silva, cpf=12345678901, email=joao@example.com, telefone=null, endereco=n (truncated)...]
2026-07-23 09:01:03 [main] DEBUG o.s.w.s.m.m.a.HttpEntityMethodProcessor - Using 'application/json', given [*/*] and supported [application/json, application/*+json, application/yaml]
2026-07-23 09:01:03 [main] DEBUG o.s.w.s.m.m.a.HttpEntityMethodProcessor - Writing [ClienteDTO(id=1, nome=João Silva, cpf=12345678901, email=joao@example.com, telefone=null, endereco=n (truncated)...]
2026-07-23 09:01:03 [main] DEBUG o.s.security.web.FilterChainProxy - Securing DELETE /clientes/1
2026-07-23 09:01:03 [main] DEBUG o.s.security.web.FilterChainProxy - Secured DELETE /clientes/1
2026-07-23 09:01:03 [main] DEBUG o.s.w.s.m.m.a.RequestMappingHandlerMapping - Mapped to com.ecommerce.api.controller.ClienteController#deletar(Long)
2026-07-23 09:01:03 [main] DEBUG o.s.w.s.m.m.a.HttpEntityMethodProcessor - Using 'application/json', given [*/*] and supported [application/json, application/*+json, application/yaml]
2026-07-23 09:01:03 [main] DEBUG o.s.w.s.m.m.a.HttpEntityMethodProcessor - Nothing to write: null body
2026-07-23 09:01:03 [main] DEBUG o.s.security.web.FilterChainProxy - Securing GET /clientes/todos
2026-07-23 09:01:03 [main] DEBUG o.s.security.web.FilterChainProxy - Secured GET /clientes/todos
2026-07-23 09:01:03 [main] DEBUG o.s.w.s.m.m.a.RequestMappingHandlerMapping - Mapped to com.ecommerce.api.controller.ClienteController#listarTodos()
2026-07-23 09:01:03 [main] DEBUG o.s.w.s.m.m.a.HttpEntityMethodProcessor - Using 'application/json', given [*/*] and supported [application/json, application/*+json, application/yaml]
2026-07-23 09:01:03 [main] DEBUG o.s.w.s.m.m.a.HttpEntityMethodProcessor - Writing [[ClienteDTO(id=1, nome=João Silva, cpf=12345678901, email=joao@example.com, telefone=null, endereco= (truncated)...]
2026-07-23 09:01:03 [main] ERROR c.e.a.e.GlobalExceptionHandler - Recurso não encontrado: Produto não encontrado
2026-07-23 09:01:03 [main] ERROR c.e.a.e.GlobalExceptionHandler - Erro de validação: {nome=não pode estar em branco}
2026-07-23 09:01:03 [main] ERROR c.e.a.e.GlobalExceptionHandler - Erro interno do servidor
java.lang.RuntimeException: Algo inesperado aconteceu
	at com.ecommerce.GlobalExceptionHandlerTest.testHandleGlobalException(GlobalExceptionHandlerTest.java:91)
	at java.base/jdk.internal.reflect.DirectMethodHandleAccessor.invoke(DirectMethodHandleAccessor.java:104)
	at java.base/java.lang.reflect.Method.invoke(Method.java:565)
	at org.junit.platform.commons.util.ReflectionUtils.invokeMethod(ReflectionUtils.java:775)
	at org.junit.platform.commons.support.ReflectionSupport.invokeMethod(ReflectionSupport.java:479)
	at org.junit.jupiter.engine.execution.MethodInvocation.proceed(MethodInvocation.java:60)
	at org.junit.jupiter.engine.execution.InvocationInterceptorChain$ValidatingInvocation.proceed(InvocationInterceptorChain.java:131)
	at org.junit.jupiter.engine.extension.TimeoutExtension.intercept(TimeoutExtension.java:161)
	at org.junit.jupiter.engine.extension.TimeoutExtension.interceptTestableMethod(TimeoutExtension.java:152)
	at org.junit.jupiter.engine.extension.TimeoutExtension.interceptTestMethod(TimeoutExtension.java:91)
	at org.junit.jupiter.engine.execution.InterceptingExecutableInvoker$ReflectiveInterceptorCall.lambda$ofVoidMethod$0(InterceptingExecutableInvoker.java:112)
	at org.junit.jupiter.engine.execution.InterceptingExecutableInvoker.lambda$invoke$0(InterceptingExecutableInvoker.java:94)
	at org.junit.jupiter.engine.execution.InvocationInterceptorChain$InterceptedInvocation.proceed(InvocationInterceptorChain.java:106)
	at org.junit.jupiter.engine.execution.InvocationInterceptorChain.proceed(InvocationInterceptorChain.java:64)
	at org.junit.jupiter.engine.execution.InvocationInterceptorChain.chainAndInvoke(InvocationInterceptorChain.java:45)
	at org.junit.jupiter.engine.execution.InvocationInterceptorChain.invoke(InvocationInterceptorChain.java:37)
	at org.junit.jupiter.engine.execution.InterceptingExecutableInvoker.invoke(InterceptingExecutableInvoker.java:93)
	at org.junit.jupiter.engine.execution.InterceptingExecutableInvoker.invoke(InterceptingExecutableInvoker.java:87)
	at org.junit.jupiter.engine.descriptor.TestMethodTestDescriptor.lambda$invokeTestMethod$7(TestMethodTestDescriptor.java:216)
	at org.junit.platform.engine.support.hierarchical.ThrowableCollector.execute(ThrowableCollector.java:73)
	at org.junit.jupiter.engine.descriptor.TestMethodTestDescriptor.invokeTestMethod(TestMethodTestDescriptor.java:212)
	at org.junit.jupiter.engine.descriptor.TestMethodTestDescriptor.execute(TestMethodTestDescriptor.java:137)
	at org.junit.jupiter.engine.descriptor.TestMethodTestDescriptor.execute(TestMethodTestDescriptor.java:69)
	at org.junit.platform.engine.support.hierarchical.NodeTestTask.lambda$executeRecursively$6(NodeTestTask.java:156)
	at org.junit.platform.engine.support.hierarchical.ThrowableCollector.execute(ThrowableCollector.java:73)
	at org.junit.platform.engine.support.hierarchical.NodeTestTask.lambda$executeRecursively$8(NodeTestTask.java:146)
	at org.junit.platform.engine.support.hierarchical.Node.around(Node.java:137)
	at org.junit.platform.engine.support.hierarchical.NodeTestTask.lambda$executeRecursively$9(NodeTestTask.java:144)
	at org.junit.platform.engine.support.hierarchical.ThrowableCollector.execute(ThrowableCollector.java:73)
	at org.junit.platform.engine.support.hierarchical.NodeTestTask.executeRecursively(NodeTestTask.java:143)
	at org.junit.platform.engine.support.hierarchical.NodeTestTask.execute(NodeTestTask.java:100)
	at java.base/java.util.ArrayList.forEach(ArrayList.java:1604)
	at org.junit.platform.engine.support.hierarchical.SameThreadHierarchicalTestExecutorService.invokeAll(SameThreadHierarchicalTestExecutorService.java:41)
	at org.junit.platform.engine.support.hierarchical.NodeTestTask.lambda$executeRecursively$6(NodeTestTask.java:160)
	at org.junit.platform.engine.support.hierarchical.ThrowableCollector.execute(ThrowableCollector.java:73)
	at org.junit.platform.engine.support.hierarchical.NodeTestTask.lambda$executeRecursively$8(NodeTestTask.java:146)
	at org.junit.platform.engine.support.hierarchical.Node.around(Node.java:137)
	at org.junit.platform.engine.support.hierarchical.NodeTestTask.lambda$executeRecursively$9(NodeTestTask.java:144)
	at org.junit.platform.engine.support.hierarchical.ThrowableCollector.execute(ThrowableCollector.java:73)
	at org.junit.platform.engine.support.hierarchical.NodeTestTask.executeRecursively(NodeTestTask.java:143)
	at org.junit.platform.engine.support.hierarchical.NodeTestTask.execute(NodeTestTask.java:100)
	at java.base/java.util.ArrayList.forEach(ArrayList.java:1604)
	at org.junit.platform.engine.support.hierarchical.SameThreadHierarchicalTestExecutorService.invokeAll(SameThreadHierarchicalTestExecutorService.java:41)
	at org.junit.platform.engine.support.hierarchical.NodeTestTask.lambda$executeRecursively$6(NodeTestTask.java:160)
	at org.junit.platform.engine.support.hierarchical.ThrowableCollector.execute(ThrowableCollector.java:73)
	at org.junit.platform.engine.support.hierarchical.NodeTestTask.lambda$executeRecursively$8(NodeTestTask.java:146)
	at org.junit.platform.engine.support.hierarchical.Node.around(Node.java:137)
	at org.junit.platform.engine.support.hierarchical.NodeTestTask.lambda$executeRecursively$9(NodeTestTask.java:144)
	at org.junit.platform.engine.support.hierarchical.ThrowableCollector.execute(ThrowableCollector.java:73)
	at org.junit.platform.engine.support.hierarchical.NodeTestTask.executeRecursively(NodeTestTask.java:143)
	at org.junit.platform.engine.support.hierarchical.NodeTestTask.execute(NodeTestTask.java:100)
	at org.junit.platform.engine.support.hierarchical.SameThreadHierarchicalTestExecutorService.submit(SameThreadHierarchicalTestExecutorService.java:35)
	at org.junit.platform.engine.support.hierarchical.HierarchicalTestExecutor.execute(HierarchicalTestExecutor.java:57)
	at org.junit.platform.engine.support.hierarchical.HierarchicalTestEngine.execute(HierarchicalTestEngine.java:54)
	at org.junit.platform.launcher.core.EngineExecutionOrchestrator.execute(EngineExecutionOrchestrator.java:201)
	at org.junit.platform.launcher.core.EngineExecutionOrchestrator.execute(EngineExecutionOrchestrator.java:170)
	at org.junit.platform.launcher.core.EngineExecutionOrchestrator.execute(EngineExecutionOrchestrator.java:94)
	at org.junit.platform.launcher.core.EngineExecutionOrchestrator.lambda$execute$0(EngineExecutionOrchestrator.java:59)
	at org.junit.platform.launcher.core.EngineExecutionOrchestrator.withInterceptedStreams(EngineExecutionOrchestrator.java:142)
	at org.junit.platform.launcher.core.EngineExecutionOrchestrator.execute(EngineExecutionOrchestrator.java:58)
	at org.junit.platform.launcher.core.DefaultLauncher.execute(DefaultLauncher.java:103)
	at org.junit.platform.launcher.core.DefaultLauncher.execute(DefaultLauncher.java:85)
	at org.junit.platform.launcher.core.DelegatingLauncher.execute(DelegatingLauncher.java:47)
	at org.junit.platform.launcher.core.InterceptingLauncher.lambda$execute$1(InterceptingLauncher.java:39)
	at org.junit.platform.launcher.core.ClasspathAlignmentCheckingLauncherInterceptor.intercept(ClasspathAlignmentCheckingLauncherInterceptor.java:25)
	at org.junit.platform.launcher.core.InterceptingLauncher.execute(InterceptingLauncher.java:38)
	at org.junit.platform.launcher.core.DelegatingLauncher.execute(DelegatingLauncher.java:47)
	at org.apache.maven.surefire.junitplatform.LazyLauncher.execute(LazyLauncher.java:56)
	at org.apache.maven.surefire.junitplatform.JUnitPlatformProvider.execute(JUnitPlatformProvider.java:184)
	at org.apache.maven.surefire.junitplatform.JUnitPlatformProvider.invokeAllTests(JUnitPlatformProvider.java:148)
	at org.apache.maven.surefire.junitplatform.JUnitPlatformProvider.invoke(JUnitPlatformProvider.java:122)
	at org.apache.maven.surefire.booter.ForkedBooter.runSuitesInProcess(ForkedBooter.java:385)
	at org.apache.maven.surefire.booter.ForkedBooter.execute(ForkedBooter.java:162)
	at org.apache.maven.surefire.booter.ForkedBooter.run(ForkedBooter.java:507)
	at org.apache.maven.surefire.booter.ForkedBooter.main(ForkedBooter.java:495)
2026-07-23 09:01:03 [main] ERROR c.e.a.e.GlobalExceptionHandler - Argumento inválido: Email já cadastrado
2026-07-23 09:01:03 [main] DEBUG c.ecommerce.api.security.JwtProvider - Gerando token JWT para usuário: usuario@teste.com
2026-07-23 09:01:04 [main] WARN  c.ecommerce.api.security.JwtProvider - Erro ao verificar expiração do token: Malformed protected header JSON: Unable to deserialize: Unexpected character ('�' (code 65533 / 0xfffd)): expected a valid value (JSON String, Number, Array, Object or token 'null', 'true' or 'false')
 at [Source: REDACTED (`StreamReadFeature.INCLUDE_SOURCE_IN_LOCATION` disabled); line: 1, column: 1]
2026-07-23 09:01:04 [main] DEBUG c.ecommerce.api.security.JwtProvider - Gerando token JWT para usuário: usuario@teste.com
2026-07-23 09:01:04 [main] WARN  c.ecommerce.api.security.JwtProvider - Token JWT inválido: Malformed protected header JSON: Unable to deserialize: Unexpected character ('�' (code 65533 / 0xfffd)): expected a valid value (JSON String, Number, Array, Object or token 'null', 'true' or 'false')
 at [Source: REDACTED (`StreamReadFeature.INCLUDE_SOURCE_IN_LOCATION` disabled); line: 1, column: 1]
2026-07-23 09:01:04 [main] DEBUG c.ecommerce.api.security.JwtProvider - Gerando token JWT para usuário: usuario@teste.com
2026-07-23 09:01:04 [main] ERROR c.ecommerce.api.security.JwtProvider - Erro ao extrair userId do token: Invalid compact JWT string: Compact JWSs must contain exactly 2 period characters, and compact JWEs must contain exactly 4.  Found: 0
2026-07-23 09:01:04 [main] DEBUG c.ecommerce.api.security.JwtProvider - Gerando token JWT para usuário: usuario@teste.com
2026-07-23 09:01:04 [main] WARN  c.ecommerce.api.security.JwtProvider - Erro ao verificar expiração do token: JWT expired 1088 milliseconds ago at 2026-07-23T12:01:03.000Z. Current time: 2026-07-23T12:01:04.088Z. Allowed clock skew: 0 milliseconds.
2026-07-23 09:01:04 [main] DEBUG c.ecommerce.api.security.JwtProvider - Gerando token JWT para usuário: usuario@teste.com
2026-07-23 09:01:04 [main] DEBUG c.ecommerce.api.security.JwtProvider - Token JWT válido
2026-07-23 09:01:04 [main] DEBUG c.ecommerce.api.security.JwtProvider - Gerando token JWT para usuário: usuario@teste.com
2026-07-23 09:01:04 [main] ERROR c.ecommerce.api.security.JwtProvider - Erro ao extrair email do token: Invalid compact JWT string: Compact JWSs must contain exactly 2 period characters, and compact JWEs must contain exactly 4.  Found: 0
2026-07-23 09:01:04 [main] INFO  o.s.t.c.s.AnnotationConfigContextLoaderUtils - Could not detect default configuration classes for test class [com.ecommerce.PagamentoControllerTest]: PagamentoControllerTest does not declare any static, non-private, non-final, nested classes annotated with @Configuration.
2026-07-23 09:01:04 [main] INFO  o.s.b.t.c.SpringBootTestContextBootstrapper - Found @SpringBootConfiguration com.ecommerce.Application for test class com.ecommerce.PagamentoControllerTest
2026-07-23 09:01:04 [main] INFO  o.s.b.d.r.RestartApplicationListener - Restart disabled due to context in which it is running
2026-07-23 09:01:04 [main] INFO  c.ecommerce.PagamentoControllerTest - Starting PagamentoControllerTest using Java 25.0.2 with PID 17252 (started by PabloBezerradaSilva in C:\Users\PabloBezerradaSilva\Documents\Java\fourcamp26-pablosilva\ecommerce-api)
2026-07-23 09:01:04 [main] DEBUG c.ecommerce.PagamentoControllerTest - Running with Spring Boot v3.5.16, Spring v6.2.19
2026-07-23 09:01:04 [main] INFO  c.ecommerce.PagamentoControllerTest - No active profile set, falling back to 1 default profile: "default"
2026-07-23 09:01:04 [main] DEBUG o.s.w.c.s.GenericWebApplicationContext - Refreshing org.springframework.web.context.support.GenericWebApplicationContext@36ba85cd
2026-07-23 09:01:04 [main] INFO  o.s.d.r.c.RepositoryConfigurationDelegate - Bootstrapping Spring Data JPA repositories in DEFAULT mode.
2026-07-23 09:01:04 [main] INFO  o.s.d.r.c.RepositoryConfigurationDelegate - Finished Spring Data repository scanning in 37 ms. Found 6 JPA repository interfaces.
2026-07-23 09:01:05 [main] INFO  o.h.jpa.internal.util.LogHelper - HHH000204: Processing PersistenceUnitInfo [name: default]
2026-07-23 09:01:05 [main] INFO  o.h.c.i.RegionFactoryInitiator - HHH000026: Second-level cache disabled
2026-07-23 09:01:05 [main] INFO  o.s.o.j.p.SpringPersistenceUnitInfo - No LoadTimeWeaver setup: ignoring JPA class transformer
2026-07-23 09:01:05 [main] INFO  com.zaxxer.hikari.HikariDataSource - HikariPool-4 - Starting...
2026-07-23 09:01:05 [main] INFO  com.zaxxer.hikari.pool.HikariPool - HikariPool-4 - Added connection conn30: url=jdbc:h2:mem:ecommercedb user=SA
2026-07-23 09:01:05 [main] INFO  com.zaxxer.hikari.HikariDataSource - HikariPool-4 - Start completed.
2026-07-23 09:01:05 [main] WARN  org.hibernate.orm.deprecation - HHH90000025: H2Dialect does not need to be specified explicitly using 'hibernate.dialect' (remove the property setting and it will be selected by default)
2026-07-23 09:01:05 [main] INFO  o.hibernate.orm.connections.pooling - HHH10001005: Database info:
	Database JDBC URL [Connecting through datasource 'HikariDataSource (HikariPool-4)']
	Database driver: undefined/unknown
	Database version: 2.3.232
	Autocommit mode: undefined/unknown
	Isolation level: undefined/unknown
	Minimum pool size: undefined/unknown
	Maximum pool size: undefined/unknown
2026-07-23 09:01:05 [main] INFO  o.h.e.t.j.p.i.JtaPlatformInitiator - HHH000489: No JTA platform available (set 'hibernate.transaction.jta.platform' to enable JTA platform integration)
2026-07-23 09:01:05 [main] DEBUG org.hibernate.SQL - 
    drop table if exists categorias cascade 
2026-07-23 09:01:05 [main] DEBUG org.hibernate.SQL - 
    drop table if exists clientes cascade 
2026-07-23 09:01:05 [main] DEBUG org.hibernate.SQL - 
    drop table if exists itens_pedido cascade 
2026-07-23 09:01:05 [main] DEBUG org.hibernate.SQL - 
    drop table if exists pagamentos cascade 
2026-07-23 09:01:05 [main] DEBUG org.hibernate.SQL - 
    drop table if exists pedidos cascade 
2026-07-23 09:01:05 [main] DEBUG org.hibernate.SQL - 
    drop table if exists produtos cascade 
2026-07-23 09:01:05 [main] DEBUG org.hibernate.SQL - 
    drop table if exists usuarios cascade 
2026-07-23 09:01:05 [main] DEBUG org.hibernate.SQL - 
    create table categorias (
        ativo boolean not null,
        id bigint generated by default as identity,
        nome varchar(100) not null,
        descricao TEXT,
        primary key (id)
    )
2026-07-23 09:01:05 [main] DEBUG org.hibernate.SQL - 
    create table clientes (
        ativo boolean not null,
        data_atualizacao timestamp(6),
        data_criacao timestamp(6) not null,
        id bigint generated by default as identity,
        cpf varchar(11) not null unique,
        telefone varchar(20),
        email varchar(255) not null unique,
        endereco TEXT,
        nome varchar(255) not null,
        primary key (id)
    )
2026-07-23 09:01:05 [main] DEBUG org.hibernate.SQL - 
    create table itens_pedido (
        preco_unitario numeric(10,2) not null,
        quantidade integer not null,
        id bigint generated by default as identity,
        pedido_id bigint not null,
        produto_id bigint not null,
        primary key (id)
    )
2026-07-23 09:01:05 [main] DEBUG org.hibernate.SQL - 
    create table pagamentos (
        valor float(53) not null,
        data_criacao timestamp(6) not null,
        id bigint generated by default as identity,
        pedido_id bigint not null,
        metodo varchar(50) not null,
        status enum ('APROVADO','PENDENTE','RECUSADO','REEMBOLSADO') not null,
        primary key (id)
    )
2026-07-23 09:01:05 [main] DEBUG org.hibernate.SQL - 
    create table pedidos (
        total float(53) not null,
        cliente_id bigint not null,
        data_atualizacao timestamp(6),
        data_criacao timestamp(6) not null,
        id bigint generated by default as identity,
        status enum ('CANCELADO','CONFIRMADO','ENTREGUE','ENVIADO','PENDENTE') not null,
        primary key (id)
    )
2026-07-23 09:01:05 [main] DEBUG org.hibernate.SQL - 
    create table produtos (
        ativo boolean not null,
        estoque integer not null,
        preco numeric(38,2) not null,
        categoria_id bigint not null,
        id bigint generated by default as identity,
        descricao TEXT,
        nome varchar(255) not null,
        primary key (id)
    )
2026-07-23 09:01:05 [main] DEBUG org.hibernate.SQL - 
    create table usuarios (
        ativo boolean not null,
        id bigint generated by default as identity,
        email varchar(255) not null unique,
        nome varchar(255) not null,
        senha varchar(255) not null,
        papel enum ('ADMIN','USER') not null,
        primary key (id)
    )
2026-07-23 09:01:05 [main] DEBUG org.hibernate.SQL - 
    alter table if exists itens_pedido 
       add constraint FK42mycompce3b7yt3l6ukdwsxy 
       foreign key (pedido_id) 
       references pedidos
2026-07-23 09:01:05 [main] DEBUG org.hibernate.SQL - 
    alter table if exists itens_pedido 
       add constraint FKxytdlekpdaobqphujy9bmuhl 
       foreign key (produto_id) 
       references produtos
2026-07-23 09:01:05 [main] DEBUG org.hibernate.SQL - 
    alter table if exists pagamentos 
       add constraint FKb0dh6865y8h4irwdrl4ici3kl 
       foreign key (pedido_id) 
       references pedidos
2026-07-23 09:01:05 [main] DEBUG org.hibernate.SQL - 
    alter table if exists pedidos 
       add constraint FKg7202lk0hwxn04bmdl2thth5b 
       foreign key (cliente_id) 
       references clientes
2026-07-23 09:01:05 [main] DEBUG org.hibernate.SQL - 
    alter table if exists produtos 
       add constraint FK8rqw0ljwdaom34jr2t46bjtrn 
       foreign key (categoria_id) 
       references categorias
2026-07-23 09:01:05 [main] INFO  o.s.o.j.LocalContainerEntityManagerFactoryBean - Initialized JPA EntityManagerFactory for persistence unit 'default'
2026-07-23 09:01:05 [main] DEBUG o.s.w.s.m.m.a.RequestMappingHandlerMapping - 45 mappings in 'requestMappingHandlerMapping'
2026-07-23 09:01:05 [main] DEBUG o.s.w.s.h.SimpleUrlHandlerMapping - Patterns [/h2-console] in 'viewControllerHandlerMapping'
2026-07-23 09:01:05 [main] DEBUG o.s.w.s.h.SimpleUrlHandlerMapping - Patterns [/webjars/**, /**, /swagger-ui/**, /swagger-ui/*swagger-initializer.js, /webjars/*swagger-ui/**, /webjars/*swagger-ui/*swagger-initializer.js, /webjars/*swagger-ui/5.32.2/*swagger-initializer.js] in 'resourceHandlerMapping'
2026-07-23 09:01:05 [main] DEBUG o.s.s.c.a.a.c.AuthenticationConfiguration$DefaultPasswordEncoderAuthenticationManagerBuilder - No authenticationProviders and no parentAuthenticationManager defined. Returning null.
2026-07-23 09:01:05 [main] DEBUG o.s.s.web.DefaultSecurityFilterChain - Will secure any request with filters: DisableEncodeUrlFilter, WebAsyncManagerIntegrationFilter, SecurityContextHolderFilter, HeaderWriterFilter, LogoutFilter, JwtAuthenticationFilter, RequestCacheAwareFilter, SecurityContextHolderAwareRequestFilter, AnonymousAuthenticationFilter, SessionManagementFilter, ExceptionTranslationFilter, AuthorizationFilter
2026-07-23 09:01:05 [main] DEBUG o.s.w.s.m.m.a.RequestMappingHandlerAdapter - ControllerAdvice beans: 0 @ModelAttribute, 0 @InitBinder, 1 RequestBodyAdvice, 1 ResponseBodyAdvice
2026-07-23 09:01:05 [main] DEBUG o.s.w.s.m.m.a.ExceptionHandlerExceptionResolver - ControllerAdvice beans: 2 @ExceptionHandler, 1 ResponseBodyAdvice
2026-07-23 09:01:05 [main] DEBUG c.e.a.s.JwtAuthenticationFilter - Filter 'jwtAuthenticationFilter' configured for use
2026-07-23 09:01:05 [main] INFO  o.s.b.t.m.w.SpringBootMockServletContext - Initializing Spring TestDispatcherServlet ''
2026-07-23 09:01:05 [main] INFO  o.s.t.w.s.TestDispatcherServlet - Initializing Servlet ''
2026-07-23 09:01:05 [main] INFO  o.s.t.w.s.TestDispatcherServlet - Completed initialization in 0 ms
2026-07-23 09:01:05 [main] INFO  c.ecommerce.PagamentoControllerTest - Started PagamentoControllerTest in 1.567 seconds (process running for 27.013)
2026-07-23 09:01:05 [main] WARN  o.s.c.events.SpringDocAppInitializer - SpringDoc /v3/api-docs endpoint is enabled by default. To disable it in production, set the property 'springdoc.api-docs.enabled=false'
2026-07-23 09:01:05 [main] DEBUG o.s.security.web.FilterChainProxy - Securing GET /pagamentos/999
2026-07-23 09:01:05 [main] DEBUG o.s.security.web.FilterChainProxy - Secured GET /pagamentos/999
2026-07-23 09:01:05 [main] DEBUG o.s.w.s.m.m.a.RequestMappingHandlerMapping - Mapped to com.ecommerce.api.controller.PagamentoController#obterPorId(Long)
2026-07-23 09:01:05 [main] DEBUG o.s.w.s.m.m.a.ExceptionHandlerExceptionResolver - Using @ExceptionHandler com.ecommerce.api.exception.GlobalExceptionHandler#handleRecursoNaoEncontrado(RecursoNaoEncontradoException, WebRequest)
2026-07-23 09:01:05 [main] ERROR c.e.a.e.GlobalExceptionHandler - Recurso não encontrado: Pagamento não encontrado
2026-07-23 09:01:05 [main] DEBUG o.s.w.s.m.m.a.HttpEntityMethodProcessor - Using 'application/json', given [*/*] and supported [application/json, application/*+json, application/yaml]
2026-07-23 09:01:05 [main] DEBUG o.s.w.s.m.m.a.HttpEntityMethodProcessor - Writing [ErrorResponse(timestamp=2026-07-23T09:01:05.730479500, status=404, erro=Recurso não encontrado, mens (truncated)...]
2026-07-23 09:01:05 [main] DEBUG o.s.w.s.m.m.a.ExceptionHandlerExceptionResolver - Resolved [com.ecommerce.api.exception.RecursoNaoEncontradoException: Pagamento não encontrado]
2026-07-23 09:01:05 [main] DEBUG o.s.security.web.FilterChainProxy - Securing POST /pagamentos
2026-07-23 09:01:05 [main] DEBUG o.s.security.web.FilterChainProxy - Secured POST /pagamentos
2026-07-23 09:01:05 [main] DEBUG o.s.w.s.m.m.a.RequestMappingHandlerMapping - Mapped to com.ecommerce.api.controller.PagamentoController#criar(PagamentoDTO)
2026-07-23 09:01:05 [main] DEBUG o.s.w.s.m.m.a.RequestResponseBodyMethodProcessor - Read "application/json;charset=UTF-8" to [PagamentoDTO(id=1, pedidoId=10, valor=150.0, metodo=CARTAO, status=PENDENTE, dataCriacao=null)]
2026-07-23 09:01:05 [main] DEBUG o.s.w.s.m.m.a.HttpEntityMethodProcessor - Using 'application/json', given [*/*] and supported [application/json, application/*+json, application/yaml]
2026-07-23 09:01:05 [main] DEBUG o.s.w.s.m.m.a.HttpEntityMethodProcessor - Writing [PagamentoDTO(id=1, pedidoId=10, valor=150.0, metodo=CARTAO, status=PENDENTE, dataCriacao=null)]
2026-07-23 09:01:05 [main] DEBUG o.s.security.web.FilterChainProxy - Securing POST /pagamentos
2026-07-23 09:01:05 [main] DEBUG o.s.security.web.FilterChainProxy - Secured POST /pagamentos
2026-07-23 09:01:05 [main] DEBUG o.s.w.s.m.m.a.RequestMappingHandlerMapping - Mapped to com.ecommerce.api.controller.PagamentoController#criar(PagamentoDTO)
2026-07-23 09:01:05 [main] DEBUG o.s.w.s.m.m.a.RequestResponseBodyMethodProcessor - Read "application/json;charset=UTF-8" to [PagamentoDTO(id=null, pedidoId=10, valor=50.0, metodo=null, status=null, dataCriacao=null)]
2026-07-23 09:01:05 [main] DEBUG o.s.w.s.m.m.a.ExceptionHandlerExceptionResolver - Using @ExceptionHandler com.ecommerce.api.exception.GlobalExceptionHandler#handleValidationExceptions(MethodArgumentNotValidException, WebRequest)
2026-07-23 09:01:05 [main] ERROR c.e.a.e.GlobalExceptionHandler - Erro de validação: {metodo=Método de pagamento é obrigatório}
2026-07-23 09:01:05 [main] DEBUG o.s.w.s.m.m.a.HttpEntityMethodProcessor - Using 'application/json', given [*/*] and supported [application/json, application/*+json, application/yaml]
2026-07-23 09:01:05 [main] DEBUG o.s.w.s.m.m.a.HttpEntityMethodProcessor - Writing [ErrorResponse(timestamp=2026-07-23T09:01:05.787326100, status=400, erro=Erro de validação, mensagem= (truncated)...]
2026-07-23 09:01:05 [main] DEBUG o.s.w.s.m.m.a.ExceptionHandlerExceptionResolver - Resolved [org.springframework.web.bind.MethodArgumentNotValidException: Validation failed for argument [0] in public org.springframework.http.ResponseEntity<com.ecommerce.api.dto.PagamentoDTO> com.ecommerce.api.controller.PagamentoController.criar(com.ecommerce.api.dto.PagamentoDTO): [Field error in object 'pagamentoDTO' on field 'metodo': rejected value [null]; codes [NotBlank.pagamentoDTO.metodo,NotBlank.metodo,NotBlank.java.lang.String,NotBlank]; arguments [org.springframework.context.support.DefaultMessageSourceResolvable: codes [pagamentoDTO.metodo,metodo]; arguments []; default message [metodo]]; default message [Método de pagamento é obrigatório]] ]
2026-07-23 09:01:05 [main] DEBUG o.s.security.web.FilterChainProxy - Securing GET /pagamentos
2026-07-23 09:01:05 [main] DEBUG o.s.security.web.FilterChainProxy - Secured GET /pagamentos
2026-07-23 09:01:05 [main] DEBUG o.s.w.s.m.m.a.RequestMappingHandlerMapping - Mapped to com.ecommerce.api.controller.PagamentoController#listar(int, int, String, String)
2026-07-23 09:01:05 [main] DEBUG o.s.w.s.m.m.a.HttpEntityMethodProcessor - Using 'application/json', given [*/*] and supported [application/json, application/*+json, application/yaml]
2026-07-23 09:01:05 [main] DEBUG o.s.w.s.m.m.a.HttpEntityMethodProcessor - Writing [Page 1 of 1 containing com.ecommerce.api.dto.PagamentoDTO instances]
2026-07-23 09:01:05 [main] DEBUG o.s.security.web.FilterChainProxy - Securing GET /pagamentos/1
2026-07-23 09:01:05 [main] DEBUG o.s.security.web.FilterChainProxy - Secured GET /pagamentos/1
2026-07-23 09:01:05 [main] DEBUG o.s.w.s.m.m.a.RequestMappingHandlerMapping - Mapped to com.ecommerce.api.controller.PagamentoController#obterPorId(Long)
2026-07-23 09:01:05 [main] DEBUG o.s.w.s.m.m.a.HttpEntityMethodProcessor - Using 'application/json', given [*/*] and supported [application/json, application/*+json, application/yaml]
2026-07-23 09:01:05 [main] DEBUG o.s.w.s.m.m.a.HttpEntityMethodProcessor - Writing [PagamentoDTO(id=1, pedidoId=10, valor=150.0, metodo=CARTAO, status=PENDENTE, dataCriacao=null)]
2026-07-23 09:01:05 [main] DEBUG o.s.security.web.FilterChainProxy - Securing PUT /pagamentos/1
2026-07-23 09:01:05 [main] DEBUG o.s.security.web.FilterChainProxy - Secured PUT /pagamentos/1
2026-07-23 09:01:05 [main] DEBUG o.s.w.s.m.m.a.RequestMappingHandlerMapping - Mapped to com.ecommerce.api.controller.PagamentoController#atualizar(Long, PagamentoDTO)
2026-07-23 09:01:05 [main] DEBUG o.s.w.s.m.m.a.RequestResponseBodyMethodProcessor - Read "application/json;charset=UTF-8" to [PagamentoDTO(id=1, pedidoId=10, valor=150.0, metodo=CARTAO, status=PENDENTE, dataCriacao=null)]
2026-07-23 09:01:05 [main] DEBUG o.s.w.s.m.m.a.HttpEntityMethodProcessor - Using 'application/json', given [*/*] and supported [application/json, application/*+json, application/yaml]
2026-07-23 09:01:05 [main] DEBUG o.s.w.s.m.m.a.HttpEntityMethodProcessor - Writing [PagamentoDTO(id=1, pedidoId=10, valor=150.0, metodo=CARTAO, status=PENDENTE, dataCriacao=null)]
2026-07-23 09:01:05 [main] DEBUG o.s.security.web.FilterChainProxy - Securing DELETE /pagamentos/1
2026-07-23 09:01:05 [main] DEBUG o.s.security.web.FilterChainProxy - Secured DELETE /pagamentos/1
2026-07-23 09:01:05 [main] DEBUG o.s.w.s.m.m.a.RequestMappingHandlerMapping - Mapped to com.ecommerce.api.controller.PagamentoController#deletar(Long)
2026-07-23 09:01:05 [main] DEBUG o.s.w.s.m.m.a.HttpEntityMethodProcessor - Using 'application/json', given [*/*] and supported [application/json, application/*+json, application/yaml]
2026-07-23 09:01:05 [main] DEBUG o.s.w.s.m.m.a.HttpEntityMethodProcessor - Nothing to write: null body
2026-07-23 09:01:05 [main] DEBUG o.s.security.web.FilterChainProxy - Securing GET /pagamentos/todos
2026-07-23 09:01:05 [main] DEBUG o.s.security.web.FilterChainProxy - Secured GET /pagamentos/todos
2026-07-23 09:01:05 [main] DEBUG o.s.w.s.m.m.a.RequestMappingHandlerMapping - Mapped to com.ecommerce.api.controller.PagamentoController#listarTodos()
2026-07-23 09:01:05 [main] DEBUG o.s.w.s.m.m.a.HttpEntityMethodProcessor - Using 'application/json', given [*/*] and supported [application/json, application/*+json, application/yaml]
2026-07-23 09:01:05 [main] DEBUG o.s.w.s.m.m.a.HttpEntityMethodProcessor - Writing [[PagamentoDTO(id=1, pedidoId=10, valor=150.0, metodo=CARTAO, status=PENDENTE, dataCriacao=null)]]
2026-07-23 09:01:05 [main] DEBUG o.s.security.web.FilterChainProxy - Securing PATCH /pagamentos/1/status
2026-07-23 09:01:05 [main] DEBUG o.s.security.web.FilterChainProxy - Secured PATCH /pagamentos/1/status
2026-07-23 09:01:05 [main] DEBUG o.s.w.s.m.m.a.RequestMappingHandlerMapping - Mapped to com.ecommerce.api.controller.PagamentoController#atualizarStatus(Long, StatusPagamento)
2026-07-23 09:01:05 [main] DEBUG o.s.w.s.m.m.a.HttpEntityMethodProcessor - Using 'application/json', given [*/*] and supported [application/json, application/*+json, application/yaml]
2026-07-23 09:01:05 [main] DEBUG o.s.w.s.m.m.a.HttpEntityMethodProcessor - Writing [PagamentoDTO(id=1, pedidoId=10, valor=150.0, metodo=CARTAO, status=PENDENTE, dataCriacao=null)]
2026-07-23 09:01:06 [main] INFO  o.s.t.c.s.AnnotationConfigContextLoaderUtils - Could not detect default configuration classes for test class [com.ecommerce.PedidoControllerTest]: PedidoControllerTest does not declare any static, non-private, non-final, nested classes annotated with @Configuration.
2026-07-23 09:01:06 [main] INFO  o.s.b.t.c.SpringBootTestContextBootstrapper - Found @SpringBootConfiguration com.ecommerce.Application for test class com.ecommerce.PedidoControllerTest
2026-07-23 09:01:06 [main] INFO  o.s.b.d.r.RestartApplicationListener - Restart disabled due to context in which it is running
2026-07-23 09:01:06 [main] INFO  com.ecommerce.PedidoControllerTest - Starting PedidoControllerTest using Java 25.0.2 with PID 17252 (started by PabloBezerradaSilva in C:\Users\PabloBezerradaSilva\Documents\Java\fourcamp26-pablosilva\ecommerce-api)
2026-07-23 09:01:06 [main] DEBUG com.ecommerce.PedidoControllerTest - Running with Spring Boot v3.5.16, Spring v6.2.19
2026-07-23 09:01:06 [main] INFO  com.ecommerce.PedidoControllerTest - No active profile set, falling back to 1 default profile: "default"
2026-07-23 09:01:06 [main] DEBUG o.s.w.c.s.GenericWebApplicationContext - Refreshing org.springframework.web.context.support.GenericWebApplicationContext@2be796b7
2026-07-23 09:01:07 [main] INFO  o.s.d.r.c.RepositoryConfigurationDelegate - Bootstrapping Spring Data JPA repositories in DEFAULT mode.
2026-07-23 09:01:07 [main] INFO  o.s.d.r.c.RepositoryConfigurationDelegate - Finished Spring Data repository scanning in 158 ms. Found 6 JPA repository interfaces.
2026-07-23 09:01:07 [main] INFO  o.h.jpa.internal.util.LogHelper - HHH000204: Processing PersistenceUnitInfo [name: default]
2026-07-23 09:01:07 [main] INFO  o.h.c.i.RegionFactoryInitiator - HHH000026: Second-level cache disabled
2026-07-23 09:01:07 [main] INFO  o.s.o.j.p.SpringPersistenceUnitInfo - No LoadTimeWeaver setup: ignoring JPA class transformer
2026-07-23 09:01:07 [main] INFO  com.zaxxer.hikari.HikariDataSource - HikariPool-5 - Starting...
2026-07-23 09:01:07 [main] INFO  com.zaxxer.hikari.pool.HikariPool - HikariPool-5 - Added connection conn40: url=jdbc:h2:mem:ecommercedb user=SA
2026-07-23 09:01:07 [main] INFO  com.zaxxer.hikari.HikariDataSource - HikariPool-5 - Start completed.
2026-07-23 09:01:07 [main] WARN  org.hibernate.orm.deprecation - HHH90000025: H2Dialect does not need to be specified explicitly using 'hibernate.dialect' (remove the property setting and it will be selected by default)
2026-07-23 09:01:07 [main] INFO  o.hibernate.orm.connections.pooling - HHH10001005: Database info:
	Database JDBC URL [Connecting through datasource 'HikariDataSource (HikariPool-5)']
	Database driver: undefined/unknown
	Database version: 2.3.232
	Autocommit mode: undefined/unknown
	Isolation level: undefined/unknown
	Minimum pool size: undefined/unknown
	Maximum pool size: undefined/unknown
2026-07-23 09:01:07 [main] INFO  o.h.e.t.j.p.i.JtaPlatformInitiator - HHH000489: No JTA platform available (set 'hibernate.transaction.jta.platform' to enable JTA platform integration)
2026-07-23 09:01:07 [main] DEBUG org.hibernate.SQL - 
    drop table if exists categorias cascade 
2026-07-23 09:01:07 [main] DEBUG org.hibernate.SQL - 
    drop table if exists clientes cascade 
2026-07-23 09:01:07 [main] DEBUG org.hibernate.SQL - 
    drop table if exists itens_pedido cascade 
2026-07-23 09:01:07 [main] DEBUG org.hibernate.SQL - 
    drop table if exists pagamentos cascade 
2026-07-23 09:01:07 [main] DEBUG org.hibernate.SQL - 
    drop table if exists pedidos cascade 
2026-07-23 09:01:07 [main] DEBUG org.hibernate.SQL - 
    drop table if exists produtos cascade 
2026-07-23 09:01:07 [main] DEBUG org.hibernate.SQL - 
    drop table if exists usuarios cascade 
2026-07-23 09:01:07 [main] DEBUG org.hibernate.SQL - 
    create table categorias (
        ativo boolean not null,
        id bigint generated by default as identity,
        nome varchar(100) not null,
        descricao TEXT,
        primary key (id)
    )
2026-07-23 09:01:07 [main] DEBUG org.hibernate.SQL - 
    create table clientes (
        ativo boolean not null,
        data_atualizacao timestamp(6),
        data_criacao timestamp(6) not null,
        id bigint generated by default as identity,
        cpf varchar(11) not null unique,
        telefone varchar(20),
        email varchar(255) not null unique,
        endereco TEXT,
        nome varchar(255) not null,
        primary key (id)
    )
2026-07-23 09:01:07 [main] DEBUG org.hibernate.SQL - 
    create table itens_pedido (
        preco_unitario numeric(10,2) not null,
        quantidade integer not null,
        id bigint generated by default as identity,
        pedido_id bigint not null,
        produto_id bigint not null,
        primary key (id)
    )
2026-07-23 09:01:07 [main] DEBUG org.hibernate.SQL - 
    create table pagamentos (
        valor float(53) not null,
        data_criacao timestamp(6) not null,
        id bigint generated by default as identity,
        pedido_id bigint not null,
        metodo varchar(50) not null,
        status enum ('APROVADO','PENDENTE','RECUSADO','REEMBOLSADO') not null,
        primary key (id)
    )
2026-07-23 09:01:07 [main] DEBUG org.hibernate.SQL - 
    create table pedidos (
        total float(53) not null,
        cliente_id bigint not null,
        data_atualizacao timestamp(6),
        data_criacao timestamp(6) not null,
        id bigint generated by default as identity,
        status enum ('CANCELADO','CONFIRMADO','ENTREGUE','ENVIADO','PENDENTE') not null,
        primary key (id)
    )
2026-07-23 09:01:07 [main] DEBUG org.hibernate.SQL - 
    create table produtos (
        ativo boolean not null,
        estoque integer not null,
        preco numeric(38,2) not null,
        categoria_id bigint not null,
        id bigint generated by default as identity,
        descricao TEXT,
        nome varchar(255) not null,
        primary key (id)
    )
2026-07-23 09:01:07 [main] DEBUG org.hibernate.SQL - 
    create table usuarios (
        ativo boolean not null,
        id bigint generated by default as identity,
        email varchar(255) not null unique,
        nome varchar(255) not null,
        senha varchar(255) not null,
        papel enum ('ADMIN','USER') not null,
        primary key (id)
    )
2026-07-23 09:01:07 [main] DEBUG org.hibernate.SQL - 
    alter table if exists itens_pedido 
       add constraint FK42mycompce3b7yt3l6ukdwsxy 
       foreign key (pedido_id) 
       references pedidos
2026-07-23 09:01:07 [main] DEBUG org.hibernate.SQL - 
    alter table if exists itens_pedido 
       add constraint FKxytdlekpdaobqphujy9bmuhl 
       foreign key (produto_id) 
       references produtos
2026-07-23 09:01:07 [main] DEBUG org.hibernate.SQL - 
    alter table if exists pagamentos 
       add constraint FKb0dh6865y8h4irwdrl4ici3kl 
       foreign key (pedido_id) 
       references pedidos
2026-07-23 09:01:07 [main] DEBUG org.hibernate.SQL - 
    alter table if exists pedidos 
       add constraint FKg7202lk0hwxn04bmdl2thth5b 
       foreign key (cliente_id) 
       references clientes
2026-07-23 09:01:07 [main] DEBUG org.hibernate.SQL - 
    alter table if exists produtos 
       add constraint FK8rqw0ljwdaom34jr2t46bjtrn 
       foreign key (categoria_id) 
       references categorias
2026-07-23 09:01:07 [main] INFO  o.s.o.j.LocalContainerEntityManagerFactoryBean - Initialized JPA EntityManagerFactory for persistence unit 'default'
2026-07-23 09:01:08 [main] DEBUG o.s.w.s.m.m.a.RequestMappingHandlerMapping - 45 mappings in 'requestMappingHandlerMapping'
2026-07-23 09:01:08 [main] DEBUG o.s.w.s.h.SimpleUrlHandlerMapping - Patterns [/h2-console] in 'viewControllerHandlerMapping'
2026-07-23 09:01:08 [main] DEBUG o.s.w.s.h.SimpleUrlHandlerMapping - Patterns [/webjars/**, /**, /swagger-ui/**, /swagger-ui/*swagger-initializer.js, /webjars/*swagger-ui/**, /webjars/*swagger-ui/*swagger-initializer.js, /webjars/*swagger-ui/5.32.2/*swagger-initializer.js] in 'resourceHandlerMapping'
2026-07-23 09:01:08 [main] DEBUG o.s.s.c.a.a.c.AuthenticationConfiguration$DefaultPasswordEncoderAuthenticationManagerBuilder - No authenticationProviders and no parentAuthenticationManager defined. Returning null.
2026-07-23 09:01:08 [main] DEBUG o.s.s.web.DefaultSecurityFilterChain - Will secure any request with filters: DisableEncodeUrlFilter, WebAsyncManagerIntegrationFilter, SecurityContextHolderFilter, HeaderWriterFilter, LogoutFilter, JwtAuthenticationFilter, RequestCacheAwareFilter, SecurityContextHolderAwareRequestFilter, AnonymousAuthenticationFilter, SessionManagementFilter, ExceptionTranslationFilter, AuthorizationFilter
2026-07-23 09:01:08 [main] DEBUG o.s.w.s.m.m.a.RequestMappingHandlerAdapter - ControllerAdvice beans: 0 @ModelAttribute, 0 @InitBinder, 1 RequestBodyAdvice, 1 ResponseBodyAdvice
2026-07-23 09:01:08 [main] DEBUG o.s.w.s.m.m.a.ExceptionHandlerExceptionResolver - ControllerAdvice beans: 2 @ExceptionHandler, 1 ResponseBodyAdvice
2026-07-23 09:01:08 [main] DEBUG c.e.a.s.JwtAuthenticationFilter - Filter 'jwtAuthenticationFilter' configured for use
2026-07-23 09:01:08 [main] INFO  o.s.b.t.m.w.SpringBootMockServletContext - Initializing Spring TestDispatcherServlet ''
2026-07-23 09:01:08 [main] INFO  o.s.t.w.s.TestDispatcherServlet - Initializing Servlet ''
2026-07-23 09:01:08 [main] INFO  o.s.t.w.s.TestDispatcherServlet - Completed initialization in 1 ms
2026-07-23 09:01:08 [main] INFO  com.ecommerce.PedidoControllerTest - Started PedidoControllerTest in 2.21 seconds (process running for 29.69)
2026-07-23 09:01:08 [main] WARN  o.s.c.events.SpringDocAppInitializer - SpringDoc /v3/api-docs endpoint is enabled by default. To disable it in production, set the property 'springdoc.api-docs.enabled=false'
2026-07-23 09:01:08 [main] DEBUG o.s.security.web.FilterChainProxy - Securing GET /pedidos/999
2026-07-23 09:01:08 [main] DEBUG o.s.security.web.FilterChainProxy - Secured GET /pedidos/999
2026-07-23 09:01:08 [main] DEBUG o.s.w.s.m.m.a.RequestMappingHandlerMapping - Mapped to com.ecommerce.api.controller.PedidoController#obter(Long)
2026-07-23 09:01:08 [main] DEBUG o.s.w.s.m.m.a.ExceptionHandlerExceptionResolver - Using @ExceptionHandler com.ecommerce.api.exception.GlobalExceptionHandler#handleRecursoNaoEncontrado(RecursoNaoEncontradoException, WebRequest)
2026-07-23 09:01:08 [main] ERROR c.e.a.e.GlobalExceptionHandler - Recurso não encontrado: Pedido não encontrado
2026-07-23 09:01:08 [main] DEBUG o.s.w.s.m.m.a.HttpEntityMethodProcessor - Using 'application/json', given [*/*] and supported [application/json, application/*+json, application/yaml]
2026-07-23 09:01:08 [main] DEBUG o.s.w.s.m.m.a.HttpEntityMethodProcessor - Writing [ErrorResponse(timestamp=2026-07-23T09:01:08.401335400, status=404, erro=Recurso não encontrado, mens (truncated)...]
2026-07-23 09:01:08 [main] DEBUG o.s.w.s.m.m.a.ExceptionHandlerExceptionResolver - Resolved [com.ecommerce.api.exception.RecursoNaoEncontradoException: Pedido não encontrado]
2026-07-23 09:01:08 [main] DEBUG o.s.security.web.FilterChainProxy - Securing POST /pedidos
2026-07-23 09:01:08 [main] DEBUG o.s.security.web.FilterChainProxy - Secured POST /pedidos
2026-07-23 09:01:08 [main] DEBUG o.s.w.s.m.m.a.RequestMappingHandlerMapping - Mapped to com.ecommerce.api.controller.PedidoController#criar(PedidoDTO)
2026-07-23 09:01:08 [main] DEBUG o.s.w.s.m.m.a.RequestResponseBodyMethodProcessor - Read "application/json;charset=UTF-8" to [PedidoDTO(id=1, clienteId=10, total=150.0, status=PENDENTE, dataCriacao=null, dataAtualizacao=null)]
2026-07-23 09:01:08 [main] DEBUG o.s.w.s.m.m.a.HttpEntityMethodProcessor - Using 'application/json', given [*/*] and supported [application/json, application/*+json, application/yaml]
2026-07-23 09:01:08 [main] DEBUG o.s.w.s.m.m.a.HttpEntityMethodProcessor - Writing [PedidoDTO(id=1, clienteId=10, total=150.0, status=PENDENTE, dataCriacao=null, dataAtualizacao=null)]
2026-07-23 09:01:08 [main] DEBUG o.s.security.web.FilterChainProxy - Securing GET /pedidos/1
2026-07-23 09:01:08 [main] DEBUG o.s.security.web.FilterChainProxy - Secured GET /pedidos/1
2026-07-23 09:01:08 [main] DEBUG o.s.w.s.m.m.a.RequestMappingHandlerMapping - Mapped to com.ecommerce.api.controller.PedidoController#obter(Long)
2026-07-23 09:01:08 [main] DEBUG o.s.w.s.m.m.a.HttpEntityMethodProcessor - Using 'application/json', given [*/*] and supported [application/json, application/*+json, application/yaml]
2026-07-23 09:01:08 [main] DEBUG o.s.w.s.m.m.a.HttpEntityMethodProcessor - Writing [PedidoDTO(id=1, clienteId=10, total=150.0, status=PENDENTE, dataCriacao=null, dataAtualizacao=null)]
2026-07-23 09:01:08 [main] DEBUG o.s.security.web.FilterChainProxy - Securing GET /pedidos
2026-07-23 09:01:08 [main] DEBUG o.s.security.web.FilterChainProxy - Secured GET /pedidos
2026-07-23 09:01:08 [main] DEBUG o.s.w.s.m.m.a.RequestMappingHandlerMapping - Mapped to com.ecommerce.api.controller.PedidoController#listar(int, int, String, String)
2026-07-23 09:01:08 [main] DEBUG o.s.w.s.m.m.a.HttpEntityMethodProcessor - Using 'application/json', given [*/*] and supported [application/json, application/*+json, application/yaml]
2026-07-23 09:01:08 [main] DEBUG o.s.w.s.m.m.a.HttpEntityMethodProcessor - Writing [Page 1 of 1 containing com.ecommerce.api.dto.PedidoDTO instances]
2026-07-23 09:01:08 [main] DEBUG o.s.security.web.FilterChainProxy - Securing POST /pedidos
2026-07-23 09:01:08 [main] DEBUG o.s.security.web.FilterChainProxy - Secured POST /pedidos
2026-07-23 09:01:08 [main] DEBUG o.s.w.s.m.m.a.RequestMappingHandlerMapping - Mapped to com.ecommerce.api.controller.PedidoController#criar(PedidoDTO)
2026-07-23 09:01:08 [main] DEBUG o.s.w.s.m.m.a.RequestResponseBodyMethodProcessor - Read "application/json;charset=UTF-8" to [PedidoDTO(id=null, clienteId=null, total=50.0, status=null, dataCriacao=null, dataAtualizacao=null)]
2026-07-23 09:01:08 [main] DEBUG o.s.w.s.m.m.a.ExceptionHandlerExceptionResolver - Using @ExceptionHandler com.ecommerce.api.exception.GlobalExceptionHandler#handleValidationExceptions(MethodArgumentNotValidException, WebRequest)
2026-07-23 09:01:08 [main] ERROR c.e.a.e.GlobalExceptionHandler - Erro de validação: {clienteId=Cliente é obrigatório}
2026-07-23 09:01:08 [main] DEBUG o.s.w.s.m.m.a.HttpEntityMethodProcessor - Using 'application/json', given [*/*] and supported [application/json, application/*+json, application/yaml]
2026-07-23 09:01:08 [main] DEBUG o.s.w.s.m.m.a.HttpEntityMethodProcessor - Writing [ErrorResponse(timestamp=2026-07-23T09:01:08.482118300, status=400, erro=Erro de validação, mensagem= (truncated)...]
2026-07-23 09:01:08 [main] DEBUG o.s.w.s.m.m.a.ExceptionHandlerExceptionResolver - Resolved [org.springframework.web.bind.MethodArgumentNotValidException: Validation failed for argument [0] in public org.springframework.http.ResponseEntity<com.ecommerce.api.dto.PedidoDTO> com.ecommerce.api.controller.PedidoController.criar(com.ecommerce.api.dto.PedidoDTO): [Field error in object 'pedidoDTO' on field 'clienteId': rejected value [null]; codes [NotNull.pedidoDTO.clienteId,NotNull.clienteId,NotNull.java.lang.Long,NotNull]; arguments [org.springframework.context.support.DefaultMessageSourceResolvable: codes [pedidoDTO.clienteId,clienteId]; arguments []; default message [clienteId]]; default message [Cliente é obrigatório]] ]
2026-07-23 09:01:08 [main] DEBUG o.s.security.web.FilterChainProxy - Securing PUT /pedidos/1
2026-07-23 09:01:08 [main] DEBUG o.s.security.web.FilterChainProxy - Secured PUT /pedidos/1
2026-07-23 09:01:08 [main] DEBUG o.s.w.s.m.m.a.RequestMappingHandlerMapping - Mapped to com.ecommerce.api.controller.PedidoController#atualizar(Long, PedidoDTO)
2026-07-23 09:01:08 [main] DEBUG o.s.w.s.m.m.a.RequestResponseBodyMethodProcessor - Read "application/json;charset=UTF-8" to [PedidoDTO(id=1, clienteId=10, total=150.0, status=PENDENTE, dataCriacao=null, dataAtualizacao=null)]
2026-07-23 09:01:08 [main] DEBUG o.s.w.s.m.m.a.HttpEntityMethodProcessor - Using 'application/json', given [*/*] and supported [application/json, application/*+json, application/yaml]
2026-07-23 09:01:08 [main] DEBUG o.s.w.s.m.m.a.HttpEntityMethodProcessor - Writing [PedidoDTO(id=1, clienteId=10, total=150.0, status=PENDENTE, dataCriacao=null, dataAtualizacao=null)]
2026-07-23 09:01:08 [main] DEBUG o.s.security.web.FilterChainProxy - Securing DELETE /pedidos/1
2026-07-23 09:01:08 [main] DEBUG o.s.security.web.FilterChainProxy - Secured DELETE /pedidos/1
2026-07-23 09:01:08 [main] DEBUG o.s.w.s.m.m.a.RequestMappingHandlerMapping - Mapped to com.ecommerce.api.controller.PedidoController#deletar(Long)
2026-07-23 09:01:08 [main] DEBUG o.s.w.s.m.m.a.HttpEntityMethodProcessor - Using 'application/json', given [*/*] and supported [application/json, application/*+json, application/yaml]
2026-07-23 09:01:08 [main] DEBUG o.s.w.s.m.m.a.HttpEntityMethodProcessor - Nothing to write: null body
2026-07-23 09:01:08 [main] DEBUG o.s.security.web.FilterChainProxy - Securing GET /pedidos/todos
2026-07-23 09:01:08 [main] DEBUG o.s.security.web.FilterChainProxy - Secured GET /pedidos/todos
2026-07-23 09:01:08 [main] DEBUG o.s.w.s.m.m.a.RequestMappingHandlerMapping - Mapped to com.ecommerce.api.controller.PedidoController#listarTodos()
2026-07-23 09:01:08 [main] DEBUG o.s.w.s.m.m.a.HttpEntityMethodProcessor - Using 'application/json', given [*/*] and supported [application/json, application/*+json, application/yaml]
2026-07-23 09:01:08 [main] DEBUG o.s.w.s.m.m.a.HttpEntityMethodProcessor - Writing [[PedidoDTO(id=1, clienteId=10, total=150.0, status=PENDENTE, dataCriacao=null, dataAtualizacao=null) (truncated)...]
2026-07-23 09:01:08 [main] INFO  o.s.t.c.s.AnnotationConfigContextLoaderUtils - Could not detect default configuration classes for test class [com.ecommerce.ProdutoControllerTest]: ProdutoControllerTest does not declare any static, non-private, non-final, nested classes annotated with @Configuration.
2026-07-23 09:01:08 [main] INFO  o.s.b.t.c.SpringBootTestContextBootstrapper - Found @SpringBootConfiguration com.ecommerce.Application for test class com.ecommerce.ProdutoControllerTest
2026-07-23 09:01:08 [main] INFO  o.s.b.d.r.RestartApplicationListener - Restart disabled due to context in which it is running
2026-07-23 09:01:08 [main] INFO  com.ecommerce.ProdutoControllerTest - Starting ProdutoControllerTest using Java 25.0.2 with PID 17252 (started by PabloBezerradaSilva in C:\Users\PabloBezerradaSilva\Documents\Java\fourcamp26-pablosilva\ecommerce-api)
2026-07-23 09:01:08 [main] DEBUG com.ecommerce.ProdutoControllerTest - Running with Spring Boot v3.5.16, Spring v6.2.19
2026-07-23 09:01:08 [main] INFO  com.ecommerce.ProdutoControllerTest - No active profile set, falling back to 1 default profile: "default"
2026-07-23 09:01:08 [main] DEBUG o.s.w.c.s.GenericWebApplicationContext - Refreshing org.springframework.web.context.support.GenericWebApplicationContext@6d7f2ee5
2026-07-23 09:01:08 [main] INFO  o.s.d.r.c.RepositoryConfigurationDelegate - Bootstrapping Spring Data JPA repositories in DEFAULT mode.
2026-07-23 09:01:08 [main] INFO  o.s.d.r.c.RepositoryConfigurationDelegate - Finished Spring Data repository scanning in 29 ms. Found 6 JPA repository interfaces.
2026-07-23 09:01:09 [main] INFO  o.h.jpa.internal.util.LogHelper - HHH000204: Processing PersistenceUnitInfo [name: default]
2026-07-23 09:01:09 [main] INFO  o.h.c.i.RegionFactoryInitiator - HHH000026: Second-level cache disabled
2026-07-23 09:01:09 [main] INFO  o.s.o.j.p.SpringPersistenceUnitInfo - No LoadTimeWeaver setup: ignoring JPA class transformer
2026-07-23 09:01:09 [main] INFO  com.zaxxer.hikari.HikariDataSource - HikariPool-6 - Starting...
2026-07-23 09:01:09 [main] INFO  com.zaxxer.hikari.pool.HikariPool - HikariPool-6 - Added connection conn50: url=jdbc:h2:mem:ecommercedb user=SA
2026-07-23 09:01:09 [main] INFO  com.zaxxer.hikari.HikariDataSource - HikariPool-6 - Start completed.
2026-07-23 09:01:09 [main] WARN  org.hibernate.orm.deprecation - HHH90000025: H2Dialect does not need to be specified explicitly using 'hibernate.dialect' (remove the property setting and it will be selected by default)
2026-07-23 09:01:09 [main] INFO  o.hibernate.orm.connections.pooling - HHH10001005: Database info:
	Database JDBC URL [Connecting through datasource 'HikariDataSource (HikariPool-6)']
	Database driver: undefined/unknown
	Database version: 2.3.232
	Autocommit mode: undefined/unknown
	Isolation level: undefined/unknown
	Minimum pool size: undefined/unknown
	Maximum pool size: undefined/unknown
2026-07-23 09:01:09 [main] INFO  o.h.e.t.j.p.i.JtaPlatformInitiator - HHH000489: No JTA platform available (set 'hibernate.transaction.jta.platform' to enable JTA platform integration)
2026-07-23 09:01:09 [main] DEBUG org.hibernate.SQL - 
    drop table if exists categorias cascade 
2026-07-23 09:01:09 [main] DEBUG org.hibernate.SQL - 
    drop table if exists clientes cascade 
2026-07-23 09:01:09 [main] DEBUG org.hibernate.SQL - 
    drop table if exists itens_pedido cascade 
2026-07-23 09:01:09 [main] DEBUG org.hibernate.SQL - 
    drop table if exists pagamentos cascade 
2026-07-23 09:01:09 [main] DEBUG org.hibernate.SQL - 
    drop table if exists pedidos cascade 
2026-07-23 09:01:09 [main] DEBUG org.hibernate.SQL - 
    drop table if exists produtos cascade 
2026-07-23 09:01:09 [main] DEBUG org.hibernate.SQL - 
    drop table if exists usuarios cascade 
2026-07-23 09:01:09 [main] DEBUG org.hibernate.SQL - 
    create table categorias (
        ativo boolean not null,
        id bigint generated by default as identity,
        nome varchar(100) not null,
        descricao TEXT,
        primary key (id)
    )
2026-07-23 09:01:09 [main] DEBUG org.hibernate.SQL - 
    create table clientes (
        ativo boolean not null,
        data_atualizacao timestamp(6),
        data_criacao timestamp(6) not null,
        id bigint generated by default as identity,
        cpf varchar(11) not null unique,
        telefone varchar(20),
        email varchar(255) not null unique,
        endereco TEXT,
        nome varchar(255) not null,
        primary key (id)
    )
2026-07-23 09:01:09 [main] DEBUG org.hibernate.SQL - 
    create table itens_pedido (
        preco_unitario numeric(10,2) not null,
        quantidade integer not null,
        id bigint generated by default as identity,
        pedido_id bigint not null,
        produto_id bigint not null,
        primary key (id)
    )
2026-07-23 09:01:09 [main] DEBUG org.hibernate.SQL - 
    create table pagamentos (
        valor float(53) not null,
        data_criacao timestamp(6) not null,
        id bigint generated by default as identity,
        pedido_id bigint not null,
        metodo varchar(50) not null,
        status enum ('APROVADO','PENDENTE','RECUSADO','REEMBOLSADO') not null,
        primary key (id)
    )
2026-07-23 09:01:09 [main] DEBUG org.hibernate.SQL - 
    create table pedidos (
        total float(53) not null,
        cliente_id bigint not null,
        data_atualizacao timestamp(6),
        data_criacao timestamp(6) not null,
        id bigint generated by default as identity,
        status enum ('CANCELADO','CONFIRMADO','ENTREGUE','ENVIADO','PENDENTE') not null,
        primary key (id)
    )
2026-07-23 09:01:09 [main] DEBUG org.hibernate.SQL - 
    create table produtos (
        ativo boolean not null,
        estoque integer not null,
        preco numeric(38,2) not null,
        categoria_id bigint not null,
        id bigint generated by default as identity,
        descricao TEXT,
        nome varchar(255) not null,
        primary key (id)
    )
2026-07-23 09:01:09 [main] DEBUG org.hibernate.SQL - 
    create table usuarios (
        ativo boolean not null,
        id bigint generated by default as identity,
        email varchar(255) not null unique,
        nome varchar(255) not null,
        senha varchar(255) not null,
        papel enum ('ADMIN','USER') not null,
        primary key (id)
    )
2026-07-23 09:01:09 [main] DEBUG org.hibernate.SQL - 
    alter table if exists itens_pedido 
       add constraint FK42mycompce3b7yt3l6ukdwsxy 
       foreign key (pedido_id) 
       references pedidos
2026-07-23 09:01:09 [main] DEBUG org.hibernate.SQL - 
    alter table if exists itens_pedido 
       add constraint FKxytdlekpdaobqphujy9bmuhl 
       foreign key (produto_id) 
       references produtos
2026-07-23 09:01:09 [main] DEBUG org.hibernate.SQL - 
    alter table if exists pagamentos 
       add constraint FKb0dh6865y8h4irwdrl4ici3kl 
       foreign key (pedido_id) 
       references pedidos
2026-07-23 09:01:09 [main] DEBUG org.hibernate.SQL - 
    alter table if exists pedidos 
       add constraint FKg7202lk0hwxn04bmdl2thth5b 
       foreign key (cliente_id) 
       references clientes
2026-07-23 09:01:09 [main] DEBUG org.hibernate.SQL - 
    alter table if exists produtos 
       add constraint FK8rqw0ljwdaom34jr2t46bjtrn 
       foreign key (categoria_id) 
       references categorias
2026-07-23 09:01:09 [main] INFO  o.s.o.j.LocalContainerEntityManagerFactoryBean - Initialized JPA EntityManagerFactory for persistence unit 'default'
2026-07-23 09:01:09 [main] DEBUG o.s.w.s.m.m.a.RequestMappingHandlerMapping - 45 mappings in 'requestMappingHandlerMapping'
2026-07-23 09:01:09 [main] DEBUG o.s.w.s.h.SimpleUrlHandlerMapping - Patterns [/h2-console] in 'viewControllerHandlerMapping'
2026-07-23 09:01:09 [main] DEBUG o.s.w.s.h.SimpleUrlHandlerMapping - Patterns [/webjars/**, /**, /swagger-ui/**, /swagger-ui/*swagger-initializer.js, /webjars/*swagger-ui/**, /webjars/*swagger-ui/*swagger-initializer.js, /webjars/*swagger-ui/5.32.2/*swagger-initializer.js] in 'resourceHandlerMapping'
2026-07-23 09:01:09 [main] DEBUG o.s.s.c.a.a.c.AuthenticationConfiguration$DefaultPasswordEncoderAuthenticationManagerBuilder - No authenticationProviders and no parentAuthenticationManager defined. Returning null.
2026-07-23 09:01:09 [main] DEBUG o.s.s.web.DefaultSecurityFilterChain - Will secure any request with filters: DisableEncodeUrlFilter, WebAsyncManagerIntegrationFilter, SecurityContextHolderFilter, HeaderWriterFilter, LogoutFilter, JwtAuthenticationFilter, RequestCacheAwareFilter, SecurityContextHolderAwareRequestFilter, AnonymousAuthenticationFilter, SessionManagementFilter, ExceptionTranslationFilter, AuthorizationFilter
2026-07-23 09:01:09 [main] DEBUG o.s.w.s.m.m.a.RequestMappingHandlerAdapter - ControllerAdvice beans: 0 @ModelAttribute, 0 @InitBinder, 1 RequestBodyAdvice, 1 ResponseBodyAdvice
2026-07-23 09:01:09 [main] DEBUG o.s.w.s.m.m.a.ExceptionHandlerExceptionResolver - ControllerAdvice beans: 2 @ExceptionHandler, 1 ResponseBodyAdvice
2026-07-23 09:01:09 [main] DEBUG c.e.a.s.JwtAuthenticationFilter - Filter 'jwtAuthenticationFilter' configured for use
2026-07-23 09:01:09 [main] INFO  o.s.b.t.m.w.SpringBootMockServletContext - Initializing Spring TestDispatcherServlet ''
2026-07-23 09:01:09 [main] INFO  o.s.t.w.s.TestDispatcherServlet - Initializing Servlet ''
2026-07-23 09:01:09 [main] INFO  o.s.t.w.s.TestDispatcherServlet - Completed initialization in 1 ms
2026-07-23 09:01:09 [main] INFO  com.ecommerce.ProdutoControllerTest - Started ProdutoControllerTest in 1.296 seconds (process running for 31.175)
2026-07-23 09:01:09 [main] WARN  o.s.c.events.SpringDocAppInitializer - SpringDoc /v3/api-docs endpoint is enabled by default. To disable it in production, set the property 'springdoc.api-docs.enabled=false'
2026-07-23 09:01:09 [main] DEBUG o.s.security.web.FilterChainProxy - Securing GET /produtos
2026-07-23 09:01:09 [main] DEBUG o.s.s.w.a.AnonymousAuthenticationFilter - Set SecurityContextHolder to anonymous SecurityContext
2026-07-23 09:01:09 [main] DEBUG o.s.security.web.FilterChainProxy - Securing GET /produtos/999
2026-07-23 09:01:09 [main] DEBUG o.s.security.web.FilterChainProxy - Secured GET /produtos/999
2026-07-23 09:01:09 [main] DEBUG o.s.w.s.m.m.a.RequestMappingHandlerMapping - Mapped to com.ecommerce.api.controller.ProdutoController#obterPorId(Long)
2026-07-23 09:01:09 [main] INFO  c.e.api.controller.ProdutoController - GET /api/produtos/999
2026-07-23 09:01:09 [main] DEBUG o.s.w.s.m.m.a.ExceptionHandlerExceptionResolver - Using @ExceptionHandler com.ecommerce.api.exception.GlobalExceptionHandler#handleRecursoNaoEncontrado(RecursoNaoEncontradoException, WebRequest)
2026-07-23 09:01:09 [main] ERROR c.e.a.e.GlobalExceptionHandler - Recurso não encontrado: Produto nao encontrado com ID: 999
2026-07-23 09:01:09 [main] DEBUG o.s.w.s.m.m.a.HttpEntityMethodProcessor - Using 'application/json', given [*/*] and supported [application/json, application/*+json, application/yaml]
2026-07-23 09:01:09 [main] DEBUG o.s.w.s.m.m.a.HttpEntityMethodProcessor - Writing [ErrorResponse(timestamp=2026-07-23T09:01:09.906310200, status=404, erro=Recurso não encontrado, mens (truncated)...]
2026-07-23 09:01:09 [main] DEBUG o.s.w.s.m.m.a.ExceptionHandlerExceptionResolver - Resolved [com.ecommerce.api.exception.RecursoNaoEncontradoException: Produto nao encontrado com ID: 999]
2026-07-23 09:01:09 [main] DEBUG o.s.security.web.FilterChainProxy - Securing POST /produtos
2026-07-23 09:01:09 [main] DEBUG o.s.security.web.FilterChainProxy - Secured POST /produtos
2026-07-23 09:01:09 [main] DEBUG o.s.w.s.m.m.a.RequestMappingHandlerMapping - Mapped to com.ecommerce.api.controller.ProdutoController#criar(ProdutoDTO)
2026-07-23 09:01:09 [main] DEBUG o.s.w.s.m.m.a.RequestResponseBodyMethodProcessor - Read "application/json;charset=UTF-8" to [ProdutoDTO(id=1, nome=Notebook Dell, descricao=Notebook 15 polegadas, preco=3500.00, estoque=10, cat (truncated)...]
2026-07-23 09:01:09 [main] INFO  c.e.api.controller.ProdutoController - POST /api/produtos - Criando produto: Notebook Dell
2026-07-23 09:01:09 [main] DEBUG o.s.w.s.m.m.a.HttpEntityMethodProcessor - Using 'application/json', given [*/*] and supported [application/json, application/*+json, application/yaml]
2026-07-23 09:01:09 [main] DEBUG o.s.w.s.m.m.a.HttpEntityMethodProcessor - Writing [ProdutoDTO(id=1, nome=Notebook Dell, descricao=Notebook 15 polegadas, preco=3500.00, estoque=10, cat (truncated)...]
2026-07-23 09:01:09 [main] DEBUG o.s.security.web.FilterChainProxy - Securing PATCH /produtos/1/estoque/aumentar
2026-07-23 09:01:09 [main] DEBUG o.s.security.web.FilterChainProxy - Secured PATCH /produtos/1/estoque/aumentar
2026-07-23 09:01:09 [main] DEBUG o.s.w.s.m.m.a.RequestMappingHandlerMapping - Mapped to com.ecommerce.api.controller.ProdutoController#aumentarEstoque(Long, Integer)
2026-07-23 09:01:09 [main] INFO  c.e.api.controller.ProdutoController - PATCH /api/produtos/1/estoque/aumentar?quantidade=5
2026-07-23 09:01:09 [main] DEBUG o.s.w.s.m.m.a.HttpEntityMethodProcessor - Using 'application/json', given [*/*] and supported [application/json, application/*+json, application/yaml]
2026-07-23 09:01:09 [main] DEBUG o.s.w.s.m.m.a.HttpEntityMethodProcessor - Writing [15]
2026-07-23 09:01:09 [main] DEBUG o.s.security.web.FilterChainProxy - Securing PATCH /produtos/1/estoque/diminuir
2026-07-23 09:01:09 [main] DEBUG o.s.security.web.FilterChainProxy - Secured PATCH /produtos/1/estoque/diminuir
2026-07-23 09:01:09 [main] DEBUG o.s.w.s.m.m.a.RequestMappingHandlerMapping - Mapped to com.ecommerce.api.controller.ProdutoController#diminuirEstoque(Long, Integer)
2026-07-23 09:01:09 [main] INFO  c.e.api.controller.ProdutoController - PATCH /api/produtos/1/estoque/diminuir?quantidade=5
2026-07-23 09:01:09 [main] DEBUG o.s.w.s.m.m.a.HttpEntityMethodProcessor - Using 'application/json', given [*/*] and supported [application/json, application/*+json, application/yaml]
2026-07-23 09:01:09 [main] DEBUG o.s.w.s.m.m.a.HttpEntityMethodProcessor - Writing [5]
2026-07-23 09:01:09 [main] DEBUG o.s.security.web.FilterChainProxy - Securing GET /produtos/1
2026-07-23 09:01:09 [main] DEBUG o.s.security.web.FilterChainProxy - Secured GET /produtos/1
2026-07-23 09:01:09 [main] DEBUG o.s.w.s.m.m.a.RequestMappingHandlerMapping - Mapped to com.ecommerce.api.controller.ProdutoController#obterPorId(Long)
2026-07-23 09:01:09 [main] INFO  c.e.api.controller.ProdutoController - GET /api/produtos/1
2026-07-23 09:01:10 [main] DEBUG o.s.w.s.m.m.a.HttpEntityMethodProcessor - Using 'application/json', given [*/*] and supported [application/json, application/*+json, application/yaml]
2026-07-23 09:01:10 [main] DEBUG o.s.w.s.m.m.a.HttpEntityMethodProcessor - Writing [ProdutoDTO(id=1, nome=Notebook Dell, descricao=Notebook 15 polegadas, preco=3500.00, estoque=10, cat (truncated)...]
2026-07-23 09:01:10 [main] DEBUG o.s.security.web.FilterChainProxy - Securing PUT /produtos/1
2026-07-23 09:01:10 [main] DEBUG o.s.security.web.FilterChainProxy - Secured PUT /produtos/1
2026-07-23 09:01:10 [main] DEBUG o.s.w.s.m.m.a.RequestMappingHandlerMapping - Mapped to com.ecommerce.api.controller.ProdutoController#atualizar(Long, ProdutoDTO)
2026-07-23 09:01:10 [main] DEBUG o.s.w.s.m.m.a.RequestResponseBodyMethodProcessor - Read "application/json;charset=UTF-8" to [ProdutoDTO(id=1, nome=Notebook Dell, descricao=Notebook 15 polegadas, preco=3500.00, estoque=10, cat (truncated)...]
2026-07-23 09:01:10 [main] INFO  c.e.api.controller.ProdutoController - PUT /api/produtos/1 - Atualizando produto
2026-07-23 09:01:10 [main] DEBUG o.s.w.s.m.m.a.HttpEntityMethodProcessor - Using 'application/json', given [*/*] and supported [application/json, application/*+json, application/yaml]
2026-07-23 09:01:10 [main] DEBUG o.s.w.s.m.m.a.HttpEntityMethodProcessor - Writing [ProdutoDTO(id=1, nome=Notebook Dell, descricao=Notebook 15 polegadas, preco=3500.00, estoque=10, cat (truncated)...]
2026-07-23 09:01:10 [main] DEBUG o.s.security.web.FilterChainProxy - Securing DELETE /produtos/1
2026-07-23 09:01:10 [main] DEBUG o.s.security.web.FilterChainProxy - Secured DELETE /produtos/1
2026-07-23 09:01:10 [main] DEBUG o.s.w.s.m.m.a.RequestMappingHandlerMapping - Mapped to com.ecommerce.api.controller.ProdutoController#deletar(Long)
2026-07-23 09:01:10 [main] INFO  c.e.api.controller.ProdutoController - DELETE /api/produtos/1
2026-07-23 09:01:10 [main] DEBUG o.s.w.s.m.m.a.HttpEntityMethodProcessor - Using 'application/json', given [*/*] and supported [application/json, application/*+json, application/yaml]
2026-07-23 09:01:10 [main] DEBUG o.s.w.s.m.m.a.HttpEntityMethodProcessor - Nothing to write: null body
2026-07-23 09:01:10 [main] DEBUG o.s.security.web.FilterChainProxy - Securing GET /produtos/todos
2026-07-23 09:01:10 [main] DEBUG o.s.security.web.FilterChainProxy - Secured GET /produtos/todos
2026-07-23 09:01:10 [main] DEBUG o.s.w.s.m.m.a.RequestMappingHandlerMapping - Mapped to com.ecommerce.api.controller.ProdutoController#listarTodos()
2026-07-23 09:01:10 [main] INFO  c.e.api.controller.ProdutoController - GET /api/produtos/todos
2026-07-23 09:01:10 [main] DEBUG o.s.w.s.m.m.a.HttpEntityMethodProcessor - Using 'application/json', given [*/*] and supported [application/json, application/*+json, application/yaml]
2026-07-23 09:01:10 [main] DEBUG o.s.w.s.m.m.a.HttpEntityMethodProcessor - Writing [[ProdutoDTO(id=1, nome=Notebook Dell, descricao=Notebook 15 polegadas, preco=3500.00, estoque=10, ca (truncated)...]
2026-07-23 09:01:10 [main] INFO  o.s.t.c.s.AnnotationConfigContextLoaderUtils - Could not detect default configuration classes for test class [com.ecommerce.ProdutoServiceTest]: ProdutoServiceTest does not declare any static, non-private, non-final, nested classes annotated with @Configuration.
2026-07-23 09:01:10 [main] INFO  o.s.b.t.c.SpringBootTestContextBootstrapper - Found @SpringBootConfiguration com.ecommerce.Application for test class com.ecommerce.ProdutoServiceTest
2026-07-23 09:01:10 [main] INFO  o.s.b.d.r.RestartApplicationListener - Restart disabled due to context in which it is running
2026-07-23 09:01:10 [main] INFO  com.ecommerce.ProdutoServiceTest - Starting ProdutoServiceTest using Java 25.0.2 with PID 17252 (started by PabloBezerradaSilva in C:\Users\PabloBezerradaSilva\Documents\Java\fourcamp26-pablosilva\ecommerce-api)
2026-07-23 09:01:10 [main] DEBUG com.ecommerce.ProdutoServiceTest - Running with Spring Boot v3.5.16, Spring v6.2.19
2026-07-23 09:01:10 [main] INFO  com.ecommerce.ProdutoServiceTest - No active profile set, falling back to 1 default profile: "default"
2026-07-23 09:01:10 [main] DEBUG o.s.w.c.s.GenericWebApplicationContext - Refreshing org.springframework.web.context.support.GenericWebApplicationContext@53c73536
2026-07-23 09:01:10 [main] INFO  o.s.d.r.c.RepositoryConfigurationDelegate - Bootstrapping Spring Data JPA repositories in DEFAULT mode.
2026-07-23 09:01:10 [main] INFO  o.s.d.r.c.RepositoryConfigurationDelegate - Finished Spring Data repository scanning in 32 ms. Found 6 JPA repository interfaces.
2026-07-23 09:01:10 [main] INFO  o.h.jpa.internal.util.LogHelper - HHH000204: Processing PersistenceUnitInfo [name: default]
2026-07-23 09:01:10 [main] INFO  o.h.c.i.RegionFactoryInitiator - HHH000026: Second-level cache disabled
2026-07-23 09:01:10 [main] INFO  o.s.o.j.p.SpringPersistenceUnitInfo - No LoadTimeWeaver setup: ignoring JPA class transformer
2026-07-23 09:01:10 [main] INFO  com.zaxxer.hikari.HikariDataSource - HikariPool-7 - Starting...
2026-07-23 09:01:10 [main] INFO  com.zaxxer.hikari.pool.HikariPool - HikariPool-7 - Added connection conn60: url=jdbc:h2:mem:ecommercedb user=SA
2026-07-23 09:01:10 [main] INFO  com.zaxxer.hikari.HikariDataSource - HikariPool-7 - Start completed.
2026-07-23 09:01:10 [main] WARN  org.hibernate.orm.deprecation - HHH90000025: H2Dialect does not need to be specified explicitly using 'hibernate.dialect' (remove the property setting and it will be selected by default)
2026-07-23 09:01:10 [main] INFO  o.hibernate.orm.connections.pooling - HHH10001005: Database info:
	Database JDBC URL [Connecting through datasource 'HikariDataSource (HikariPool-7)']
	Database driver: undefined/unknown
	Database version: 2.3.232
	Autocommit mode: undefined/unknown
	Isolation level: undefined/unknown
	Minimum pool size: undefined/unknown
	Maximum pool size: undefined/unknown
2026-07-23 09:01:10 [main] INFO  o.h.e.t.j.p.i.JtaPlatformInitiator - HHH000489: No JTA platform available (set 'hibernate.transaction.jta.platform' to enable JTA platform integration)
2026-07-23 09:01:10 [main] DEBUG org.hibernate.SQL - 
    drop table if exists categorias cascade 
2026-07-23 09:01:10 [main] DEBUG org.hibernate.SQL - 
    drop table if exists clientes cascade 
2026-07-23 09:01:10 [main] DEBUG org.hibernate.SQL - 
    drop table if exists itens_pedido cascade 
2026-07-23 09:01:10 [main] DEBUG org.hibernate.SQL - 
    drop table if exists pagamentos cascade 
2026-07-23 09:01:10 [main] DEBUG org.hibernate.SQL - 
    drop table if exists pedidos cascade 
2026-07-23 09:01:10 [main] DEBUG org.hibernate.SQL - 
    drop table if exists produtos cascade 
2026-07-23 09:01:10 [main] DEBUG org.hibernate.SQL - 
    drop table if exists usuarios cascade 
2026-07-23 09:01:10 [main] DEBUG org.hibernate.SQL - 
    create table categorias (
        ativo boolean not null,
        id bigint generated by default as identity,
        nome varchar(100) not null,
        descricao TEXT,
        primary key (id)
    )
2026-07-23 09:01:10 [main] DEBUG org.hibernate.SQL - 
    create table clientes (
        ativo boolean not null,
        data_atualizacao timestamp(6),
        data_criacao timestamp(6) not null,
        id bigint generated by default as identity,
        cpf varchar(11) not null unique,
        telefone varchar(20),
        email varchar(255) not null unique,
        endereco TEXT,
        nome varchar(255) not null,
        primary key (id)
    )
2026-07-23 09:01:10 [main] DEBUG org.hibernate.SQL - 
    create table itens_pedido (
        preco_unitario numeric(10,2) not null,
        quantidade integer not null,
        id bigint generated by default as identity,
        pedido_id bigint not null,
        produto_id bigint not null,
        primary key (id)
    )
2026-07-23 09:01:10 [main] DEBUG org.hibernate.SQL - 
    create table pagamentos (
        valor float(53) not null,
        data_criacao timestamp(6) not null,
        id bigint generated by default as identity,
        pedido_id bigint not null,
        metodo varchar(50) not null,
        status enum ('APROVADO','PENDENTE','RECUSADO','REEMBOLSADO') not null,
        primary key (id)
    )
2026-07-23 09:01:10 [main] DEBUG org.hibernate.SQL - 
    create table pedidos (
        total float(53) not null,
        cliente_id bigint not null,
        data_atualizacao timestamp(6),
        data_criacao timestamp(6) not null,
        id bigint generated by default as identity,
        status enum ('CANCELADO','CONFIRMADO','ENTREGUE','ENVIADO','PENDENTE') not null,
        primary key (id)
    )
2026-07-23 09:01:10 [main] DEBUG org.hibernate.SQL - 
    create table produtos (
        ativo boolean not null,
        estoque integer not null,
        preco numeric(38,2) not null,
        categoria_id bigint not null,
        id bigint generated by default as identity,
        descricao TEXT,
        nome varchar(255) not null,
        primary key (id)
    )
2026-07-23 09:01:10 [main] DEBUG org.hibernate.SQL - 
    create table usuarios (
        ativo boolean not null,
        id bigint generated by default as identity,
        email varchar(255) not null unique,
        nome varchar(255) not null,
        senha varchar(255) not null,
        papel enum ('ADMIN','USER') not null,
        primary key (id)
    )
2026-07-23 09:01:10 [main] DEBUG org.hibernate.SQL - 
    alter table if exists itens_pedido 
       add constraint FK42mycompce3b7yt3l6ukdwsxy 
       foreign key (pedido_id) 
       references pedidos
2026-07-23 09:01:10 [main] DEBUG org.hibernate.SQL - 
    alter table if exists itens_pedido 
       add constraint FKxytdlekpdaobqphujy9bmuhl 
       foreign key (produto_id) 
       references produtos
2026-07-23 09:01:10 [main] DEBUG org.hibernate.SQL - 
    alter table if exists pagamentos 
       add constraint FKb0dh6865y8h4irwdrl4ici3kl 
       foreign key (pedido_id) 
       references pedidos
2026-07-23 09:01:10 [main] DEBUG org.hibernate.SQL - 
    alter table if exists pedidos 
       add constraint FKg7202lk0hwxn04bmdl2thth5b 
       foreign key (cliente_id) 
       references clientes
2026-07-23 09:01:10 [main] DEBUG org.hibernate.SQL - 
    alter table if exists produtos 
       add constraint FK8rqw0ljwdaom34jr2t46bjtrn 
       foreign key (categoria_id) 
       references categorias
2026-07-23 09:01:10 [main] INFO  o.s.o.j.LocalContainerEntityManagerFactoryBean - Initialized JPA EntityManagerFactory for persistence unit 'default'
2026-07-23 09:01:10 [main] DEBUG o.s.w.s.m.m.a.RequestMappingHandlerMapping - 45 mappings in 'requestMappingHandlerMapping'
2026-07-23 09:01:10 [main] DEBUG o.s.w.s.h.SimpleUrlHandlerMapping - Patterns [/h2-console] in 'viewControllerHandlerMapping'
2026-07-23 09:01:10 [main] DEBUG o.s.w.s.h.SimpleUrlHandlerMapping - Patterns [/webjars/**, /**, /swagger-ui/**, /swagger-ui/*swagger-initializer.js, /webjars/*swagger-ui/**, /webjars/*swagger-ui/*swagger-initializer.js, /webjars/*swagger-ui/5.32.2/*swagger-initializer.js] in 'resourceHandlerMapping'
2026-07-23 09:01:10 [main] DEBUG o.s.s.c.a.a.c.AuthenticationConfiguration$DefaultPasswordEncoderAuthenticationManagerBuilder - No authenticationProviders and no parentAuthenticationManager defined. Returning null.
2026-07-23 09:01:10 [main] DEBUG o.s.s.web.DefaultSecurityFilterChain - Will secure any request with filters: DisableEncodeUrlFilter, WebAsyncManagerIntegrationFilter, SecurityContextHolderFilter, HeaderWriterFilter, LogoutFilter, JwtAuthenticationFilter, RequestCacheAwareFilter, SecurityContextHolderAwareRequestFilter, AnonymousAuthenticationFilter, SessionManagementFilter, ExceptionTranslationFilter, AuthorizationFilter
2026-07-23 09:01:10 [main] DEBUG o.s.w.s.m.m.a.RequestMappingHandlerAdapter - ControllerAdvice beans: 0 @ModelAttribute, 0 @InitBinder, 1 RequestBodyAdvice, 1 ResponseBodyAdvice
2026-07-23 09:01:10 [main] DEBUG o.s.w.s.m.m.a.ExceptionHandlerExceptionResolver - ControllerAdvice beans: 2 @ExceptionHandler, 1 ResponseBodyAdvice
2026-07-23 09:01:11 [main] INFO  com.ecommerce.ProdutoServiceTest - Started ProdutoServiceTest in 0.982 seconds (process running for 32.351)
2026-07-23 09:01:11 [main] WARN  o.s.c.events.SpringDocAppInitializer - SpringDoc /v3/api-docs endpoint is enabled by default. To disable it in production, set the property 'springdoc.api-docs.enabled=false'
2026-07-23 09:01:11 [main] DEBUG org.hibernate.SQL - 
    /* insert for
        com.ecommerce.api.model.Categoria */insert 
    into
        categorias (ativo, descricao, nome, id) 
    values
        (?, ?, ?, default)
2026-07-23 09:01:11 [main] DEBUG org.hibernate.SQL - 
    /* insert for
        com.ecommerce.api.model.Produto */insert 
    into
        produtos (ativo, categoria_id, descricao, estoque, nome, preco, id) 
    values
        (?, ?, ?, ?, ?, ?, default)
2026-07-23 09:01:11 [main] INFO  c.e.api.service.ProdutoService - Aumentando estoque do produto 1 em 5 unidades
2026-07-23 09:01:11 [main] DEBUG org.hibernate.SQL - 
    select
        p1_0.id,
        p1_0.ativo,
        p1_0.categoria_id,
        c1_0.id,
        c1_0.ativo,
        c1_0.descricao,
        c1_0.nome,
        p1_0.descricao,
        p1_0.estoque,
        p1_0.nome,
        p1_0.preco 
    from
        produtos p1_0 
    join
        categorias c1_0 
            on c1_0.id=p1_0.categoria_id 
    where
        p1_0.id=?
2026-07-23 09:01:11 [main] DEBUG c.e.api.service.ProdutoService - Estoque aumentado com sucesso. Novo estoque: 15
2026-07-23 09:01:11 [main] DEBUG org.hibernate.SQL - 
    /* update
        for com.ecommerce.api.model.Produto */update produtos 
    set
        ativo=?,
        categoria_id=?,
        descricao=?,
        estoque=?,
        nome=?,
        preco=? 
    where
        id=?
2026-07-23 09:01:11 [main] DEBUG org.hibernate.SQL - 
    /* insert for
        com.ecommerce.api.model.Categoria */insert 
    into
        categorias (ativo, descricao, nome, id) 
    values
        (?, ?, ?, default)
2026-07-23 09:01:11 [main] DEBUG org.hibernate.SQL - 
    /* insert for
        com.ecommerce.api.model.Produto */insert 
    into
        produtos (ativo, categoria_id, descricao, estoque, nome, preco, id) 
    values
        (?, ?, ?, ?, ?, ?, default)
2026-07-23 09:01:11 [main] INFO  c.e.api.service.ProdutoService - Diminuindo estoque do produto 2 em 3 unidades
2026-07-23 09:01:11 [main] DEBUG org.hibernate.SQL - 
    select
        p1_0.id,
        p1_0.ativo,
        p1_0.categoria_id,
        c1_0.id,
        c1_0.ativo,
        c1_0.descricao,
        c1_0.nome,
        p1_0.descricao,
        p1_0.estoque,
        p1_0.nome,
        p1_0.preco 
    from
        produtos p1_0 
    join
        categorias c1_0 
            on c1_0.id=p1_0.categoria_id 
    where
        p1_0.id=?
2026-07-23 09:01:11 [main] DEBUG c.e.api.service.ProdutoService - Estoque diminuído com sucesso. Novo estoque: 7
2026-07-23 09:01:11 [main] DEBUG org.hibernate.SQL - 
    /* update
        for com.ecommerce.api.model.Produto */update produtos 
    set
        ativo=?,
        categoria_id=?,
        descricao=?,
        estoque=?,
        nome=?,
        preco=? 
    where
        id=?
2026-07-23 09:01:11 [main] DEBUG org.hibernate.SQL - 
    /* insert for
        com.ecommerce.api.model.Categoria */insert 
    into
        categorias (ativo, descricao, nome, id) 
    values
        (?, ?, ?, default)
2026-07-23 09:01:11 [main] DEBUG org.hibernate.SQL - 
    /* insert for
        com.ecommerce.api.model.Produto */insert 
    into
        produtos (ativo, categoria_id, descricao, estoque, nome, preco, id) 
    values
        (?, ?, ?, ?, ?, ?, default)
2026-07-23 09:01:11 [main] INFO  c.e.api.service.ProdutoService - Diminuindo estoque do produto 3 em 15 unidades
2026-07-23 09:01:11 [main] DEBUG org.hibernate.SQL - 
    select
        p1_0.id,
        p1_0.ativo,
        p1_0.categoria_id,
        c1_0.id,
        c1_0.ativo,
        c1_0.descricao,
        c1_0.nome,
        p1_0.descricao,
        p1_0.estoque,
        p1_0.nome,
        p1_0.preco 
    from
        produtos p1_0 
    join
        categorias c1_0 
            on c1_0.id=p1_0.categoria_id 
    where
        p1_0.id=?
2026-07-23 09:01:11 [main] WARN  c.e.api.service.ProdutoService - Estoque insuficiente para produto 3: disponível 10, solicitado 15
2026-07-23 09:01:11 [main] WARN  c.e.api.service.UsuarioService - Tentativa de login com email não encontrado: naoexiste@teste.com
2026-07-23 09:01:11 [main] WARN  c.e.api.service.UsuarioService - Tentativa de registro com email já existente: usuario@teste.com
2026-07-23 09:01:11 [main] INFO  c.e.api.service.UsuarioService - Login realizado com sucesso: usuario@teste.com
2026-07-23 09:01:11 [main] WARN  c.e.api.service.UsuarioService - Tentativa de login com senha incorreta: usuario@teste.com
2026-07-23 09:01:11 [main] INFO  c.e.api.service.UsuarioService - Novo usuário registrado: usuario@teste.com
2026-07-23 09:01:11 [main] INFO  c.e.api.service.UsuarioService - Usuário atualizado: usuario@teste.com
2026-07-23 09:01:11 [main] INFO  c.e.api.service.UsuarioService - Usuário deletado com ID: 1
2026-07-23 09:01:11 [SpringApplicationShutdownHook] DEBUG o.s.w.c.s.GenericWebApplicationContext - Closing org.springframework.web.context.support.GenericWebApplicationContext@6d7b2319, started on Thu Jul 23 09:00:44 GMT-03:00 2026
2026-07-23 09:01:12 [SpringApplicationShutdownHook] INFO  o.s.o.j.LocalContainerEntityManagerFactoryBean - Closing JPA EntityManagerFactory for persistence unit 'default'
2026-07-23 09:01:12 [SpringApplicationShutdownHook] DEBUG org.hibernate.SQL - 
    drop table if exists categorias cascade 
2026-07-23 09:01:12 [SpringApplicationShutdownHook] DEBUG org.hibernate.SQL - 
    drop table if exists clientes cascade 
2026-07-23 09:01:12 [SpringApplicationShutdownHook] DEBUG org.hibernate.SQL - 
    drop table if exists itens_pedido cascade 
2026-07-23 09:01:12 [SpringApplicationShutdownHook] DEBUG org.hibernate.SQL - 
    drop table if exists pagamentos cascade 
2026-07-23 09:01:12 [SpringApplicationShutdownHook] DEBUG org.hibernate.SQL - 
    drop table if exists pedidos cascade 
2026-07-23 09:01:12 [SpringApplicationShutdownHook] DEBUG org.hibernate.SQL - 
    drop table if exists produtos cascade 
2026-07-23 09:01:12 [SpringApplicationShutdownHook] DEBUG org.hibernate.SQL - 
    drop table if exists usuarios cascade 
2026-07-23 09:01:12 [SpringApplicationShutdownHook] INFO  com.zaxxer.hikari.HikariDataSource - HikariPool-1 - Shutdown initiated...
2026-07-23 09:01:12 [SpringApplicationShutdownHook] INFO  com.zaxxer.hikari.HikariDataSource - HikariPool-1 - Shutdown completed.
2026-07-23 09:01:12 [SpringApplicationShutdownHook] DEBUG o.s.w.c.s.GenericWebApplicationContext - Closing org.springframework.web.context.support.GenericWebApplicationContext@2de15438, started on Thu Jul 23 09:00:58 GMT-03:00 2026
2026-07-23 09:01:12 [SpringApplicationShutdownHook] INFO  o.s.o.j.LocalContainerEntityManagerFactoryBean - Closing JPA EntityManagerFactory for persistence unit 'default'
2026-07-23 09:01:12 [SpringApplicationShutdownHook] DEBUG org.hibernate.SQL - 
    drop table if exists categorias cascade 
2026-07-23 09:01:12 [SpringApplicationShutdownHook] DEBUG org.hibernate.SQL - 
    drop table if exists clientes cascade 
2026-07-23 09:01:12 [SpringApplicationShutdownHook] DEBUG org.hibernate.SQL - 
    drop table if exists itens_pedido cascade 
2026-07-23 09:01:12 [SpringApplicationShutdownHook] DEBUG org.hibernate.SQL - 
    drop table if exists pagamentos cascade 
2026-07-23 09:01:12 [SpringApplicationShutdownHook] DEBUG org.hibernate.SQL - 
    drop table if exists pedidos cascade 
2026-07-23 09:01:12 [SpringApplicationShutdownHook] DEBUG org.hibernate.SQL - 
    drop table if exists produtos cascade 
2026-07-23 09:01:12 [SpringApplicationShutdownHook] DEBUG org.hibernate.SQL - 
    drop table if exists usuarios cascade 
2026-07-23 09:01:12 [SpringApplicationShutdownHook] INFO  com.zaxxer.hikari.HikariDataSource - HikariPool-2 - Shutdown initiated...
2026-07-23 09:01:12 [SpringApplicationShutdownHook] INFO  com.zaxxer.hikari.HikariDataSource - HikariPool-2 - Shutdown completed.
2026-07-23 09:01:12 [SpringApplicationShutdownHook] DEBUG o.s.w.c.s.GenericWebApplicationContext - Closing org.springframework.web.context.support.GenericWebApplicationContext@477abd51, started on Thu Jul 23 09:01:01 GMT-03:00 2026
2026-07-23 09:01:12 [SpringApplicationShutdownHook] INFO  o.s.o.j.LocalContainerEntityManagerFactoryBean - Closing JPA EntityManagerFactory for persistence unit 'default'
2026-07-23 09:01:12 [SpringApplicationShutdownHook] DEBUG org.hibernate.SQL - 
    drop table if exists categorias cascade 
2026-07-23 09:01:12 [SpringApplicationShutdownHook] DEBUG org.hibernate.SQL - 
    drop table if exists clientes cascade 
2026-07-23 09:01:12 [SpringApplicationShutdownHook] DEBUG org.hibernate.SQL - 
    drop table if exists itens_pedido cascade 
2026-07-23 09:01:12 [SpringApplicationShutdownHook] DEBUG org.hibernate.SQL - 
    drop table if exists pagamentos cascade 
2026-07-23 09:01:12 [SpringApplicationShutdownHook] DEBUG org.hibernate.SQL - 
    drop table if exists pedidos cascade 
2026-07-23 09:01:12 [SpringApplicationShutdownHook] DEBUG org.hibernate.SQL - 
    drop table if exists produtos cascade 
2026-07-23 09:01:12 [SpringApplicationShutdownHook] DEBUG org.hibernate.SQL - 
    drop table if exists usuarios cascade 
2026-07-23 09:01:12 [SpringApplicationShutdownHook] INFO  com.zaxxer.hikari.HikariDataSource - HikariPool-3 - Shutdown initiated...
2026-07-23 09:01:12 [SpringApplicationShutdownHook] INFO  com.zaxxer.hikari.HikariDataSource - HikariPool-3 - Shutdown completed.
2026-07-23 09:01:12 [SpringApplicationShutdownHook] DEBUG o.s.w.c.s.GenericWebApplicationContext - Closing org.springframework.web.context.support.GenericWebApplicationContext@36ba85cd, started on Thu Jul 23 09:01:04 GMT-03:00 2026
2026-07-23 09:01:12 [SpringApplicationShutdownHook] INFO  o.s.o.j.LocalContainerEntityManagerFactoryBean - Closing JPA EntityManagerFactory for persistence unit 'default'
2026-07-23 09:01:12 [SpringApplicationShutdownHook] DEBUG org.hibernate.SQL - 
    drop table if exists categorias cascade 
2026-07-23 09:01:12 [SpringApplicationShutdownHook] DEBUG org.hibernate.SQL - 
    drop table if exists clientes cascade 
2026-07-23 09:01:12 [SpringApplicationShutdownHook] DEBUG org.hibernate.SQL - 
    drop table if exists itens_pedido cascade 
2026-07-23 09:01:12 [SpringApplicationShutdownHook] DEBUG org.hibernate.SQL - 
    drop table if exists pagamentos cascade 
2026-07-23 09:01:12 [SpringApplicationShutdownHook] DEBUG org.hibernate.SQL - 
    drop table if exists pedidos cascade 
2026-07-23 09:01:12 [SpringApplicationShutdownHook] DEBUG org.hibernate.SQL - 
    drop table if exists produtos cascade 
2026-07-23 09:01:12 [SpringApplicationShutdownHook] DEBUG org.hibernate.SQL - 
    drop table if exists usuarios cascade 
2026-07-23 09:01:12 [SpringApplicationShutdownHook] INFO  com.zaxxer.hikari.HikariDataSource - HikariPool-4 - Shutdown initiated...
2026-07-23 09:01:12 [SpringApplicationShutdownHook] INFO  com.zaxxer.hikari.HikariDataSource - HikariPool-4 - Shutdown completed.
2026-07-23 09:01:12 [SpringApplicationShutdownHook] DEBUG o.s.w.c.s.GenericWebApplicationContext - Closing org.springframework.web.context.support.GenericWebApplicationContext@2be796b7, started on Thu Jul 23 09:01:06 GMT-03:00 2026
2026-07-23 09:01:12 [SpringApplicationShutdownHook] INFO  o.s.o.j.LocalContainerEntityManagerFactoryBean - Closing JPA EntityManagerFactory for persistence unit 'default'
2026-07-23 09:01:12 [SpringApplicationShutdownHook] DEBUG org.hibernate.SQL - 
    drop table if exists categorias cascade 
2026-07-23 09:01:12 [SpringApplicationShutdownHook] DEBUG org.hibernate.SQL - 
    drop table if exists clientes cascade 
2026-07-23 09:01:12 [SpringApplicationShutdownHook] DEBUG org.hibernate.SQL - 
    drop table if exists itens_pedido cascade 
2026-07-23 09:01:12 [SpringApplicationShutdownHook] DEBUG org.hibernate.SQL - 
    drop table if exists pagamentos cascade 
2026-07-23 09:01:12 [SpringApplicationShutdownHook] DEBUG org.hibernate.SQL - 
    drop table if exists pedidos cascade 
2026-07-23 09:01:12 [SpringApplicationShutdownHook] DEBUG org.hibernate.SQL - 
    drop table if exists produtos cascade 
2026-07-23 09:01:12 [SpringApplicationShutdownHook] DEBUG org.hibernate.SQL - 
    drop table if exists usuarios cascade 
2026-07-23 09:01:12 [SpringApplicationShutdownHook] INFO  com.zaxxer.hikari.HikariDataSource - HikariPool-5 - Shutdown initiated...
2026-07-23 09:01:12 [SpringApplicationShutdownHook] INFO  com.zaxxer.hikari.HikariDataSource - HikariPool-5 - Shutdown completed.
2026-07-23 09:01:12 [SpringApplicationShutdownHook] DEBUG o.s.w.c.s.GenericWebApplicationContext - Closing org.springframework.web.context.support.GenericWebApplicationContext@6d7f2ee5, started on Thu Jul 23 09:01:08 GMT-03:00 2026
2026-07-23 09:01:12 [SpringApplicationShutdownHook] INFO  o.s.o.j.LocalContainerEntityManagerFactoryBean - Closing JPA EntityManagerFactory for persistence unit 'default'
2026-07-23 09:01:12 [SpringApplicationShutdownHook] DEBUG org.hibernate.SQL - 
    drop table if exists categorias cascade 
2026-07-23 09:01:12 [SpringApplicationShutdownHook] DEBUG org.hibernate.SQL - 
    drop table if exists clientes cascade 
2026-07-23 09:01:12 [SpringApplicationShutdownHook] DEBUG org.hibernate.SQL - 
    drop table if exists itens_pedido cascade 
2026-07-23 09:01:12 [SpringApplicationShutdownHook] DEBUG org.hibernate.SQL - 
    drop table if exists pagamentos cascade 
2026-07-23 09:01:12 [SpringApplicationShutdownHook] DEBUG org.hibernate.SQL - 
    drop table if exists pedidos cascade 
2026-07-23 09:01:12 [SpringApplicationShutdownHook] DEBUG org.hibernate.SQL - 
    drop table if exists produtos cascade 
2026-07-23 09:01:12 [SpringApplicationShutdownHook] DEBUG org.hibernate.SQL - 
    drop table if exists usuarios cascade 
2026-07-23 09:01:12 [SpringApplicationShutdownHook] INFO  com.zaxxer.hikari.HikariDataSource - HikariPool-6 - Shutdown initiated...
2026-07-23 09:01:12 [SpringApplicationShutdownHook] INFO  com.zaxxer.hikari.HikariDataSource - HikariPool-6 - Shutdown completed.
2026-07-23 09:01:12 [SpringApplicationShutdownHook] DEBUG o.s.w.c.s.GenericWebApplicationContext - Closing org.springframework.web.context.support.GenericWebApplicationContext@53c73536, started on Thu Jul 23 09:01:10 GMT-03:00 2026
2026-07-23 09:01:12 [SpringApplicationShutdownHook] INFO  o.s.o.j.LocalContainerEntityManagerFactoryBean - Closing JPA EntityManagerFactory for persistence unit 'default'
2026-07-23 09:01:12 [SpringApplicationShutdownHook] DEBUG org.hibernate.SQL - 
    drop table if exists categorias cascade 
2026-07-23 09:01:12 [SpringApplicationShutdownHook] DEBUG org.hibernate.SQL - 
    drop table if exists clientes cascade 
2026-07-23 09:01:12 [SpringApplicationShutdownHook] DEBUG org.hibernate.SQL - 
    drop table if exists itens_pedido cascade 
2026-07-23 09:01:12 [SpringApplicationShutdownHook] DEBUG org.hibernate.SQL - 
    drop table if exists pagamentos cascade 
2026-07-23 09:01:12 [SpringApplicationShutdownHook] DEBUG org.hibernate.SQL - 
    drop table if exists pedidos cascade 
2026-07-23 09:01:12 [SpringApplicationShutdownHook] DEBUG org.hibernate.SQL - 
    drop table if exists produtos cascade 
2026-07-23 09:01:12 [SpringApplicationShutdownHook] DEBUG org.hibernate.SQL - 
    drop table if exists usuarios cascade 
2026-07-23 09:01:12 [SpringApplicationShutdownHook] INFO  com.zaxxer.hikari.HikariDataSource - HikariPool-7 - Shutdown initiated...
2026-07-23 09:01:12 [SpringApplicationShutdownHook] INFO  com.zaxxer.hikari.HikariDataSource - HikariPool-7 - Shutdown completed.
2026-07-23 09:01:22 [background-preinit] INFO  o.h.validator.internal.util.Version - HV000001: Hibernate Validator 8.0.3.Final
2026-07-23 09:01:22 [main] INFO  com.ecommerce.AuthenticationIT - Starting AuthenticationIT using Java 25.0.2 with PID 24328 (started by PabloBezerradaSilva in C:\Users\PabloBezerradaSilva\Documents\Java\fourcamp26-pablosilva\ecommerce-api)
2026-07-23 09:01:22 [main] DEBUG com.ecommerce.AuthenticationIT - Running with Spring Boot v3.5.16, Spring v6.2.19
2026-07-23 09:01:22 [main] INFO  com.ecommerce.AuthenticationIT - No active profile set, falling back to 1 default profile: "default"
2026-07-23 09:01:25 [main] INFO  o.s.d.r.c.RepositoryConfigurationDelegate - Bootstrapping Spring Data JPA repositories in DEFAULT mode.
2026-07-23 09:01:25 [main] INFO  o.s.d.r.c.RepositoryConfigurationDelegate - Finished Spring Data repository scanning in 171 ms. Found 6 JPA repository interfaces.
2026-07-23 09:01:27 [main] INFO  o.s.b.w.e.tomcat.TomcatWebServer - Tomcat initialized with port 0 (http)
2026-07-23 09:01:27 [main] INFO  o.a.coyote.http11.Http11NioProtocol - Initializing ProtocolHandler ["http-nio-auto-1"]
2026-07-23 09:01:27 [main] INFO  o.a.catalina.core.StandardService - Starting service [Tomcat]
2026-07-23 09:01:27 [main] INFO  o.a.catalina.core.StandardEngine - Starting Servlet engine: [Apache Tomcat/10.1.55]
2026-07-23 09:01:27 [main] INFO  o.a.c.c.C.[.[localhost].[/api] - Initializing Spring embedded WebApplicationContext
2026-07-23 09:01:27 [main] INFO  o.s.b.w.s.c.ServletWebServerApplicationContext - Root WebApplicationContext: initialization completed in 4041 ms
2026-07-23 09:01:27 [main] DEBUG c.e.a.s.JwtAuthenticationFilter - Filter 'jwtAuthenticationFilter' configured for use
2026-07-23 09:01:27 [main] INFO  o.h.jpa.internal.util.LogHelper - HHH000204: Processing PersistenceUnitInfo [name: default]
2026-07-23 09:01:27 [main] INFO  org.hibernate.Version - HHH000412: Hibernate ORM core version 6.6.53.Final
2026-07-23 09:01:28 [main] INFO  o.h.c.i.RegionFactoryInitiator - HHH000026: Second-level cache disabled
2026-07-23 09:01:28 [main] INFO  o.s.o.j.p.SpringPersistenceUnitInfo - No LoadTimeWeaver setup: ignoring JPA class transformer
2026-07-23 09:01:28 [main] INFO  com.zaxxer.hikari.HikariDataSource - HikariPool-1 - Starting...
2026-07-23 09:01:29 [main] INFO  com.zaxxer.hikari.pool.HikariPool - HikariPool-1 - Added connection conn0: url=jdbc:h2:mem:ecommercedb user=SA
2026-07-23 09:01:29 [main] INFO  com.zaxxer.hikari.HikariDataSource - HikariPool-1 - Start completed.
2026-07-23 09:01:29 [main] WARN  org.hibernate.orm.deprecation - HHH90000025: H2Dialect does not need to be specified explicitly using 'hibernate.dialect' (remove the property setting and it will be selected by default)
2026-07-23 09:01:29 [main] INFO  o.hibernate.orm.connections.pooling - HHH10001005: Database info:
	Database JDBC URL [Connecting through datasource 'HikariDataSource (HikariPool-1)']
	Database driver: undefined/unknown
	Database version: 2.3.232
	Autocommit mode: undefined/unknown
	Isolation level: undefined/unknown
	Minimum pool size: undefined/unknown
	Maximum pool size: undefined/unknown
2026-07-23 09:01:32 [main] INFO  o.h.e.t.j.p.i.JtaPlatformInitiator - HHH000489: No JTA platform available (set 'hibernate.transaction.jta.platform' to enable JTA platform integration)
2026-07-23 09:01:32 [main] DEBUG org.hibernate.SQL - 
    drop table if exists categorias cascade 
2026-07-23 09:01:32 [main] DEBUG org.hibernate.SQL - 
    drop table if exists clientes cascade 
2026-07-23 09:01:32 [main] DEBUG org.hibernate.SQL - 
    drop table if exists itens_pedido cascade 
2026-07-23 09:01:32 [main] DEBUG org.hibernate.SQL - 
    drop table if exists pagamentos cascade 
2026-07-23 09:01:32 [main] DEBUG org.hibernate.SQL - 
    drop table if exists pedidos cascade 
2026-07-23 09:01:32 [main] DEBUG org.hibernate.SQL - 
    drop table if exists produtos cascade 
2026-07-23 09:01:32 [main] DEBUG org.hibernate.SQL - 
    drop table if exists usuarios cascade 
2026-07-23 09:01:32 [main] DEBUG org.hibernate.SQL - 
    create table categorias (
        ativo boolean not null,
        id bigint generated by default as identity,
        nome varchar(100) not null,
        descricao TEXT,
        primary key (id)
    )
2026-07-23 09:01:32 [main] DEBUG org.hibernate.SQL - 
    create table clientes (
        ativo boolean not null,
        data_atualizacao timestamp(6),
        data_criacao timestamp(6) not null,
        id bigint generated by default as identity,
        cpf varchar(11) not null unique,
        telefone varchar(20),
        email varchar(255) not null unique,
        endereco TEXT,
        nome varchar(255) not null,
        primary key (id)
    )
2026-07-23 09:01:32 [main] DEBUG org.hibernate.SQL - 
    create table itens_pedido (
        preco_unitario numeric(10,2) not null,
        quantidade integer not null,
        id bigint generated by default as identity,
        pedido_id bigint not null,
        produto_id bigint not null,
        primary key (id)
    )
2026-07-23 09:01:32 [main] DEBUG org.hibernate.SQL - 
    create table pagamentos (
        valor float(53) not null,
        data_criacao timestamp(6) not null,
        id bigint generated by default as identity,
        pedido_id bigint not null,
        metodo varchar(50) not null,
        status enum ('APROVADO','PENDENTE','RECUSADO','REEMBOLSADO') not null,
        primary key (id)
    )
2026-07-23 09:01:32 [main] DEBUG org.hibernate.SQL - 
    create table pedidos (
        total float(53) not null,
        cliente_id bigint not null,
        data_atualizacao timestamp(6),
        data_criacao timestamp(6) not null,
        id bigint generated by default as identity,
        status enum ('CANCELADO','CONFIRMADO','ENTREGUE','ENVIADO','PENDENTE') not null,
        primary key (id)
    )
2026-07-23 09:01:32 [main] DEBUG org.hibernate.SQL - 
    create table produtos (
        ativo boolean not null,
        estoque integer not null,
        preco numeric(38,2) not null,
        categoria_id bigint not null,
        id bigint generated by default as identity,
        descricao TEXT,
        nome varchar(255) not null,
        primary key (id)
    )
2026-07-23 09:01:32 [main] DEBUG org.hibernate.SQL - 
    create table usuarios (
        ativo boolean not null,
        id bigint generated by default as identity,
        email varchar(255) not null unique,
        nome varchar(255) not null,
        senha varchar(255) not null,
        papel enum ('ADMIN','USER') not null,
        primary key (id)
    )
2026-07-23 09:01:32 [main] DEBUG org.hibernate.SQL - 
    alter table if exists itens_pedido 
       add constraint FK42mycompce3b7yt3l6ukdwsxy 
       foreign key (pedido_id) 
       references pedidos
2026-07-23 09:01:32 [main] DEBUG org.hibernate.SQL - 
    alter table if exists itens_pedido 
       add constraint FKxytdlekpdaobqphujy9bmuhl 
       foreign key (produto_id) 
       references produtos
2026-07-23 09:01:32 [main] DEBUG org.hibernate.SQL - 
    alter table if exists pagamentos 
       add constraint FKb0dh6865y8h4irwdrl4ici3kl 
       foreign key (pedido_id) 
       references pedidos
2026-07-23 09:01:32 [main] DEBUG org.hibernate.SQL - 
    alter table if exists pedidos 
       add constraint FKg7202lk0hwxn04bmdl2thth5b 
       foreign key (cliente_id) 
       references clientes
2026-07-23 09:01:32 [main] DEBUG org.hibernate.SQL - 
    alter table if exists produtos 
       add constraint FK8rqw0ljwdaom34jr2t46bjtrn 
       foreign key (categoria_id) 
       references categorias
2026-07-23 09:01:32 [main] INFO  o.s.o.j.LocalContainerEntityManagerFactoryBean - Initialized JPA EntityManagerFactory for persistence unit 'default'
2026-07-23 09:01:33 [main] DEBUG o.s.w.s.m.m.a.RequestMappingHandlerMapping - 45 mappings in 'requestMappingHandlerMapping'
2026-07-23 09:01:33 [main] DEBUG o.s.w.s.h.SimpleUrlHandlerMapping - Patterns [/h2-console] in 'viewControllerHandlerMapping'
2026-07-23 09:01:33 [main] DEBUG o.s.w.s.h.SimpleUrlHandlerMapping - Patterns [/webjars/**, /**, /swagger-ui/**, /swagger-ui/*swagger-initializer.js, /webjars/*swagger-ui/**, /webjars/*swagger-ui/*swagger-initializer.js, /webjars/*swagger-ui/5.32.2/*swagger-initializer.js] in 'resourceHandlerMapping'
2026-07-23 09:01:33 [main] DEBUG o.s.s.c.a.a.c.AuthenticationConfiguration$DefaultPasswordEncoderAuthenticationManagerBuilder - No authenticationProviders and no parentAuthenticationManager defined. Returning null.
2026-07-23 09:01:33 [main] DEBUG o.s.s.web.DefaultSecurityFilterChain - Will secure any request with filters: DisableEncodeUrlFilter, WebAsyncManagerIntegrationFilter, SecurityContextHolderFilter, HeaderWriterFilter, LogoutFilter, JwtAuthenticationFilter, RequestCacheAwareFilter, SecurityContextHolderAwareRequestFilter, AnonymousAuthenticationFilter, SessionManagementFilter, ExceptionTranslationFilter, AuthorizationFilter
2026-07-23 09:01:34 [main] DEBUG o.s.w.s.m.m.a.RequestMappingHandlerAdapter - ControllerAdvice beans: 0 @ModelAttribute, 0 @InitBinder, 1 RequestBodyAdvice, 1 ResponseBodyAdvice
2026-07-23 09:01:34 [main] DEBUG o.s.w.s.m.m.a.ExceptionHandlerExceptionResolver - ControllerAdvice beans: 2 @ExceptionHandler, 1 ResponseBodyAdvice
2026-07-23 09:01:34 [main] INFO  o.a.coyote.http11.Http11NioProtocol - Starting ProtocolHandler ["http-nio-auto-1"]
2026-07-23 09:01:34 [main] INFO  o.s.b.w.e.tomcat.TomcatWebServer - Tomcat started on port 55978 (http) with context path '/api'
2026-07-23 09:01:34 [main] INFO  com.ecommerce.AuthenticationIT - Started AuthenticationIT in 13.502 seconds (process running for 17.144)
2026-07-23 09:01:34 [main] WARN  o.s.c.events.SpringDocAppInitializer - SpringDoc /v3/api-docs endpoint is enabled by default. To disable it in production, set the property 'springdoc.api-docs.enabled=false'
2026-07-23 09:01:37 [http-nio-auto-1-exec-1] INFO  o.a.c.c.C.[.[localhost].[/api] - Initializing Spring DispatcherServlet 'dispatcherServlet'
2026-07-23 09:01:37 [http-nio-auto-1-exec-1] INFO  o.s.web.servlet.DispatcherServlet - Initializing Servlet 'dispatcherServlet'
2026-07-23 09:01:37 [http-nio-auto-1-exec-1] DEBUG o.s.web.servlet.DispatcherServlet - Detected StandardServletMultipartResolver
2026-07-23 09:01:37 [http-nio-auto-1-exec-1] DEBUG o.s.web.servlet.DispatcherServlet - Detected AcceptHeaderLocaleResolver
2026-07-23 09:01:37 [http-nio-auto-1-exec-1] DEBUG o.s.web.servlet.DispatcherServlet - Detected FixedThemeResolver
2026-07-23 09:01:37 [http-nio-auto-1-exec-1] DEBUG o.s.web.servlet.DispatcherServlet - Detected org.springframework.web.servlet.view.DefaultRequestToViewNameTranslator@2af32562
2026-07-23 09:01:37 [http-nio-auto-1-exec-1] DEBUG o.s.web.servlet.DispatcherServlet - Detected org.springframework.web.servlet.support.SessionFlashMapManager@4132bec9
2026-07-23 09:01:37 [http-nio-auto-1-exec-1] DEBUG o.s.web.servlet.DispatcherServlet - enableLoggingRequestDetails='false': request parameters and headers will be masked to prevent unsafe logging of potentially sensitive data
2026-07-23 09:01:37 [http-nio-auto-1-exec-1] INFO  o.s.web.servlet.DispatcherServlet - Completed initialization in 3 ms
2026-07-23 09:01:37 [http-nio-auto-1-exec-1] DEBUG o.s.security.web.FilterChainProxy - Securing GET /v3/api-docs
2026-07-23 09:01:37 [http-nio-auto-1-exec-1] DEBUG o.s.s.w.a.AnonymousAuthenticationFilter - Set SecurityContextHolder to anonymous SecurityContext
2026-07-23 09:01:37 [http-nio-auto-1-exec-1] DEBUG o.s.security.web.FilterChainProxy - Secured GET /v3/api-docs
2026-07-23 09:01:37 [http-nio-auto-1-exec-1] DEBUG o.s.web.servlet.DispatcherServlet - GET "/api/v3/api-docs", parameters={}
2026-07-23 09:01:37 [http-nio-auto-1-exec-1] DEBUG o.s.w.s.m.m.a.RequestMappingHandlerMapping - Mapped to org.springdoc.webmvc.api.OpenApiWebMvcResource#openapiJson(HttpServletRequest, String, Locale)
2026-07-23 09:01:38 [http-nio-auto-1-exec-1] INFO  o.s.api.AbstractOpenApiResource - Init duration for springdoc-openapi is: 1314 ms
2026-07-23 09:01:38 [http-nio-auto-1-exec-1] DEBUG o.s.w.s.m.m.a.RequestResponseBodyMethodProcessor - Using 'application/json', given [*/*] and supported [application/json]
2026-07-23 09:01:38 [http-nio-auto-1-exec-1] DEBUG o.s.w.s.m.m.a.RequestResponseBodyMethodProcessor - Writing [{123, 34, 111, 112, 101, 110, 97, 112, 105, 34, 58, 34, 51, 46, 49, 46, 48, 34, 44, 34, 105, 110, 10 (truncated)...]
2026-07-23 09:01:38 [http-nio-auto-1-exec-1] DEBUG o.s.web.servlet.DispatcherServlet - Completed 200 OK
2026-07-23 09:01:38 [http-nio-auto-1-exec-2] DEBUG o.s.security.web.FilterChainProxy - Securing POST /auth/registrar
2026-07-23 09:01:38 [http-nio-auto-1-exec-2] DEBUG o.s.s.w.a.AnonymousAuthenticationFilter - Set SecurityContextHolder to anonymous SecurityContext
2026-07-23 09:01:38 [http-nio-auto-1-exec-2] DEBUG o.s.security.web.FilterChainProxy - Secured POST /auth/registrar
2026-07-23 09:01:38 [http-nio-auto-1-exec-2] DEBUG o.s.web.servlet.DispatcherServlet - POST "/api/auth/registrar", parameters={}
2026-07-23 09:01:38 [http-nio-auto-1-exec-2] DEBUG o.s.w.s.m.m.a.RequestMappingHandlerMapping - Mapped to com.ecommerce.api.controller.AuthController#registrar(UsuarioDTO)
2026-07-23 09:01:38 [http-nio-auto-1-exec-2] DEBUG o.s.w.s.m.m.a.RequestResponseBodyMethodProcessor - Read "application/json;charset=UTF-8" to [UsuarioDTO(id=null, email=it-senha-91577f7c-d420-4808-8a6f-ef634aaad8c1@teste.com, senha=senha123, n (truncated)...]
2026-07-23 09:01:39 [http-nio-auto-1-exec-2] INFO  c.e.api.controller.AuthController - Registrando novo usuário: it-senha-91577f7c-d420-4808-8a6f-ef634aaad8c1@teste.com
2026-07-23 09:01:39 [http-nio-auto-1-exec-2] DEBUG org.hibernate.SQL - 
    /* <criteria> */ select
        u1_0.id 
    from
        usuarios u1_0 
    where
        u1_0.email=? 
    fetch
        first ? rows only
2026-07-23 09:01:39 [http-nio-auto-1-exec-2] DEBUG org.hibernate.SQL - 
    /* insert for
        com.ecommerce.api.model.Usuario */insert 
    into
        usuarios (ativo, email, nome, papel, senha, id) 
    values
        (?, ?, ?, ?, ?, default)
2026-07-23 09:01:39 [http-nio-auto-1-exec-2] INFO  c.e.api.service.UsuarioService - Novo usuário registrado: it-senha-91577f7c-d420-4808-8a6f-ef634aaad8c1@teste.com
2026-07-23 09:01:39 [http-nio-auto-1-exec-2] DEBUG o.s.w.s.m.m.a.HttpEntityMethodProcessor - Using 'application/json', given [*/*] and supported [application/json, application/*+json, application/yaml]
2026-07-23 09:01:39 [http-nio-auto-1-exec-2] DEBUG o.s.w.s.m.m.a.HttpEntityMethodProcessor - Writing [UsuarioDTO(id=1, email=it-senha-91577f7c-d420-4808-8a6f-ef634aaad8c1@teste.com, senha=null, nome=Usu (truncated)...]
2026-07-23 09:01:39 [http-nio-auto-1-exec-2] DEBUG o.s.web.servlet.DispatcherServlet - Completed 201 CREATED
2026-07-23 09:01:39 [http-nio-auto-1-exec-3] DEBUG o.s.security.web.FilterChainProxy - Securing POST /auth/login
2026-07-23 09:01:39 [http-nio-auto-1-exec-3] DEBUG o.s.s.w.a.AnonymousAuthenticationFilter - Set SecurityContextHolder to anonymous SecurityContext
2026-07-23 09:01:39 [http-nio-auto-1-exec-3] DEBUG o.s.security.web.FilterChainProxy - Secured POST /auth/login
2026-07-23 09:01:39 [http-nio-auto-1-exec-3] DEBUG o.s.web.servlet.DispatcherServlet - POST "/api/auth/login", parameters={}
2026-07-23 09:01:39 [http-nio-auto-1-exec-3] DEBUG o.s.w.s.m.m.a.RequestMappingHandlerMapping - Mapped to com.ecommerce.api.controller.AuthController#login(LoginRequest)
2026-07-23 09:01:39 [http-nio-auto-1-exec-3] DEBUG o.s.w.s.m.m.a.RequestResponseBodyMethodProcessor - Read "application/json;charset=UTF-8" to [LoginRequest(email=it-senha-91577f7c-d420-4808-8a6f-ef634aaad8c1@teste.com, senha=senhaErrada)]
2026-07-23 09:01:39 [http-nio-auto-1-exec-3] INFO  c.e.api.controller.AuthController - Login realizado para: it-senha-91577f7c-d420-4808-8a6f-ef634aaad8c1@teste.com
2026-07-23 09:01:39 [http-nio-auto-1-exec-3] DEBUG org.hibernate.SQL - 
    /* <criteria> */ select
        u1_0.id,
        u1_0.ativo,
        u1_0.email,
        u1_0.nome,
        u1_0.papel,
        u1_0.senha 
    from
        usuarios u1_0 
    where
        u1_0.email=?
2026-07-23 09:01:39 [http-nio-auto-1-exec-3] WARN  c.e.api.service.UsuarioService - Tentativa de login com senha incorreta: it-senha-91577f7c-d420-4808-8a6f-ef634aaad8c1@teste.com
2026-07-23 09:01:39 [http-nio-auto-1-exec-3] DEBUG o.s.w.s.m.m.a.ExceptionHandlerExceptionResolver - Using @ExceptionHandler com.ecommerce.api.exception.GlobalExceptionHandler#handleIllegalArgument(IllegalArgumentException, WebRequest)
2026-07-23 09:01:39 [http-nio-auto-1-exec-3] ERROR c.e.a.e.GlobalExceptionHandler - Argumento inválido: Senha incorreta
2026-07-23 09:01:39 [http-nio-auto-1-exec-3] DEBUG o.s.w.s.m.m.a.HttpEntityMethodProcessor - Using 'application/json', given [*/*] and supported [application/json, application/*+json, application/yaml]
2026-07-23 09:01:39 [http-nio-auto-1-exec-3] DEBUG o.s.w.s.m.m.a.HttpEntityMethodProcessor - Writing [ErrorResponse(timestamp=2026-07-23T09:01:39.686807600, status=400, erro=Argumento inválido, mensagem (truncated)...]
2026-07-23 09:01:39 [http-nio-auto-1-exec-3] DEBUG o.s.w.s.m.m.a.ExceptionHandlerExceptionResolver - Resolved [java.lang.IllegalArgumentException: Senha incorreta]
2026-07-23 09:01:39 [http-nio-auto-1-exec-3] DEBUG o.s.web.servlet.DispatcherServlet - Completed 400 BAD_REQUEST
2026-07-23 09:01:39 [http-nio-auto-1-exec-4] DEBUG o.s.security.web.FilterChainProxy - Securing POST /auth/registrar
2026-07-23 09:01:39 [http-nio-auto-1-exec-4] DEBUG o.s.s.w.a.AnonymousAuthenticationFilter - Set SecurityContextHolder to anonymous SecurityContext
2026-07-23 09:01:39 [http-nio-auto-1-exec-4] DEBUG o.s.security.web.FilterChainProxy - Secured POST /auth/registrar
2026-07-23 09:01:39 [http-nio-auto-1-exec-4] DEBUG o.s.web.servlet.DispatcherServlet - POST "/api/auth/registrar", parameters={}
2026-07-23 09:01:39 [http-nio-auto-1-exec-4] DEBUG o.s.w.s.m.m.a.RequestMappingHandlerMapping - Mapped to com.ecommerce.api.controller.AuthController#registrar(UsuarioDTO)
2026-07-23 09:01:39 [http-nio-auto-1-exec-4] DEBUG o.s.w.s.m.m.a.RequestResponseBodyMethodProcessor - Read "application/json;charset=UTF-8" to [UsuarioDTO(id=null, email=nao-e-email, senha=senha123, nome=Usuário IT, papel=USER, ativo=true)]
2026-07-23 09:01:39 [http-nio-auto-1-exec-4] DEBUG o.s.w.s.m.m.a.ExceptionHandlerExceptionResolver - Using @ExceptionHandler com.ecommerce.api.exception.GlobalExceptionHandler#handleValidationExceptions(MethodArgumentNotValidException, WebRequest)
2026-07-23 09:01:39 [http-nio-auto-1-exec-4] ERROR c.e.a.e.GlobalExceptionHandler - Erro de validação: {email=Email inválido}
2026-07-23 09:01:39 [http-nio-auto-1-exec-4] DEBUG o.s.w.s.m.m.a.HttpEntityMethodProcessor - Using 'application/json', given [*/*] and supported [application/json, application/*+json, application/yaml]
2026-07-23 09:01:39 [http-nio-auto-1-exec-4] DEBUG o.s.w.s.m.m.a.HttpEntityMethodProcessor - Writing [ErrorResponse(timestamp=2026-07-23T09:01:39.732684500, status=400, erro=Erro de validação, mensagem= (truncated)...]
2026-07-23 09:01:39 [http-nio-auto-1-exec-4] DEBUG o.s.w.s.m.m.a.ExceptionHandlerExceptionResolver - Resolved [org.springframework.web.bind.MethodArgumentNotValidException: Validation failed for argument [0] in public org.springframework.http.ResponseEntity<com.ecommerce.api.dto.UsuarioDTO> com.ecommerce.api.controller.AuthController.registrar(com.ecommerce.api.dto.UsuarioDTO): [Field error in object 'usuarioDTO' on field 'email': rejected value [nao-e-email]; codes [Email.usuarioDTO.email,Email.email,Email.java.lang.String,Email]; arguments [org.springframework.context.support.DefaultMessageSourceResolvable: codes [usuarioDTO.email,email]; arguments []; default message [email],[Ljakarta.validation.constraints.Pattern$Flag;@51c5b7c4,.*]; default message [Email inválido]] ]
2026-07-23 09:01:39 [http-nio-auto-1-exec-4] DEBUG o.s.web.servlet.DispatcherServlet - Completed 400 BAD_REQUEST
2026-07-23 09:01:39 [http-nio-auto-1-exec-5] DEBUG o.s.security.web.FilterChainProxy - Securing POST /auth/registrar
2026-07-23 09:01:39 [http-nio-auto-1-exec-5] DEBUG o.s.s.w.a.AnonymousAuthenticationFilter - Set SecurityContextHolder to anonymous SecurityContext
2026-07-23 09:01:39 [http-nio-auto-1-exec-5] DEBUG o.s.security.web.FilterChainProxy - Secured POST /auth/registrar
2026-07-23 09:01:39 [http-nio-auto-1-exec-5] DEBUG o.s.web.servlet.DispatcherServlet - POST "/api/auth/registrar", parameters={}
2026-07-23 09:01:39 [http-nio-auto-1-exec-5] DEBUG o.s.w.s.m.m.a.RequestMappingHandlerMapping - Mapped to com.ecommerce.api.controller.AuthController#registrar(UsuarioDTO)
2026-07-23 09:01:39 [http-nio-auto-1-exec-5] DEBUG o.s.w.s.m.m.a.RequestResponseBodyMethodProcessor - Read "application/json;charset=UTF-8" to [UsuarioDTO(id=null, email=it-21ad5ea0-5f42-4e9a-bed3-11843932394b@teste.com, senha=senha123, nome=Us (truncated)...]
2026-07-23 09:01:39 [http-nio-auto-1-exec-5] INFO  c.e.api.controller.AuthController - Registrando novo usuário: it-21ad5ea0-5f42-4e9a-bed3-11843932394b@teste.com
2026-07-23 09:01:39 [http-nio-auto-1-exec-5] DEBUG org.hibernate.SQL - 
    /* <criteria> */ select
        u1_0.id 
    from
        usuarios u1_0 
    where
        u1_0.email=? 
    fetch
        first ? rows only
2026-07-23 09:01:39 [http-nio-auto-1-exec-5] DEBUG org.hibernate.SQL - 
    /* insert for
        com.ecommerce.api.model.Usuario */insert 
    into
        usuarios (ativo, email, nome, papel, senha, id) 
    values
        (?, ?, ?, ?, ?, default)
2026-07-23 09:01:39 [http-nio-auto-1-exec-5] INFO  c.e.api.service.UsuarioService - Novo usuário registrado: it-21ad5ea0-5f42-4e9a-bed3-11843932394b@teste.com
2026-07-23 09:01:39 [http-nio-auto-1-exec-5] DEBUG o.s.w.s.m.m.a.HttpEntityMethodProcessor - Using 'application/json', given [*/*] and supported [application/json, application/*+json, application/yaml]
2026-07-23 09:01:39 [http-nio-auto-1-exec-5] DEBUG o.s.w.s.m.m.a.HttpEntityMethodProcessor - Writing [UsuarioDTO(id=2, email=it-21ad5ea0-5f42-4e9a-bed3-11843932394b@teste.com, senha=null, nome=Usuário I (truncated)...]
2026-07-23 09:01:39 [http-nio-auto-1-exec-5] DEBUG o.s.web.servlet.DispatcherServlet - Completed 201 CREATED
2026-07-23 09:01:40 [http-nio-auto-1-exec-7] DEBUG o.s.security.web.FilterChainProxy - Securing POST /auth/login
2026-07-23 09:01:40 [http-nio-auto-1-exec-7] DEBUG o.s.s.w.a.AnonymousAuthenticationFilter - Set SecurityContextHolder to anonymous SecurityContext
2026-07-23 09:01:40 [http-nio-auto-1-exec-7] DEBUG o.s.security.web.FilterChainProxy - Secured POST /auth/login
2026-07-23 09:01:40 [http-nio-auto-1-exec-7] DEBUG o.s.web.servlet.DispatcherServlet - POST "/api/auth/login", parameters={}
2026-07-23 09:01:40 [http-nio-auto-1-exec-7] DEBUG o.s.w.s.m.m.a.RequestMappingHandlerMapping - Mapped to com.ecommerce.api.controller.AuthController#login(LoginRequest)
2026-07-23 09:01:40 [http-nio-auto-1-exec-7] DEBUG o.s.w.s.m.m.a.RequestResponseBodyMethodProcessor - Read "application/json;charset=UTF-8" to [LoginRequest(email=it-21ad5ea0-5f42-4e9a-bed3-11843932394b@teste.com, senha=senha123)]
2026-07-23 09:01:40 [http-nio-auto-1-exec-7] INFO  c.e.api.controller.AuthController - Login realizado para: it-21ad5ea0-5f42-4e9a-bed3-11843932394b@teste.com
2026-07-23 09:01:40 [http-nio-auto-1-exec-7] DEBUG org.hibernate.SQL - 
    /* <criteria> */ select
        u1_0.id,
        u1_0.ativo,
        u1_0.email,
        u1_0.nome,
        u1_0.papel,
        u1_0.senha 
    from
        usuarios u1_0 
    where
        u1_0.email=?
2026-07-23 09:01:40 [http-nio-auto-1-exec-7] DEBUG c.ecommerce.api.security.JwtProvider - Gerando token JWT para usuário: it-21ad5ea0-5f42-4e9a-bed3-11843932394b@teste.com
2026-07-23 09:01:41 [http-nio-auto-1-exec-7] INFO  c.e.api.service.UsuarioService - Login realizado com sucesso: it-21ad5ea0-5f42-4e9a-bed3-11843932394b@teste.com
2026-07-23 09:01:41 [http-nio-auto-1-exec-7] DEBUG o.s.w.s.m.m.a.HttpEntityMethodProcessor - Using 'application/json', given [*/*] and supported [application/json, application/*+json, application/yaml]
2026-07-23 09:01:41 [http-nio-auto-1-exec-7] DEBUG o.s.w.s.m.m.a.HttpEntityMethodProcessor - Writing [LoginResponse(token=eyJhbGciOiJIUzUxMiJ9.eyJzdWIiOiJpdC0yMWFkNWVhMC01ZjQyLTRlOWEtYmVkMy0xMTg0MzkzMjM (truncated)...]
2026-07-23 09:01:41 [http-nio-auto-1-exec-7] DEBUG o.s.web.servlet.DispatcherServlet - Completed 200 OK
2026-07-23 09:01:41 [http-nio-auto-1-exec-9] DEBUG o.s.security.web.FilterChainProxy - Securing GET /produtos/todos
2026-07-23 09:01:41 [http-nio-auto-1-exec-9] DEBUG o.s.s.w.a.AnonymousAuthenticationFilter - Set SecurityContextHolder to anonymous SecurityContext
2026-07-23 09:01:41 [http-nio-auto-1-exec-10] DEBUG o.s.security.web.FilterChainProxy - Securing GET /produtos/todos
2026-07-23 09:01:41 [http-nio-auto-1-exec-10] DEBUG c.ecommerce.api.security.JwtProvider - Token JWT válido
2026-07-23 09:01:41 [http-nio-auto-1-exec-10] DEBUG o.s.security.web.FilterChainProxy - Secured GET /produtos/todos
2026-07-23 09:01:41 [http-nio-auto-1-exec-10] DEBUG o.s.web.servlet.DispatcherServlet - GET "/api/produtos/todos", parameters={}
2026-07-23 09:01:41 [http-nio-auto-1-exec-10] DEBUG o.s.w.s.m.m.a.RequestMappingHandlerMapping - Mapped to com.ecommerce.api.controller.ProdutoController#listarTodos()
2026-07-23 09:01:41 [http-nio-auto-1-exec-10] INFO  c.e.api.controller.ProdutoController - GET /api/produtos/todos
2026-07-23 09:01:41 [http-nio-auto-1-exec-10] INFO  c.e.api.service.ProdutoService - Listando todos os produtos
2026-07-23 09:01:41 [http-nio-auto-1-exec-10] DEBUG org.hibernate.SQL - 
    /* <criteria> */ select
        p1_0.id,
        p1_0.ativo,
        p1_0.categoria_id,
        p1_0.descricao,
        p1_0.estoque,
        p1_0.nome,
        p1_0.preco 
    from
        produtos p1_0
2026-07-23 09:01:41 [http-nio-auto-1-exec-10] DEBUG o.s.w.s.m.m.a.HttpEntityMethodProcessor - Using 'application/json', given [*/*] and supported [application/json, application/*+json, application/yaml]
2026-07-23 09:01:41 [http-nio-auto-1-exec-10] DEBUG o.s.w.s.m.m.a.HttpEntityMethodProcessor - Writing [[]]
2026-07-23 09:01:41 [http-nio-auto-1-exec-10] DEBUG o.s.web.servlet.DispatcherServlet - Completed 200 OK
2026-07-23 09:01:41 [main] INFO  o.s.t.c.s.AnnotationConfigContextLoaderUtils - Could not detect default configuration classes for test class [com.ecommerce.EcommerceFlowIT]: EcommerceFlowIT does not declare any static, non-private, non-final, nested classes annotated with @Configuration.
2026-07-23 09:01:41 [main] INFO  o.s.b.t.c.SpringBootTestContextBootstrapper - Found @SpringBootConfiguration com.ecommerce.Application for test class com.ecommerce.EcommerceFlowIT
2026-07-23 09:01:41 [http-nio-auto-1-exec-1] DEBUG o.s.security.web.FilterChainProxy - Securing POST /auth/registrar
2026-07-23 09:01:41 [http-nio-auto-1-exec-1] DEBUG o.s.s.w.a.AnonymousAuthenticationFilter - Set SecurityContextHolder to anonymous SecurityContext
2026-07-23 09:01:41 [http-nio-auto-1-exec-1] DEBUG o.s.security.web.FilterChainProxy - Secured POST /auth/registrar
2026-07-23 09:01:41 [http-nio-auto-1-exec-1] DEBUG o.s.web.servlet.DispatcherServlet - POST "/api/auth/registrar", parameters={}
2026-07-23 09:01:41 [http-nio-auto-1-exec-1] DEBUG o.s.w.s.m.m.a.RequestMappingHandlerMapping - Mapped to com.ecommerce.api.controller.AuthController#registrar(UsuarioDTO)
2026-07-23 09:01:41 [http-nio-auto-1-exec-1] DEBUG o.s.w.s.m.m.a.RequestResponseBodyMethodProcessor - Read "application/json;charset=UTF-8" to [UsuarioDTO(id=null, email=flow-34e926dd-5be6-4c7d-b8d0-630bae1218c1@teste.com, senha=senha123, nome= (truncated)...]
2026-07-23 09:01:41 [http-nio-auto-1-exec-1] INFO  c.e.api.controller.AuthController - Registrando novo usuário: flow-34e926dd-5be6-4c7d-b8d0-630bae1218c1@teste.com
2026-07-23 09:01:41 [http-nio-auto-1-exec-1] DEBUG org.hibernate.SQL - 
    /* <criteria> */ select
        u1_0.id 
    from
        usuarios u1_0 
    where
        u1_0.email=? 
    fetch
        first ? rows only
2026-07-23 09:01:41 [http-nio-auto-1-exec-1] DEBUG org.hibernate.SQL - 
    /* insert for
        com.ecommerce.api.model.Usuario */insert 
    into
        usuarios (ativo, email, nome, papel, senha, id) 
    values
        (?, ?, ?, ?, ?, default)
2026-07-23 09:01:41 [http-nio-auto-1-exec-1] INFO  c.e.api.service.UsuarioService - Novo usuário registrado: flow-34e926dd-5be6-4c7d-b8d0-630bae1218c1@teste.com
2026-07-23 09:01:41 [http-nio-auto-1-exec-1] DEBUG o.s.w.s.m.m.a.HttpEntityMethodProcessor - Using 'application/json', given [*/*] and supported [application/json, application/*+json, application/yaml]
2026-07-23 09:01:41 [http-nio-auto-1-exec-1] DEBUG o.s.w.s.m.m.a.HttpEntityMethodProcessor - Writing [UsuarioDTO(id=3, email=flow-34e926dd-5be6-4c7d-b8d0-630bae1218c1@teste.com, senha=null, nome=Usuário (truncated)...]
2026-07-23 09:01:41 [http-nio-auto-1-exec-1] DEBUG o.s.web.servlet.DispatcherServlet - Completed 201 CREATED
2026-07-23 09:01:41 [http-nio-auto-1-exec-2] DEBUG o.s.security.web.FilterChainProxy - Securing POST /auth/login
2026-07-23 09:01:41 [http-nio-auto-1-exec-2] DEBUG o.s.s.w.a.AnonymousAuthenticationFilter - Set SecurityContextHolder to anonymous SecurityContext
2026-07-23 09:01:41 [http-nio-auto-1-exec-2] DEBUG o.s.security.web.FilterChainProxy - Secured POST /auth/login
2026-07-23 09:01:41 [http-nio-auto-1-exec-2] DEBUG o.s.web.servlet.DispatcherServlet - POST "/api/auth/login", parameters={}
2026-07-23 09:01:41 [http-nio-auto-1-exec-2] DEBUG o.s.w.s.m.m.a.RequestMappingHandlerMapping - Mapped to com.ecommerce.api.controller.AuthController#login(LoginRequest)
2026-07-23 09:01:41 [http-nio-auto-1-exec-2] DEBUG o.s.w.s.m.m.a.RequestResponseBodyMethodProcessor - Read "application/json;charset=UTF-8" to [LoginRequest(email=flow-34e926dd-5be6-4c7d-b8d0-630bae1218c1@teste.com, senha=senha123)]
2026-07-23 09:01:41 [http-nio-auto-1-exec-2] INFO  c.e.api.controller.AuthController - Login realizado para: flow-34e926dd-5be6-4c7d-b8d0-630bae1218c1@teste.com
2026-07-23 09:01:41 [http-nio-auto-1-exec-2] DEBUG org.hibernate.SQL - 
    /* <criteria> */ select
        u1_0.id,
        u1_0.ativo,
        u1_0.email,
        u1_0.nome,
        u1_0.papel,
        u1_0.senha 
    from
        usuarios u1_0 
    where
        u1_0.email=?
2026-07-23 09:01:41 [http-nio-auto-1-exec-2] DEBUG c.ecommerce.api.security.JwtProvider - Gerando token JWT para usuário: flow-34e926dd-5be6-4c7d-b8d0-630bae1218c1@teste.com
2026-07-23 09:01:41 [http-nio-auto-1-exec-2] INFO  c.e.api.service.UsuarioService - Login realizado com sucesso: flow-34e926dd-5be6-4c7d-b8d0-630bae1218c1@teste.com
2026-07-23 09:01:41 [http-nio-auto-1-exec-2] DEBUG o.s.w.s.m.m.a.HttpEntityMethodProcessor - Using 'application/json', given [*/*] and supported [application/json, application/*+json, application/yaml]
2026-07-23 09:01:41 [http-nio-auto-1-exec-2] DEBUG o.s.w.s.m.m.a.HttpEntityMethodProcessor - Writing [LoginResponse(token=eyJhbGciOiJIUzUxMiJ9.eyJzdWIiOiJmbG93LTM0ZTkyNmRkLTViZTYtNGM3ZC1iOGQwLTYzMGJhZTE (truncated)...]
2026-07-23 09:01:41 [http-nio-auto-1-exec-2] DEBUG o.s.web.servlet.DispatcherServlet - Completed 200 OK
2026-07-23 09:01:41 [http-nio-auto-1-exec-3] DEBUG o.s.security.web.FilterChainProxy - Securing POST /pedidos
2026-07-23 09:01:41 [http-nio-auto-1-exec-3] DEBUG c.ecommerce.api.security.JwtProvider - Token JWT válido
2026-07-23 09:01:41 [http-nio-auto-1-exec-3] DEBUG o.s.security.web.FilterChainProxy - Secured POST /pedidos
2026-07-23 09:01:41 [http-nio-auto-1-exec-3] DEBUG o.s.web.servlet.DispatcherServlet - POST "/api/pedidos", parameters={}
2026-07-23 09:01:41 [http-nio-auto-1-exec-3] DEBUG o.s.w.s.m.m.a.RequestMappingHandlerMapping - Mapped to com.ecommerce.api.controller.PedidoController#criar(PedidoDTO)
2026-07-23 09:01:41 [http-nio-auto-1-exec-3] DEBUG o.s.w.s.m.m.a.RequestResponseBodyMethodProcessor - Read "application/json;charset=UTF-8" to [PedidoDTO(id=null, clienteId=999999, total=100.0, status=null, dataCriacao=null, dataAtualizacao=nul (truncated)...]
2026-07-23 09:01:41 [http-nio-auto-1-exec-3] DEBUG org.hibernate.SQL - 
    select
        c1_0.id,
        c1_0.ativo,
        c1_0.cpf,
        c1_0.data_atualizacao,
        c1_0.data_criacao,
        c1_0.email,
        c1_0.endereco,
        c1_0.nome,
        c1_0.telefone 
    from
        clientes c1_0 
    where
        c1_0.id=?
2026-07-23 09:01:41 [http-nio-auto-1-exec-3] DEBUG o.s.w.s.m.m.a.ExceptionHandlerExceptionResolver - Using @ExceptionHandler com.ecommerce.api.exception.GlobalExceptionHandler#handleRecursoNaoEncontrado(RecursoNaoEncontradoException, WebRequest)
2026-07-23 09:01:41 [http-nio-auto-1-exec-3] ERROR c.e.a.e.GlobalExceptionHandler - Recurso não encontrado: Cliente não encontrado com ID: 999999
2026-07-23 09:01:41 [http-nio-auto-1-exec-3] DEBUG o.s.w.s.m.m.a.HttpEntityMethodProcessor - Using 'application/json', given [*/*] and supported [application/json, application/*+json, application/yaml]
2026-07-23 09:01:41 [http-nio-auto-1-exec-3] DEBUG o.s.w.s.m.m.a.HttpEntityMethodProcessor - Writing [ErrorResponse(timestamp=2026-07-23T09:01:41.615663600, status=404, erro=Recurso não encontrado, mens (truncated)...]
2026-07-23 09:01:41 [http-nio-auto-1-exec-3] DEBUG o.s.w.s.m.m.a.ExceptionHandlerExceptionResolver - Resolved [com.ecommerce.api.exception.RecursoNaoEncontradoException: Cliente não encontrado com ID: 999999]
2026-07-23 09:01:41 [http-nio-auto-1-exec-3] DEBUG o.s.web.servlet.DispatcherServlet - Completed 404 NOT_FOUND
2026-07-23 09:01:41 [http-nio-auto-1-exec-4] DEBUG o.s.security.web.FilterChainProxy - Securing POST /auth/registrar
2026-07-23 09:01:41 [http-nio-auto-1-exec-4] DEBUG o.s.s.w.a.AnonymousAuthenticationFilter - Set SecurityContextHolder to anonymous SecurityContext
2026-07-23 09:01:41 [http-nio-auto-1-exec-4] DEBUG o.s.security.web.FilterChainProxy - Secured POST /auth/registrar
2026-07-23 09:01:41 [http-nio-auto-1-exec-4] DEBUG o.s.web.servlet.DispatcherServlet - POST "/api/auth/registrar", parameters={}
2026-07-23 09:01:41 [http-nio-auto-1-exec-4] DEBUG o.s.w.s.m.m.a.RequestMappingHandlerMapping - Mapped to com.ecommerce.api.controller.AuthController#registrar(UsuarioDTO)
2026-07-23 09:01:41 [http-nio-auto-1-exec-4] DEBUG o.s.w.s.m.m.a.RequestResponseBodyMethodProcessor - Read "application/json;charset=UTF-8" to [UsuarioDTO(id=null, email=flow-021fdfde-1122-4751-9e69-adb0fb726e52@teste.com, senha=senha123, nome= (truncated)...]
2026-07-23 09:01:41 [http-nio-auto-1-exec-4] INFO  c.e.api.controller.AuthController - Registrando novo usuário: flow-021fdfde-1122-4751-9e69-adb0fb726e52@teste.com
2026-07-23 09:01:41 [http-nio-auto-1-exec-4] DEBUG org.hibernate.SQL - 
    /* <criteria> */ select
        u1_0.id 
    from
        usuarios u1_0 
    where
        u1_0.email=? 
    fetch
        first ? rows only
2026-07-23 09:01:41 [http-nio-auto-1-exec-4] DEBUG org.hibernate.SQL - 
    /* insert for
        com.ecommerce.api.model.Usuario */insert 
    into
        usuarios (ativo, email, nome, papel, senha, id) 
    values
        (?, ?, ?, ?, ?, default)
2026-07-23 09:01:41 [http-nio-auto-1-exec-4] INFO  c.e.api.service.UsuarioService - Novo usuário registrado: flow-021fdfde-1122-4751-9e69-adb0fb726e52@teste.com
2026-07-23 09:01:41 [http-nio-auto-1-exec-4] DEBUG o.s.w.s.m.m.a.HttpEntityMethodProcessor - Using 'application/json', given [*/*] and supported [application/json, application/*+json, application/yaml]
2026-07-23 09:01:41 [http-nio-auto-1-exec-4] DEBUG o.s.w.s.m.m.a.HttpEntityMethodProcessor - Writing [UsuarioDTO(id=4, email=flow-021fdfde-1122-4751-9e69-adb0fb726e52@teste.com, senha=null, nome=Usuário (truncated)...]
2026-07-23 09:01:41 [http-nio-auto-1-exec-4] DEBUG o.s.web.servlet.DispatcherServlet - Completed 201 CREATED
2026-07-23 09:01:41 [http-nio-auto-1-exec-5] DEBUG o.s.security.web.FilterChainProxy - Securing POST /auth/login
2026-07-23 09:01:41 [http-nio-auto-1-exec-5] DEBUG o.s.s.w.a.AnonymousAuthenticationFilter - Set SecurityContextHolder to anonymous SecurityContext
2026-07-23 09:01:41 [http-nio-auto-1-exec-5] DEBUG o.s.security.web.FilterChainProxy - Secured POST /auth/login
2026-07-23 09:01:41 [http-nio-auto-1-exec-5] DEBUG o.s.web.servlet.DispatcherServlet - POST "/api/auth/login", parameters={}
2026-07-23 09:01:41 [http-nio-auto-1-exec-5] DEBUG o.s.w.s.m.m.a.RequestMappingHandlerMapping - Mapped to com.ecommerce.api.controller.AuthController#login(LoginRequest)
2026-07-23 09:01:41 [http-nio-auto-1-exec-5] DEBUG o.s.w.s.m.m.a.RequestResponseBodyMethodProcessor - Read "application/json;charset=UTF-8" to [LoginRequest(email=flow-021fdfde-1122-4751-9e69-adb0fb726e52@teste.com, senha=senha123)]
2026-07-23 09:01:41 [http-nio-auto-1-exec-5] INFO  c.e.api.controller.AuthController - Login realizado para: flow-021fdfde-1122-4751-9e69-adb0fb726e52@teste.com
2026-07-23 09:01:41 [http-nio-auto-1-exec-5] DEBUG org.hibernate.SQL - 
    /* <criteria> */ select
        u1_0.id,
        u1_0.ativo,
        u1_0.email,
        u1_0.nome,
        u1_0.papel,
        u1_0.senha 
    from
        usuarios u1_0 
    where
        u1_0.email=?
2026-07-23 09:01:41 [http-nio-auto-1-exec-5] DEBUG c.ecommerce.api.security.JwtProvider - Gerando token JWT para usuário: flow-021fdfde-1122-4751-9e69-adb0fb726e52@teste.com
2026-07-23 09:01:41 [http-nio-auto-1-exec-5] INFO  c.e.api.service.UsuarioService - Login realizado com sucesso: flow-021fdfde-1122-4751-9e69-adb0fb726e52@teste.com
2026-07-23 09:01:41 [http-nio-auto-1-exec-5] DEBUG o.s.w.s.m.m.a.HttpEntityMethodProcessor - Using 'application/json', given [*/*] and supported [application/json, application/*+json, application/yaml]
2026-07-23 09:01:41 [http-nio-auto-1-exec-5] DEBUG o.s.w.s.m.m.a.HttpEntityMethodProcessor - Writing [LoginResponse(token=eyJhbGciOiJIUzUxMiJ9.eyJzdWIiOiJmbG93LTAyMWZkZmRlLTExMjItNDc1MS05ZTY5LWFkYjBmYjc (truncated)...]
2026-07-23 09:01:41 [http-nio-auto-1-exec-5] DEBUG o.s.web.servlet.DispatcherServlet - Completed 200 OK
2026-07-23 09:01:41 [http-nio-auto-1-exec-6] DEBUG o.s.security.web.FilterChainProxy - Securing POST /categorias
2026-07-23 09:01:41 [http-nio-auto-1-exec-6] DEBUG c.ecommerce.api.security.JwtProvider - Token JWT válido
2026-07-23 09:01:41 [http-nio-auto-1-exec-6] DEBUG o.s.security.web.FilterChainProxy - Secured POST /categorias
2026-07-23 09:01:41 [http-nio-auto-1-exec-6] DEBUG o.s.web.servlet.DispatcherServlet - POST "/api/categorias", parameters={}
2026-07-23 09:01:41 [http-nio-auto-1-exec-6] DEBUG o.s.w.s.m.m.a.RequestMappingHandlerMapping - Mapped to com.ecommerce.api.controller.CategoriaController#criar(CategoriaDTO)
2026-07-23 09:01:41 [http-nio-auto-1-exec-6] DEBUG o.s.w.s.m.m.a.RequestResponseBodyMethodProcessor - Read "application/json;charset=UTF-8" to [CategoriaDTO(id=null, nome=Eletrônicos IT, descricao=Categoria de teste, ativo=true)]
2026-07-23 09:01:41 [http-nio-auto-1-exec-6] DEBUG org.hibernate.SQL - 
    /* insert for
        com.ecommerce.api.model.Categoria */insert 
    into
        categorias (ativo, descricao, nome, id) 
    values
        (?, ?, ?, default)
2026-07-23 09:01:41 [http-nio-auto-1-exec-6] DEBUG o.s.w.s.m.m.a.HttpEntityMethodProcessor - Using 'application/json', given [*/*] and supported [application/json, application/*+json, application/yaml]
2026-07-23 09:01:41 [http-nio-auto-1-exec-6] DEBUG o.s.w.s.m.m.a.HttpEntityMethodProcessor - Writing [CategoriaDTO(id=1, nome=Eletrônicos IT, descricao=Categoria de teste, ativo=true)]
2026-07-23 09:01:41 [http-nio-auto-1-exec-6] DEBUG o.s.web.servlet.DispatcherServlet - Completed 201 CREATED
2026-07-23 09:01:41 [http-nio-auto-1-exec-8] DEBUG o.s.security.web.FilterChainProxy - Securing POST /produtos
2026-07-23 09:01:41 [http-nio-auto-1-exec-8] DEBUG c.ecommerce.api.security.JwtProvider - Token JWT válido
2026-07-23 09:01:41 [http-nio-auto-1-exec-8] DEBUG o.s.security.web.FilterChainProxy - Secured POST /produtos
2026-07-23 09:01:41 [http-nio-auto-1-exec-8] DEBUG o.s.web.servlet.DispatcherServlet - POST "/api/produtos", parameters={}
2026-07-23 09:01:41 [http-nio-auto-1-exec-8] DEBUG o.s.w.s.m.m.a.RequestMappingHandlerMapping - Mapped to com.ecommerce.api.controller.ProdutoController#criar(ProdutoDTO)
2026-07-23 09:01:41 [http-nio-auto-1-exec-8] DEBUG o.s.w.s.m.m.a.RequestResponseBodyMethodProcessor - Read "application/json;charset=UTF-8" to [ProdutoDTO(id=null, nome=Notebook IT, descricao=Notebook de teste, preco=3500.0, estoque=10, categor (truncated)...]
2026-07-23 09:01:41 [http-nio-auto-1-exec-8] INFO  c.e.api.controller.ProdutoController - POST /api/produtos - Criando produto: Notebook IT
2026-07-23 09:01:41 [http-nio-auto-1-exec-8] INFO  c.e.api.service.ProdutoService - Criando novo produto: Notebook IT
2026-07-23 09:01:41 [http-nio-auto-1-exec-8] DEBUG org.hibernate.SQL - 
    select
        c1_0.id,
        c1_0.ativo,
        c1_0.descricao,
        c1_0.nome 
    from
        categorias c1_0 
    where
        c1_0.id=?
2026-07-23 09:01:41 [http-nio-auto-1-exec-8] DEBUG org.hibernate.SQL - 
    /* insert for
        com.ecommerce.api.model.Produto */insert 
    into
        produtos (ativo, categoria_id, descricao, estoque, nome, preco, id) 
    values
        (?, ?, ?, ?, ?, ?, default)
2026-07-23 09:01:41 [http-nio-auto-1-exec-8] DEBUG c.e.api.service.ProdutoService - Produto criado com ID: 1
2026-07-23 09:01:41 [http-nio-auto-1-exec-8] DEBUG o.s.w.s.m.m.a.HttpEntityMethodProcessor - Using 'application/json', given [*/*] and supported [application/json, application/*+json, application/yaml]
2026-07-23 09:01:41 [http-nio-auto-1-exec-8] DEBUG o.s.w.s.m.m.a.HttpEntityMethodProcessor - Writing [ProdutoDTO(id=1, nome=Notebook IT, descricao=Notebook de teste, preco=3500.0, estoque=10, categoriaI (truncated)...]
2026-07-23 09:01:41 [http-nio-auto-1-exec-8] DEBUG o.s.web.servlet.DispatcherServlet - Completed 201 CREATED
2026-07-23 09:01:42 [http-nio-auto-1-exec-7] DEBUG o.s.security.web.FilterChainProxy - Securing POST /clientes
2026-07-23 09:01:42 [http-nio-auto-1-exec-7] DEBUG c.ecommerce.api.security.JwtProvider - Token JWT válido
2026-07-23 09:01:42 [http-nio-auto-1-exec-7] DEBUG o.s.security.web.FilterChainProxy - Secured POST /clientes
2026-07-23 09:01:42 [http-nio-auto-1-exec-7] DEBUG o.s.web.servlet.DispatcherServlet - POST "/api/clientes", parameters={}
2026-07-23 09:01:42 [http-nio-auto-1-exec-7] DEBUG o.s.w.s.m.m.a.RequestMappingHandlerMapping - Mapped to com.ecommerce.api.controller.ClienteController#criar(ClienteDTO)
2026-07-23 09:01:42 [http-nio-auto-1-exec-7] DEBUG o.s.w.s.m.m.a.RequestResponseBodyMethodProcessor - Read "application/json;charset=UTF-8" to [ClienteDTO(id=null, nome=Cliente IT, cpf=54492699579, email=cliente-fbd2de9b-dd5b-4efd-ba6f-3a439b0a (truncated)...]
2026-07-23 09:01:42 [http-nio-auto-1-exec-7] DEBUG org.hibernate.SQL - 
    /* insert for
        com.ecommerce.api.model.Cliente */insert 
    into
        clientes (ativo, cpf, data_atualizacao, data_criacao, email, endereco, nome, telefone, id) 
    values
        (?, ?, ?, ?, ?, ?, ?, ?, default)
2026-07-23 09:01:42 [http-nio-auto-1-exec-7] DEBUG o.s.w.s.m.m.a.HttpEntityMethodProcessor - Using 'application/json', given [*/*] and supported [application/json, application/*+json, application/yaml]
2026-07-23 09:01:42 [http-nio-auto-1-exec-7] DEBUG o.s.w.s.m.m.a.HttpEntityMethodProcessor - Writing [ClienteDTO(id=1, nome=Cliente IT, cpf=54492699579, email=cliente-fbd2de9b-dd5b-4efd-ba6f-3a439b0a9b5 (truncated)...]
2026-07-23 09:01:42 [http-nio-auto-1-exec-7] DEBUG o.s.web.servlet.DispatcherServlet - Completed 201 CREATED
2026-07-23 09:01:42 [http-nio-auto-1-exec-9] DEBUG o.s.security.web.FilterChainProxy - Securing POST /pedidos
2026-07-23 09:01:42 [http-nio-auto-1-exec-9] DEBUG c.ecommerce.api.security.JwtProvider - Token JWT válido
2026-07-23 09:01:42 [http-nio-auto-1-exec-9] DEBUG o.s.security.web.FilterChainProxy - Secured POST /pedidos
2026-07-23 09:01:42 [http-nio-auto-1-exec-9] DEBUG o.s.web.servlet.DispatcherServlet - POST "/api/pedidos", parameters={}
2026-07-23 09:01:42 [http-nio-auto-1-exec-9] DEBUG o.s.w.s.m.m.a.RequestMappingHandlerMapping - Mapped to com.ecommerce.api.controller.PedidoController#criar(PedidoDTO)
2026-07-23 09:01:42 [http-nio-auto-1-exec-9] DEBUG o.s.w.s.m.m.a.RequestResponseBodyMethodProcessor - Read "application/json;charset=UTF-8" to [PedidoDTO(id=null, clienteId=1, total=3500.0, status=null, dataCriacao=null, dataAtualizacao=null)]
2026-07-23 09:01:42 [http-nio-auto-1-exec-9] DEBUG org.hibernate.SQL - 
    select
        c1_0.id,
        c1_0.ativo,
        c1_0.cpf,
        c1_0.data_atualizacao,
        c1_0.data_criacao,
        c1_0.email,
        c1_0.endereco,
        c1_0.nome,
        c1_0.telefone 
    from
        clientes c1_0 
    where
        c1_0.id=?
2026-07-23 09:01:42 [http-nio-auto-1-exec-9] DEBUG org.hibernate.SQL - 
    /* insert for
        com.ecommerce.api.model.Pedido */insert 
    into
        pedidos (cliente_id, data_atualizacao, data_criacao, status, total, id) 
    values
        (?, ?, ?, ?, ?, default)
2026-07-23 09:01:42 [http-nio-auto-1-exec-9] DEBUG o.s.w.s.m.m.a.HttpEntityMethodProcessor - Using 'application/json', given [*/*] and supported [application/json, application/*+json, application/yaml]
2026-07-23 09:01:42 [http-nio-auto-1-exec-9] DEBUG o.s.w.s.m.m.a.HttpEntityMethodProcessor - Writing [PedidoDTO(id=1, clienteId=1, total=3500.0, status=PENDENTE, dataCriacao=2026-07-23T09:01:42.11830420 (truncated)...]
2026-07-23 09:01:42 [http-nio-auto-1-exec-9] DEBUG o.s.web.servlet.DispatcherServlet - Completed 201 CREATED
2026-07-23 09:01:42 [http-nio-auto-1-exec-10] DEBUG o.s.security.web.FilterChainProxy - Securing POST /pagamentos
2026-07-23 09:01:42 [http-nio-auto-1-exec-10] DEBUG c.ecommerce.api.security.JwtProvider - Token JWT válido
2026-07-23 09:01:42 [http-nio-auto-1-exec-10] DEBUG o.s.security.web.FilterChainProxy - Secured POST /pagamentos
2026-07-23 09:01:42 [http-nio-auto-1-exec-10] DEBUG o.s.web.servlet.DispatcherServlet - POST "/api/pagamentos", parameters={}
2026-07-23 09:01:42 [http-nio-auto-1-exec-10] DEBUG o.s.w.s.m.m.a.RequestMappingHandlerMapping - Mapped to com.ecommerce.api.controller.PagamentoController#criar(PagamentoDTO)
2026-07-23 09:01:42 [http-nio-auto-1-exec-10] DEBUG o.s.w.s.m.m.a.RequestResponseBodyMethodProcessor - Read "application/json;charset=UTF-8" to [PagamentoDTO(id=null, pedidoId=1, valor=3500.0, metodo=CARTAO, status=null, dataCriacao=null)]
2026-07-23 09:01:42 [http-nio-auto-1-exec-10] DEBUG org.hibernate.SQL - 
    select
        p1_0.id,
        p1_0.cliente_id,
        c1_0.id,
        c1_0.ativo,
        c1_0.cpf,
        c1_0.data_atualizacao,
        c1_0.data_criacao,
        c1_0.email,
        c1_0.endereco,
        c1_0.nome,
        c1_0.telefone,
        p1_0.data_atualizacao,
        p1_0.data_criacao,
        p1_0.status,
        p1_0.total 
    from
        pedidos p1_0 
    join
        clientes c1_0 
            on c1_0.id=p1_0.cliente_id 
    where
        p1_0.id=?
2026-07-23 09:01:42 [http-nio-auto-1-exec-10] DEBUG org.hibernate.SQL - 
    /* insert for
        com.ecommerce.api.model.Pagamento */insert 
    into
        pagamentos (data_criacao, metodo, pedido_id, status, valor, id) 
    values
        (?, ?, ?, ?, ?, default)
2026-07-23 09:01:42 [http-nio-auto-1-exec-10] DEBUG o.s.w.s.m.m.a.HttpEntityMethodProcessor - Using 'application/json', given [*/*] and supported [application/json, application/*+json, application/yaml]
2026-07-23 09:01:42 [http-nio-auto-1-exec-10] DEBUG o.s.w.s.m.m.a.HttpEntityMethodProcessor - Writing [PagamentoDTO(id=1, pedidoId=1, valor=3500.0, metodo=CARTAO, status=PENDENTE, dataCriacao=2026-07-23T (truncated)...]
2026-07-23 09:01:42 [http-nio-auto-1-exec-10] DEBUG o.s.web.servlet.DispatcherServlet - Completed 201 CREATED
2026-07-23 09:01:42 [http-nio-auto-1-exec-1] DEBUG o.s.security.web.FilterChainProxy - Securing PATCH /produtos/1/estoque/diminuir?quantidade=3
2026-07-23 09:01:42 [http-nio-auto-1-exec-1] DEBUG c.ecommerce.api.security.JwtProvider - Token JWT válido
2026-07-23 09:01:42 [http-nio-auto-1-exec-1] DEBUG o.s.security.web.FilterChainProxy - Secured PATCH /produtos/1/estoque/diminuir?quantidade=3
2026-07-23 09:01:42 [http-nio-auto-1-exec-1] DEBUG o.s.web.servlet.DispatcherServlet - PATCH "/api/produtos/1/estoque/diminuir?quantidade=3", parameters={masked}
2026-07-23 09:01:42 [http-nio-auto-1-exec-1] DEBUG o.s.w.s.m.m.a.RequestMappingHandlerMapping - Mapped to com.ecommerce.api.controller.ProdutoController#diminuirEstoque(Long, Integer)
2026-07-23 09:01:42 [http-nio-auto-1-exec-1] INFO  c.e.api.controller.ProdutoController - PATCH /api/produtos/1/estoque/diminuir?quantidade=3
2026-07-23 09:01:42 [http-nio-auto-1-exec-1] INFO  c.e.api.service.ProdutoService - Diminuindo estoque do produto 1 em 3 unidades
2026-07-23 09:01:42 [http-nio-auto-1-exec-1] DEBUG org.hibernate.SQL - 
    select
        p1_0.id,
        p1_0.ativo,
        p1_0.categoria_id,
        c1_0.id,
        c1_0.ativo,
        c1_0.descricao,
        c1_0.nome,
        p1_0.descricao,
        p1_0.estoque,
        p1_0.nome,
        p1_0.preco 
    from
        produtos p1_0 
    join
        categorias c1_0 
            on c1_0.id=p1_0.categoria_id 
    where
        p1_0.id=?
2026-07-23 09:01:42 [http-nio-auto-1-exec-1] DEBUG c.e.api.service.ProdutoService - Estoque diminuído com sucesso. Novo estoque: 7
2026-07-23 09:01:42 [http-nio-auto-1-exec-1] DEBUG org.hibernate.SQL - 
    /* update
        for com.ecommerce.api.model.Produto */update produtos 
    set
        ativo=?,
        categoria_id=?,
        descricao=?,
        estoque=?,
        nome=?,
        preco=? 
    where
        id=?
2026-07-23 09:01:42 [http-nio-auto-1-exec-1] DEBUG o.s.w.s.m.m.a.HttpEntityMethodProcessor - Using 'application/json', given [*/*] and supported [application/json, application/*+json, application/yaml]
2026-07-23 09:01:42 [http-nio-auto-1-exec-1] DEBUG o.s.w.s.m.m.a.HttpEntityMethodProcessor - Writing [7]
2026-07-23 09:01:42 [http-nio-auto-1-exec-1] DEBUG o.s.web.servlet.DispatcherServlet - Completed 200 OK
2026-07-23 09:01:42 [http-nio-auto-1-exec-2] DEBUG o.s.security.web.FilterChainProxy - Securing GET /produtos?pagina=0&tamanho=50
2026-07-23 09:01:42 [http-nio-auto-1-exec-2] DEBUG c.ecommerce.api.security.JwtProvider - Token JWT válido
2026-07-23 09:01:42 [http-nio-auto-1-exec-2] DEBUG o.s.security.web.FilterChainProxy - Secured GET /produtos?pagina=0&tamanho=50
2026-07-23 09:01:42 [http-nio-auto-1-exec-2] DEBUG o.s.web.servlet.DispatcherServlet - GET "/api/produtos?pagina=0&tamanho=50", parameters={masked}
2026-07-23 09:01:42 [http-nio-auto-1-exec-2] DEBUG o.s.w.s.m.m.a.RequestMappingHandlerMapping - Mapped to com.ecommerce.api.controller.ProdutoController#listar(int, int, String, String)
2026-07-23 09:01:42 [http-nio-auto-1-exec-2] INFO  c.e.api.controller.ProdutoController - GET /api/produtos - Página: 0, Tamanho: 50, Ordenar por: id, Direção: DESC
2026-07-23 09:01:42 [http-nio-auto-1-exec-2] INFO  c.e.api.service.ProdutoService - Listando produtos com paginação - Página: 0, Tamanho: 50, Ordenar por: id, Direção: DESC
2026-07-23 09:01:42 [http-nio-auto-1-exec-2] DEBUG org.hibernate.SQL - 
    /* <criteria> */ select
        p1_0.id,
        p1_0.ativo,
        p1_0.categoria_id,
        p1_0.descricao,
        p1_0.estoque,
        p1_0.nome,
        p1_0.preco 
    from
        produtos p1_0 
    order by
        p1_0.id desc 
    offset
        ? rows 
    fetch
        first ? rows only
2026-07-23 09:01:42 [http-nio-auto-1-exec-2] DEBUG org.hibernate.SQL - 
    select
        c1_0.id,
        c1_0.ativo,
        c1_0.descricao,
        c1_0.nome 
    from
        categorias c1_0 
    where
        c1_0.id=?
2026-07-23 09:01:42 [http-nio-auto-1-exec-2] DEBUG c.e.api.service.ProdutoService - Total de produtos encontrados: 1, Página atual: 0, Total de páginas: 1
2026-07-23 09:01:42 [http-nio-auto-1-exec-2] DEBUG o.s.w.s.m.m.a.HttpEntityMethodProcessor - Using 'application/json', given [*/*] and supported [application/json, application/*+json, application/yaml]
2026-07-23 09:01:42 [http-nio-auto-1-exec-2] DEBUG o.s.w.s.m.m.a.HttpEntityMethodProcessor - Writing [Page 1 of 1 containing com.ecommerce.api.dto.ProdutoDTO instances]
2026-07-23 09:01:42 [http-nio-auto-1-exec-2] DEBUG o.s.web.servlet.DispatcherServlet - Completed 200 OK
2026-07-23 09:01:42 [http-nio-auto-1-exec-3] DEBUG o.s.security.web.FilterChainProxy - Securing DELETE /produtos/1
2026-07-23 09:01:42 [http-nio-auto-1-exec-3] DEBUG c.ecommerce.api.security.JwtProvider - Token JWT válido
2026-07-23 09:01:42 [http-nio-auto-1-exec-3] DEBUG o.s.security.web.FilterChainProxy - Secured DELETE /produtos/1
2026-07-23 09:01:42 [http-nio-auto-1-exec-3] DEBUG o.s.web.servlet.DispatcherServlet - DELETE "/api/produtos/1", parameters={}
2026-07-23 09:01:42 [http-nio-auto-1-exec-3] DEBUG o.s.w.s.m.m.a.RequestMappingHandlerMapping - Mapped to com.ecommerce.api.controller.ProdutoController#deletar(Long)
2026-07-23 09:01:42 [http-nio-auto-1-exec-3] INFO  c.e.api.controller.ProdutoController - DELETE /api/produtos/1
2026-07-23 09:01:42 [http-nio-auto-1-exec-3] INFO  c.e.api.service.ProdutoService - Deletando produto com ID: 1
2026-07-23 09:01:43 [http-nio-auto-1-exec-3] DEBUG org.hibernate.SQL - 
    /* select
        count(*) 
    from
        Produto x 
    WHERE
        x.id = :id */ select
            count(*) 
        from
            produtos p1_0 
        where
            p1_0.id=?
2026-07-23 09:01:43 [http-nio-auto-1-exec-3] DEBUG org.hibernate.SQL - 
    select
        p1_0.id,
        p1_0.ativo,
        p1_0.categoria_id,
        c1_0.id,
        c1_0.ativo,
        c1_0.descricao,
        c1_0.nome,
        p1_0.descricao,
        p1_0.estoque,
        p1_0.nome,
        p1_0.preco 
    from
        produtos p1_0 
    join
        categorias c1_0 
            on c1_0.id=p1_0.categoria_id 
    where
        p1_0.id=?
2026-07-23 09:01:43 [http-nio-auto-1-exec-3] DEBUG c.e.api.service.ProdutoService - Produto deletado com sucesso: 1
2026-07-23 09:01:43 [http-nio-auto-1-exec-3] DEBUG org.hibernate.SQL - 
    /* delete for com.ecommerce.api.model.Produto */delete 
    from
        produtos 
    where
        id=?
2026-07-23 09:01:43 [http-nio-auto-1-exec-3] DEBUG o.s.w.s.m.m.a.HttpEntityMethodProcessor - Using 'application/json', given [*/*] and supported [application/json, application/*+json, application/yaml]
2026-07-23 09:01:43 [http-nio-auto-1-exec-3] DEBUG o.s.w.s.m.m.a.HttpEntityMethodProcessor - Nothing to write: null body
2026-07-23 09:01:43 [http-nio-auto-1-exec-3] DEBUG o.s.web.servlet.DispatcherServlet - Completed 204 NO_CONTENT
2026-07-23 09:01:43 [http-nio-auto-1-exec-10] DEBUG o.s.security.web.FilterChainProxy - Securing GET /produtos/1
2026-07-23 09:01:43 [http-nio-auto-1-exec-10] DEBUG c.ecommerce.api.security.JwtProvider - Token JWT válido
2026-07-23 09:01:43 [http-nio-auto-1-exec-10] DEBUG o.s.security.web.FilterChainProxy - Secured GET /produtos/1
2026-07-23 09:01:43 [http-nio-auto-1-exec-10] DEBUG o.s.web.servlet.DispatcherServlet - GET "/api/produtos/1", parameters={}
2026-07-23 09:01:43 [http-nio-auto-1-exec-10] DEBUG o.s.w.s.m.m.a.RequestMappingHandlerMapping - Mapped to com.ecommerce.api.controller.ProdutoController#obterPorId(Long)
2026-07-23 09:01:43 [http-nio-auto-1-exec-10] INFO  c.e.api.controller.ProdutoController - GET /api/produtos/1
2026-07-23 09:01:43 [http-nio-auto-1-exec-10] DEBUG c.e.api.service.ProdutoService - Buscando produto com ID: 1
2026-07-23 09:01:43 [http-nio-auto-1-exec-10] DEBUG org.hibernate.SQL - 
    select
        p1_0.id,
        p1_0.ativo,
        p1_0.categoria_id,
        c1_0.id,
        c1_0.ativo,
        c1_0.descricao,
        c1_0.nome,
        p1_0.descricao,
        p1_0.estoque,
        p1_0.nome,
        p1_0.preco 
    from
        produtos p1_0 
    join
        categorias c1_0 
            on c1_0.id=p1_0.categoria_id 
    where
        p1_0.id=?
2026-07-23 09:01:43 [http-nio-auto-1-exec-10] WARN  c.e.api.service.ProdutoService - Produto não encontrado com ID: 1
2026-07-23 09:01:43 [http-nio-auto-1-exec-10] DEBUG o.s.w.s.m.m.a.ExceptionHandlerExceptionResolver - Using @ExceptionHandler com.ecommerce.api.exception.GlobalExceptionHandler#handleRecursoNaoEncontrado(RecursoNaoEncontradoException, WebRequest)
2026-07-23 09:01:43 [http-nio-auto-1-exec-10] ERROR c.e.a.e.GlobalExceptionHandler - Recurso não encontrado: Produto não encontrado com ID: 1
2026-07-23 09:01:43 [http-nio-auto-1-exec-10] DEBUG o.s.w.s.m.m.a.HttpEntityMethodProcessor - Using 'application/json', given [*/*] and supported [application/json, application/*+json, application/yaml]
2026-07-23 09:01:43 [http-nio-auto-1-exec-10] DEBUG o.s.w.s.m.m.a.HttpEntityMethodProcessor - Writing [ErrorResponse(timestamp=2026-07-23T09:01:43.094693100, status=404, erro=Recurso não encontrado, mens (truncated)...]
2026-07-23 09:01:43 [http-nio-auto-1-exec-10] DEBUG o.s.w.s.m.m.a.ExceptionHandlerExceptionResolver - Resolved [com.ecommerce.api.exception.RecursoNaoEncontradoException: Produto não encontrado com ID: 1]
2026-07-23 09:01:43 [http-nio-auto-1-exec-10] DEBUG o.s.web.servlet.DispatcherServlet - Completed 404 NOT_FOUND
2026-07-23 09:01:43 [http-nio-auto-1-exec-2] DEBUG o.s.security.web.FilterChainProxy - Securing POST /auth/registrar
2026-07-23 09:01:43 [http-nio-auto-1-exec-2] DEBUG o.s.s.w.a.AnonymousAuthenticationFilter - Set SecurityContextHolder to anonymous SecurityContext
2026-07-23 09:01:43 [http-nio-auto-1-exec-2] DEBUG o.s.security.web.FilterChainProxy - Secured POST /auth/registrar
2026-07-23 09:01:43 [http-nio-auto-1-exec-2] DEBUG o.s.web.servlet.DispatcherServlet - POST "/api/auth/registrar", parameters={}
2026-07-23 09:01:43 [http-nio-auto-1-exec-2] DEBUG o.s.w.s.m.m.a.RequestMappingHandlerMapping - Mapped to com.ecommerce.api.controller.AuthController#registrar(UsuarioDTO)
2026-07-23 09:01:43 [http-nio-auto-1-exec-2] DEBUG o.s.w.s.m.m.a.RequestResponseBodyMethodProcessor - Read "application/json;charset=UTF-8" to [UsuarioDTO(id=null, email=flow-ff8ab54d-0dbf-4709-bb7b-a5492d69d764@teste.com, senha=senha123, nome= (truncated)...]
2026-07-23 09:01:43 [http-nio-auto-1-exec-2] INFO  c.e.api.controller.AuthController - Registrando novo usuário: flow-ff8ab54d-0dbf-4709-bb7b-a5492d69d764@teste.com
2026-07-23 09:01:43 [http-nio-auto-1-exec-2] DEBUG org.hibernate.SQL - 
    /* <criteria> */ select
        u1_0.id 
    from
        usuarios u1_0 
    where
        u1_0.email=? 
    fetch
        first ? rows only
2026-07-23 09:01:43 [http-nio-auto-1-exec-2] DEBUG org.hibernate.SQL - 
    /* insert for
        com.ecommerce.api.model.Usuario */insert 
    into
        usuarios (ativo, email, nome, papel, senha, id) 
    values
        (?, ?, ?, ?, ?, default)
2026-07-23 09:01:43 [http-nio-auto-1-exec-2] INFO  c.e.api.service.UsuarioService - Novo usuário registrado: flow-ff8ab54d-0dbf-4709-bb7b-a5492d69d764@teste.com
2026-07-23 09:01:43 [http-nio-auto-1-exec-2] DEBUG o.s.w.s.m.m.a.HttpEntityMethodProcessor - Using 'application/json', given [*/*] and supported [application/json, application/*+json, application/yaml]
2026-07-23 09:01:43 [http-nio-auto-1-exec-2] DEBUG o.s.w.s.m.m.a.HttpEntityMethodProcessor - Writing [UsuarioDTO(id=5, email=flow-ff8ab54d-0dbf-4709-bb7b-a5492d69d764@teste.com, senha=null, nome=Usuário (truncated)...]
2026-07-23 09:01:43 [http-nio-auto-1-exec-2] DEBUG o.s.web.servlet.DispatcherServlet - Completed 201 CREATED
2026-07-23 09:01:43 [http-nio-auto-1-exec-4] DEBUG o.s.security.web.FilterChainProxy - Securing POST /auth/login
2026-07-23 09:01:43 [http-nio-auto-1-exec-4] DEBUG o.s.s.w.a.AnonymousAuthenticationFilter - Set SecurityContextHolder to anonymous SecurityContext
2026-07-23 09:01:43 [http-nio-auto-1-exec-4] DEBUG o.s.security.web.FilterChainProxy - Secured POST /auth/login
2026-07-23 09:01:43 [http-nio-auto-1-exec-4] DEBUG o.s.web.servlet.DispatcherServlet - POST "/api/auth/login", parameters={}
2026-07-23 09:01:43 [http-nio-auto-1-exec-4] DEBUG o.s.w.s.m.m.a.RequestMappingHandlerMapping - Mapped to com.ecommerce.api.controller.AuthController#login(LoginRequest)
2026-07-23 09:01:43 [http-nio-auto-1-exec-4] DEBUG o.s.w.s.m.m.a.RequestResponseBodyMethodProcessor - Read "application/json;charset=UTF-8" to [LoginRequest(email=flow-ff8ab54d-0dbf-4709-bb7b-a5492d69d764@teste.com, senha=senha123)]
2026-07-23 09:01:43 [http-nio-auto-1-exec-4] INFO  c.e.api.controller.AuthController - Login realizado para: flow-ff8ab54d-0dbf-4709-bb7b-a5492d69d764@teste.com
2026-07-23 09:01:43 [http-nio-auto-1-exec-4] DEBUG org.hibernate.SQL - 
    /* <criteria> */ select
        u1_0.id,
        u1_0.ativo,
        u1_0.email,
        u1_0.nome,
        u1_0.papel,
        u1_0.senha 
    from
        usuarios u1_0 
    where
        u1_0.email=?
2026-07-23 09:01:43 [http-nio-auto-1-exec-4] DEBUG c.ecommerce.api.security.JwtProvider - Gerando token JWT para usuário: flow-ff8ab54d-0dbf-4709-bb7b-a5492d69d764@teste.com
2026-07-23 09:01:43 [http-nio-auto-1-exec-4] INFO  c.e.api.service.UsuarioService - Login realizado com sucesso: flow-ff8ab54d-0dbf-4709-bb7b-a5492d69d764@teste.com
2026-07-23 09:01:43 [http-nio-auto-1-exec-4] DEBUG o.s.w.s.m.m.a.HttpEntityMethodProcessor - Using 'application/json', given [*/*] and supported [application/json, application/*+json, application/yaml]
2026-07-23 09:01:43 [http-nio-auto-1-exec-4] DEBUG o.s.w.s.m.m.a.HttpEntityMethodProcessor - Writing [LoginResponse(token=eyJhbGciOiJIUzUxMiJ9.eyJzdWIiOiJmbG93LWZmOGFiNTRkLTBkYmYtNDcwOS1iYjdiLWE1NDkyZDY (truncated)...]
2026-07-23 09:01:43 [http-nio-auto-1-exec-4] DEBUG o.s.web.servlet.DispatcherServlet - Completed 200 OK
2026-07-23 09:01:43 [http-nio-auto-1-exec-7] DEBUG o.s.security.web.FilterChainProxy - Securing POST /categorias
2026-07-23 09:01:43 [http-nio-auto-1-exec-7] DEBUG c.ecommerce.api.security.JwtProvider - Token JWT válido
2026-07-23 09:01:43 [http-nio-auto-1-exec-7] DEBUG o.s.security.web.FilterChainProxy - Secured POST /categorias
2026-07-23 09:01:43 [http-nio-auto-1-exec-7] DEBUG o.s.web.servlet.DispatcherServlet - POST "/api/categorias", parameters={}
2026-07-23 09:01:43 [http-nio-auto-1-exec-7] DEBUG o.s.w.s.m.m.a.RequestMappingHandlerMapping - Mapped to com.ecommerce.api.controller.CategoriaController#criar(CategoriaDTO)
2026-07-23 09:01:43 [http-nio-auto-1-exec-7] DEBUG o.s.w.s.m.m.a.RequestResponseBodyMethodProcessor - Read "application/json;charset=UTF-8" to [CategoriaDTO(id=null, nome=Categoria Paginação be49565b-187f-458e-9a06-1bbab8650f22, descricao=null, (truncated)...]
2026-07-23 09:01:43 [http-nio-auto-1-exec-7] DEBUG org.hibernate.SQL - 
    /* insert for
        com.ecommerce.api.model.Categoria */insert 
    into
        categorias (ativo, descricao, nome, id) 
    values
        (?, ?, ?, default)
2026-07-23 09:01:43 [http-nio-auto-1-exec-7] DEBUG o.s.w.s.m.m.a.HttpEntityMethodProcessor - Using 'application/json', given [*/*] and supported [application/json, application/*+json, application/yaml]
2026-07-23 09:01:43 [http-nio-auto-1-exec-7] DEBUG o.s.w.s.m.m.a.HttpEntityMethodProcessor - Writing [CategoriaDTO(id=2, nome=Categoria Paginação be49565b-187f-458e-9a06-1bbab8650f22, descricao=null, at (truncated)...]
2026-07-23 09:01:43 [http-nio-auto-1-exec-7] DEBUG o.s.web.servlet.DispatcherServlet - Completed 201 CREATED
2026-07-23 09:01:43 [http-nio-auto-1-exec-6] DEBUG o.s.security.web.FilterChainProxy - Securing GET /categorias?pagina=0&tamanho=5
2026-07-23 09:01:43 [http-nio-auto-1-exec-6] DEBUG c.ecommerce.api.security.JwtProvider - Token JWT válido
2026-07-23 09:01:43 [http-nio-auto-1-exec-6] DEBUG o.s.security.web.FilterChainProxy - Secured GET /categorias?pagina=0&tamanho=5
2026-07-23 09:01:43 [http-nio-auto-1-exec-6] DEBUG o.s.web.servlet.DispatcherServlet - GET "/api/categorias?pagina=0&tamanho=5", parameters={masked}
2026-07-23 09:01:43 [http-nio-auto-1-exec-6] DEBUG o.s.w.s.m.m.a.RequestMappingHandlerMapping - Mapped to com.ecommerce.api.controller.CategoriaController#listar(int, int, String, String)
2026-07-23 09:01:43 [http-nio-auto-1-exec-6] DEBUG org.hibernate.SQL - 
    /* <criteria> */ select
        c1_0.id,
        c1_0.ativo,
        c1_0.descricao,
        c1_0.nome 
    from
        categorias c1_0 
    order by
        c1_0.id desc 
    offset
        ? rows 
    fetch
        first ? rows only
2026-07-23 09:01:43 [http-nio-auto-1-exec-6] DEBUG o.s.w.s.m.m.a.HttpEntityMethodProcessor - Using 'application/json', given [*/*] and supported [application/json, application/*+json, application/yaml]
2026-07-23 09:01:43 [http-nio-auto-1-exec-6] DEBUG o.s.w.s.m.m.a.HttpEntityMethodProcessor - Writing [Page 1 of 1 containing com.ecommerce.api.dto.CategoriaDTO instances]
2026-07-23 09:01:43 [http-nio-auto-1-exec-6] DEBUG o.s.web.servlet.DispatcherServlet - Completed 200 OK
2026-07-23 09:01:43 [SpringApplicationShutdownHook] INFO  o.s.b.w.e.tomcat.GracefulShutdown - Commencing graceful shutdown. Waiting for active requests to complete
2026-07-23 09:01:43 [tomcat-shutdown] INFO  o.s.b.w.e.tomcat.GracefulShutdown - Graceful shutdown complete
2026-07-23 09:01:44 [SpringApplicationShutdownHook] INFO  o.s.o.j.LocalContainerEntityManagerFactoryBean - Closing JPA EntityManagerFactory for persistence unit 'default'
2026-07-23 09:01:44 [SpringApplicationShutdownHook] DEBUG org.hibernate.SQL - 
    drop table if exists categorias cascade 
2026-07-23 09:01:44 [SpringApplicationShutdownHook] DEBUG org.hibernate.SQL - 
    drop table if exists clientes cascade 
2026-07-23 09:01:44 [SpringApplicationShutdownHook] DEBUG org.hibernate.SQL - 
    drop table if exists itens_pedido cascade 
2026-07-23 09:01:44 [SpringApplicationShutdownHook] DEBUG org.hibernate.SQL - 
    drop table if exists pagamentos cascade 
2026-07-23 09:01:44 [SpringApplicationShutdownHook] DEBUG org.hibernate.SQL - 
    drop table if exists pedidos cascade 
2026-07-23 09:01:44 [SpringApplicationShutdownHook] DEBUG org.hibernate.SQL - 
    drop table if exists produtos cascade 
2026-07-23 09:01:44 [SpringApplicationShutdownHook] DEBUG org.hibernate.SQL - 
    drop table if exists usuarios cascade 
2026-07-23 09:01:44 [SpringApplicationShutdownHook] INFO  com.zaxxer.hikari.HikariDataSource - HikariPool-1 - Shutdown initiated...
2026-07-23 09:01:44 [SpringApplicationShutdownHook] INFO  com.zaxxer.hikari.HikariDataSource - HikariPool-1 - Shutdown completed.
