2026-07-18 14:52:27 [background-preinit] INFO  o.h.validator.internal.util.Version - HV000001: Hibernate Validator 8.0.3.Final
2026-07-18 14:52:27 [main] INFO  com.ecommerce.AuthControllerTest - Starting AuthControllerTest using Java 25.0.2 with PID 22612 (started by PabloBezerradaSilva in C:\Users\PabloBezerradaSilva\Documents\Java\fourcamp26-pablosilva\ecommerce-api)
2026-07-18 14:52:27 [main] DEBUG com.ecommerce.AuthControllerTest - Running with Spring Boot v3.5.16, Spring v6.2.19
2026-07-18 14:52:27 [main] INFO  com.ecommerce.AuthControllerTest - No active profile set, falling back to 1 default profile: "default"
2026-07-18 14:52:28 [main] DEBUG o.s.w.c.s.GenericWebApplicationContext - Refreshing org.springframework.web.context.support.GenericWebApplicationContext@67afe909
2026-07-18 14:52:31 [main] INFO  o.s.d.r.c.RepositoryConfigurationDelegate - Bootstrapping Spring Data JPA repositories in DEFAULT mode.
2026-07-18 14:52:32 [main] INFO  o.s.d.r.c.RepositoryConfigurationDelegate - Finished Spring Data repository scanning in 240 ms. Found 6 JPA repository interfaces.
2026-07-18 14:52:36 [main] INFO  o.h.jpa.internal.util.LogHelper - HHH000204: Processing PersistenceUnitInfo [name: default]
2026-07-18 14:52:36 [main] INFO  org.hibernate.Version - HHH000412: Hibernate ORM core version 6.6.53.Final
2026-07-18 14:52:36 [main] INFO  o.h.c.i.RegionFactoryInitiator - HHH000026: Second-level cache disabled
2026-07-18 14:52:37 [main] INFO  o.s.o.j.p.SpringPersistenceUnitInfo - No LoadTimeWeaver setup: ignoring JPA class transformer
2026-07-18 14:52:37 [main] INFO  com.zaxxer.hikari.HikariDataSource - HikariPool-1 - Starting...
2026-07-18 14:52:38 [main] INFO  com.zaxxer.hikari.pool.HikariPool - HikariPool-1 - Added connection conn0: url=jdbc:h2:mem:ecommercedb user=SA
2026-07-18 14:52:38 [main] INFO  com.zaxxer.hikari.HikariDataSource - HikariPool-1 - Start completed.
2026-07-18 14:52:39 [main] WARN  org.hibernate.orm.deprecation - HHH90000025: H2Dialect does not need to be specified explicitly using 'hibernate.dialect' (remove the property setting and it will be selected by default)
2026-07-18 14:52:39 [main] INFO  o.hibernate.orm.connections.pooling - HHH10001005: Database info:
	Database JDBC URL [Connecting through datasource 'HikariDataSource (HikariPool-1)']
	Database driver: undefined/unknown
	Database version: 2.3.232
	Autocommit mode: undefined/unknown
	Isolation level: undefined/unknown
	Minimum pool size: undefined/unknown
	Maximum pool size: undefined/unknown
2026-07-18 14:52:43 [main] INFO  o.h.e.t.j.p.i.JtaPlatformInitiator - HHH000489: No JTA platform available (set 'hibernate.transaction.jta.platform' to enable JTA platform integration)
2026-07-18 14:52:43 [main] DEBUG org.hibernate.SQL - 
    drop table if exists categorias cascade 
2026-07-18 14:52:43 [main] DEBUG org.hibernate.SQL - 
    drop table if exists clientes cascade 
2026-07-18 14:52:43 [main] DEBUG org.hibernate.SQL - 
    drop table if exists itens_pedido cascade 
2026-07-18 14:52:43 [main] DEBUG org.hibernate.SQL - 
    drop table if exists pagamentos cascade 
2026-07-18 14:52:43 [main] DEBUG org.hibernate.SQL - 
    drop table if exists pedidos cascade 
2026-07-18 14:52:43 [main] DEBUG org.hibernate.SQL - 
    drop table if exists produtos cascade 
2026-07-18 14:52:43 [main] DEBUG org.hibernate.SQL - 
    drop table if exists usuarios cascade 
2026-07-18 14:52:43 [main] DEBUG org.hibernate.SQL - 
    create table categorias (
        ativo boolean not null,
        id bigint generated by default as identity,
        nome varchar(100) not null,
        descricao TEXT,
        primary key (id)
    )
2026-07-18 14:52:43 [main] DEBUG org.hibernate.SQL - 
    create table clientes (
        ativo boolean not null,
        data_atualizacao timestamp(6),
        data_criacao timestamp(6) not null,
        id bigint generated by default as identity,
        cpf varchar(11) not null unique,
        telefone varchar(20),
        email varchar(255) not null unique,
        endereco TEXT,
        nome varchar(255) not null,
        primary key (id)
    )
2026-07-18 14:52:43 [main] DEBUG org.hibernate.SQL - 
    create table itens_pedido (
        preco_unitario numeric(10,2) not null,
        quantidade integer not null,
        id bigint generated by default as identity,
        pedido_id bigint not null,
        produto_id bigint not null,
        primary key (id)
    )
2026-07-18 14:52:43 [main] DEBUG org.hibernate.SQL - 
    create table pagamentos (
        valor float(53) not null,
        data_criacao timestamp(6) not null,
        id bigint generated by default as identity,
        pedido_id bigint not null,
        metodo varchar(50) not null,
        status enum ('APROVADO','PENDENTE','RECUSADO','REEMBOLSADO') not null,
        primary key (id)
    )
2026-07-18 14:52:43 [main] DEBUG org.hibernate.SQL - 
    create table pedidos (
        total float(53) not null,
        cliente_id bigint not null,
        data_atualizacao timestamp(6),
        data_criacao timestamp(6) not null,
        id bigint generated by default as identity,
        status enum ('CANCELADO','CONFIRMADO','ENTREGUE','ENVIADO','PENDENTE') not null,
        primary key (id)
    )
2026-07-18 14:52:43 [main] DEBUG org.hibernate.SQL - 
    create table produtos (
        ativo boolean not null,
        estoque integer not null,
        preco numeric(38,2) not null,
        categoria_id bigint not null,
        id bigint generated by default as identity,
        descricao TEXT,
        nome varchar(255) not null,
        primary key (id)
    )
2026-07-18 14:52:43 [main] DEBUG org.hibernate.SQL - 
    create table usuarios (
        ativo boolean not null,
        id bigint generated by default as identity,
        email varchar(255) not null unique,
        nome varchar(255) not null,
        senha varchar(255) not null,
        papel enum ('ADMIN','USER') not null,
        primary key (id)
    )
2026-07-18 14:52:43 [main] DEBUG org.hibernate.SQL - 
    alter table if exists itens_pedido 
       add constraint FK42mycompce3b7yt3l6ukdwsxy 
       foreign key (pedido_id) 
       references pedidos
2026-07-18 14:52:43 [main] DEBUG org.hibernate.SQL - 
    alter table if exists itens_pedido 
       add constraint FKxytdlekpdaobqphujy9bmuhl 
       foreign key (produto_id) 
       references produtos
2026-07-18 14:52:43 [main] DEBUG org.hibernate.SQL - 
    alter table if exists pagamentos 
       add constraint FKb0dh6865y8h4irwdrl4ici3kl 
       foreign key (pedido_id) 
       references pedidos
2026-07-18 14:52:43 [main] DEBUG org.hibernate.SQL - 
    alter table if exists pedidos 
       add constraint FKg7202lk0hwxn04bmdl2thth5b 
       foreign key (cliente_id) 
       references clientes
2026-07-18 14:52:43 [main] DEBUG org.hibernate.SQL - 
    alter table if exists produtos 
       add constraint FK8rqw0ljwdaom34jr2t46bjtrn 
       foreign key (categoria_id) 
       references categorias
2026-07-18 14:52:43 [main] INFO  o.s.o.j.LocalContainerEntityManagerFactoryBean - Initialized JPA EntityManagerFactory for persistence unit 'default'
2026-07-18 14:52:47 [main] DEBUG o.s.w.s.m.m.a.RequestMappingHandlerMapping - 41 mappings in 'requestMappingHandlerMapping'
2026-07-18 14:52:47 [main] DEBUG o.s.w.s.h.SimpleUrlHandlerMapping - Patterns [/h2-console] in 'viewControllerHandlerMapping'
2026-07-18 14:52:47 [main] DEBUG o.s.w.s.h.SimpleUrlHandlerMapping - Patterns [/webjars/**, /**, /swagger-ui/**, /swagger-ui/*swagger-initializer.js, /webjars/*swagger-ui/**, /webjars/*swagger-ui/*swagger-initializer.js, /webjars/*swagger-ui/5.32.2/*swagger-initializer.js] in 'resourceHandlerMapping'
2026-07-18 14:52:47 [main] DEBUG o.s.s.c.a.a.c.AuthenticationConfiguration$DefaultPasswordEncoderAuthenticationManagerBuilder - No authenticationProviders and no parentAuthenticationManager defined. Returning null.
2026-07-18 14:52:47 [main] DEBUG o.s.s.web.DefaultSecurityFilterChain - Will secure any request with filters: DisableEncodeUrlFilter, WebAsyncManagerIntegrationFilter, SecurityContextHolderFilter, HeaderWriterFilter, LogoutFilter, JwtAuthenticationFilter, RequestCacheAwareFilter, SecurityContextHolderAwareRequestFilter, AnonymousAuthenticationFilter, SessionManagementFilter, ExceptionTranslationFilter, AuthorizationFilter
2026-07-18 14:52:48 [main] DEBUG o.s.w.s.m.m.a.RequestMappingHandlerAdapter - ControllerAdvice beans: 0 @ModelAttribute, 0 @InitBinder, 1 RequestBodyAdvice, 1 ResponseBodyAdvice
2026-07-18 14:52:48 [main] DEBUG o.s.w.s.m.m.a.ExceptionHandlerExceptionResolver - ControllerAdvice beans: 2 @ExceptionHandler, 1 ResponseBodyAdvice
2026-07-18 14:52:49 [main] DEBUG c.e.a.s.JwtAuthenticationFilter - Filter 'jwtAuthenticationFilter' configured for use
2026-07-18 14:52:49 [main] INFO  o.s.b.t.m.w.SpringBootMockServletContext - Initializing Spring TestDispatcherServlet ''
2026-07-18 14:52:49 [main] INFO  o.s.t.w.s.TestDispatcherServlet - Initializing Servlet ''
2026-07-18 14:52:49 [main] INFO  o.s.t.w.s.TestDispatcherServlet - Completed initialization in 2 ms
2026-07-18 14:52:49 [main] INFO  com.ecommerce.AuthControllerTest - Started AuthControllerTest in 24.017 seconds (process running for 30.756)
2026-07-18 14:52:49 [main] WARN  o.s.c.events.SpringDocAppInitializer - SpringDoc /v3/api-docs endpoint is enabled by default. To disable it in production, set the property 'springdoc.api-docs.enabled=false'
2026-07-18 14:52:49 [main] DEBUG o.s.security.web.FilterChainProxy - Securing POST /api/auth/login
2026-07-18 14:52:49 [main] DEBUG o.s.s.w.a.AnonymousAuthenticationFilter - Set SecurityContextHolder to anonymous SecurityContext
2026-07-18 14:52:49 [main] DEBUG o.s.security.web.FilterChainProxy - Secured POST /api/auth/login
2026-07-18 14:52:49 [main] DEBUG o.s.w.s.m.m.a.RequestMappingHandlerMapping - Mapped to com.ecommerce.api.controller.AuthController#login(LoginRequest)
2026-07-18 14:52:49 [main] DEBUG o.s.w.s.m.m.a.RequestResponseBodyMethodProcessor - Read "application/json;charset=UTF-8" to [LoginRequest(email=usuario@teste.com, senha=senha123)]
2026-07-18 14:52:50 [main] INFO  c.e.api.controller.AuthController - Login realizado para: usuario@teste.com
2026-07-18 14:52:50 [main] DEBUG o.s.w.s.m.m.a.HttpEntityMethodProcessor - Using 'application/json', given [*/*] and supported [application/json, application/*+json, application/yaml]
2026-07-18 14:52:50 [main] DEBUG o.s.w.s.m.m.a.HttpEntityMethodProcessor - Writing [LoginResponse(token=token-fake, tipo=Bearer, id=1, email=usuario@teste.com, nome=Usuário Teste)]
2026-07-18 14:52:50 [main] DEBUG o.s.security.web.FilterChainProxy - Securing POST /api/auth/registrar
2026-07-18 14:52:50 [main] DEBUG o.s.s.w.a.AnonymousAuthenticationFilter - Set SecurityContextHolder to anonymous SecurityContext
2026-07-18 14:52:50 [main] DEBUG o.s.security.web.FilterChainProxy - Secured POST /api/auth/registrar
2026-07-18 14:52:50 [main] DEBUG o.s.w.s.m.m.a.RequestMappingHandlerMapping - Mapped to com.ecommerce.api.controller.AuthController#registrar(UsuarioDTO)
2026-07-18 14:52:50 [main] DEBUG o.s.w.s.m.m.a.RequestResponseBodyMethodProcessor - Read "application/json;charset=UTF-8" to [UsuarioDTO(id=null, email=novo@teste.com, senha=senha123, nome=Novo Usuário, papel=USER, ativo=true)]
2026-07-18 14:52:50 [main] INFO  c.e.api.controller.AuthController - Registrando novo usuário: novo@teste.com
2026-07-18 14:52:50 [main] DEBUG o.s.w.s.m.m.a.HttpEntityMethodProcessor - Using 'application/json', given [*/*] and supported [application/json, application/*+json, application/yaml]
2026-07-18 14:52:50 [main] DEBUG o.s.w.s.m.m.a.HttpEntityMethodProcessor - Writing [UsuarioDTO(id=null, email=novo@teste.com, senha=senha123, nome=Novo Usuário, papel=USER, ativo=true)]
2026-07-18 14:52:50 [main] INFO  o.s.t.c.s.AnnotationConfigContextLoaderUtils - Could not detect default configuration classes for test class [com.ecommerce.CategoriaControllerTest]: CategoriaControllerTest does not declare any static, non-private, non-final, nested classes annotated with @Configuration.
2026-07-18 14:52:50 [main] INFO  o.s.b.t.c.SpringBootTestContextBootstrapper - Found @SpringBootConfiguration com.ecommerce.Application for test class com.ecommerce.CategoriaControllerTest
2026-07-18 14:52:50 [main] INFO  o.s.b.d.r.RestartApplicationListener - Restart disabled due to context in which it is running
2026-07-18 14:52:50 [main] INFO  c.ecommerce.CategoriaControllerTest - Starting CategoriaControllerTest using Java 25.0.2 with PID 22612 (started by PabloBezerradaSilva in C:\Users\PabloBezerradaSilva\Documents\Java\fourcamp26-pablosilva\ecommerce-api)
2026-07-18 14:52:50 [main] DEBUG c.ecommerce.CategoriaControllerTest - Running with Spring Boot v3.5.16, Spring v6.2.19
2026-07-18 14:52:50 [main] INFO  c.ecommerce.CategoriaControllerTest - No active profile set, falling back to 1 default profile: "default"
2026-07-18 14:52:50 [main] DEBUG o.s.w.c.s.GenericWebApplicationContext - Refreshing org.springframework.web.context.support.GenericWebApplicationContext@52100f8b
2026-07-18 14:52:51 [main] INFO  o.s.d.r.c.RepositoryConfigurationDelegate - Bootstrapping Spring Data JPA repositories in DEFAULT mode.
2026-07-18 14:52:51 [main] INFO  o.s.d.r.c.RepositoryConfigurationDelegate - Finished Spring Data repository scanning in 80 ms. Found 6 JPA repository interfaces.
2026-07-18 14:52:52 [main] INFO  o.h.jpa.internal.util.LogHelper - HHH000204: Processing PersistenceUnitInfo [name: default]
2026-07-18 14:52:52 [main] INFO  o.h.c.i.RegionFactoryInitiator - HHH000026: Second-level cache disabled
2026-07-18 14:52:52 [main] INFO  o.s.o.j.p.SpringPersistenceUnitInfo - No LoadTimeWeaver setup: ignoring JPA class transformer
2026-07-18 14:52:52 [main] INFO  com.zaxxer.hikari.HikariDataSource - HikariPool-2 - Starting...
2026-07-18 14:52:52 [main] INFO  com.zaxxer.hikari.pool.HikariPool - HikariPool-2 - Added connection conn10: url=jdbc:h2:mem:ecommercedb user=SA
2026-07-18 14:52:52 [main] INFO  com.zaxxer.hikari.HikariDataSource - HikariPool-2 - Start completed.
2026-07-18 14:52:52 [main] WARN  org.hibernate.orm.deprecation - HHH90000025: H2Dialect does not need to be specified explicitly using 'hibernate.dialect' (remove the property setting and it will be selected by default)
2026-07-18 14:52:52 [main] INFO  o.hibernate.orm.connections.pooling - HHH10001005: Database info:
	Database JDBC URL [Connecting through datasource 'HikariDataSource (HikariPool-2)']
	Database driver: undefined/unknown
	Database version: 2.3.232
	Autocommit mode: undefined/unknown
	Isolation level: undefined/unknown
	Minimum pool size: undefined/unknown
	Maximum pool size: undefined/unknown
2026-07-18 14:52:52 [main] INFO  o.h.e.t.j.p.i.JtaPlatformInitiator - HHH000489: No JTA platform available (set 'hibernate.transaction.jta.platform' to enable JTA platform integration)
2026-07-18 14:52:52 [main] DEBUG org.hibernate.SQL - 
    drop table if exists categorias cascade 
2026-07-18 14:52:52 [main] DEBUG org.hibernate.SQL - 
    drop table if exists clientes cascade 
2026-07-18 14:52:52 [main] DEBUG org.hibernate.SQL - 
    drop table if exists itens_pedido cascade 
2026-07-18 14:52:52 [main] DEBUG org.hibernate.SQL - 
    drop table if exists pagamentos cascade 
2026-07-18 14:52:52 [main] DEBUG org.hibernate.SQL - 
    drop table if exists pedidos cascade 
2026-07-18 14:52:52 [main] DEBUG org.hibernate.SQL - 
    drop table if exists produtos cascade 
2026-07-18 14:52:52 [main] DEBUG org.hibernate.SQL - 
    drop table if exists usuarios cascade 
2026-07-18 14:52:52 [main] DEBUG org.hibernate.SQL - 
    create table categorias (
        ativo boolean not null,
        id bigint generated by default as identity,
        nome varchar(100) not null,
        descricao TEXT,
        primary key (id)
    )
2026-07-18 14:52:52 [main] DEBUG org.hibernate.SQL - 
    create table clientes (
        ativo boolean not null,
        data_atualizacao timestamp(6),
        data_criacao timestamp(6) not null,
        id bigint generated by default as identity,
        cpf varchar(11) not null unique,
        telefone varchar(20),
        email varchar(255) not null unique,
        endereco TEXT,
        nome varchar(255) not null,
        primary key (id)
    )
2026-07-18 14:52:52 [main] DEBUG org.hibernate.SQL - 
    create table itens_pedido (
        preco_unitario numeric(10,2) not null,
        quantidade integer not null,
        id bigint generated by default as identity,
        pedido_id bigint not null,
        produto_id bigint not null,
        primary key (id)
    )
2026-07-18 14:52:52 [main] DEBUG org.hibernate.SQL - 
    create table pagamentos (
        valor float(53) not null,
        data_criacao timestamp(6) not null,
        id bigint generated by default as identity,
        pedido_id bigint not null,
        metodo varchar(50) not null,
        status enum ('APROVADO','PENDENTE','RECUSADO','REEMBOLSADO') not null,
        primary key (id)
    )
2026-07-18 14:52:52 [main] DEBUG org.hibernate.SQL - 
    create table pedidos (
        total float(53) not null,
        cliente_id bigint not null,
        data_atualizacao timestamp(6),
        data_criacao timestamp(6) not null,
        id bigint generated by default as identity,
        status enum ('CANCELADO','CONFIRMADO','ENTREGUE','ENVIADO','PENDENTE') not null,
        primary key (id)
    )
2026-07-18 14:52:52 [main] DEBUG org.hibernate.SQL - 
    create table produtos (
        ativo boolean not null,
        estoque integer not null,
        preco numeric(38,2) not null,
        categoria_id bigint not null,
        id bigint generated by default as identity,
        descricao TEXT,
        nome varchar(255) not null,
        primary key (id)
    )
2026-07-18 14:52:52 [main] DEBUG org.hibernate.SQL - 
    create table usuarios (
        ativo boolean not null,
        id bigint generated by default as identity,
        email varchar(255) not null unique,
        nome varchar(255) not null,
        senha varchar(255) not null,
        papel enum ('ADMIN','USER') not null,
        primary key (id)
    )
2026-07-18 14:52:52 [main] DEBUG org.hibernate.SQL - 
    alter table if exists itens_pedido 
       add constraint FK42mycompce3b7yt3l6ukdwsxy 
       foreign key (pedido_id) 
       references pedidos
2026-07-18 14:52:52 [main] DEBUG org.hibernate.SQL - 
    alter table if exists itens_pedido 
       add constraint FKxytdlekpdaobqphujy9bmuhl 
       foreign key (produto_id) 
       references produtos
2026-07-18 14:52:52 [main] DEBUG org.hibernate.SQL - 
    alter table if exists pagamentos 
       add constraint FKb0dh6865y8h4irwdrl4ici3kl 
       foreign key (pedido_id) 
       references pedidos
2026-07-18 14:52:52 [main] DEBUG org.hibernate.SQL - 
    alter table if exists pedidos 
       add constraint FKg7202lk0hwxn04bmdl2thth5b 
       foreign key (cliente_id) 
       references clientes
2026-07-18 14:52:52 [main] DEBUG org.hibernate.SQL - 
    alter table if exists produtos 
       add constraint FK8rqw0ljwdaom34jr2t46bjtrn 
       foreign key (categoria_id) 
       references categorias
2026-07-18 14:52:52 [main] INFO  o.s.o.j.LocalContainerEntityManagerFactoryBean - Initialized JPA EntityManagerFactory for persistence unit 'default'
2026-07-18 14:52:53 [main] DEBUG o.s.w.s.m.m.a.RequestMappingHandlerMapping - 41 mappings in 'requestMappingHandlerMapping'
2026-07-18 14:52:53 [main] DEBUG o.s.w.s.h.SimpleUrlHandlerMapping - Patterns [/h2-console] in 'viewControllerHandlerMapping'
2026-07-18 14:52:53 [main] DEBUG o.s.w.s.h.SimpleUrlHandlerMapping - Patterns [/webjars/**, /**, /swagger-ui/**, /swagger-ui/*swagger-initializer.js, /webjars/*swagger-ui/**, /webjars/*swagger-ui/*swagger-initializer.js, /webjars/*swagger-ui/5.32.2/*swagger-initializer.js] in 'resourceHandlerMapping'
2026-07-18 14:52:53 [main] DEBUG o.s.s.c.a.a.c.AuthenticationConfiguration$DefaultPasswordEncoderAuthenticationManagerBuilder - No authenticationProviders and no parentAuthenticationManager defined. Returning null.
2026-07-18 14:52:53 [main] DEBUG o.s.s.web.DefaultSecurityFilterChain - Will secure any request with filters: DisableEncodeUrlFilter, WebAsyncManagerIntegrationFilter, SecurityContextHolderFilter, HeaderWriterFilter, LogoutFilter, JwtAuthenticationFilter, RequestCacheAwareFilter, SecurityContextHolderAwareRequestFilter, AnonymousAuthenticationFilter, SessionManagementFilter, ExceptionTranslationFilter, AuthorizationFilter
2026-07-18 14:52:53 [main] DEBUG o.s.w.s.m.m.a.RequestMappingHandlerAdapter - ControllerAdvice beans: 0 @ModelAttribute, 0 @InitBinder, 1 RequestBodyAdvice, 1 ResponseBodyAdvice
2026-07-18 14:52:53 [main] DEBUG o.s.w.s.m.m.a.ExceptionHandlerExceptionResolver - ControllerAdvice beans: 2 @ExceptionHandler, 1 ResponseBodyAdvice
2026-07-18 14:52:53 [main] DEBUG c.e.a.s.JwtAuthenticationFilter - Filter 'jwtAuthenticationFilter' configured for use
2026-07-18 14:52:53 [main] INFO  o.s.b.t.m.w.SpringBootMockServletContext - Initializing Spring TestDispatcherServlet ''
2026-07-18 14:52:53 [main] INFO  o.s.t.w.s.TestDispatcherServlet - Initializing Servlet ''
2026-07-18 14:52:53 [main] INFO  o.s.t.w.s.TestDispatcherServlet - Completed initialization in 2 ms
2026-07-18 14:52:53 [main] INFO  c.ecommerce.CategoriaControllerTest - Started CategoriaControllerTest in 3.14 seconds (process running for 34.981)
2026-07-18 14:52:53 [main] WARN  o.s.c.events.SpringDocAppInitializer - SpringDoc /v3/api-docs endpoint is enabled by default. To disable it in production, set the property 'springdoc.api-docs.enabled=false'
2026-07-18 14:52:53 [main] DEBUG o.s.security.web.FilterChainProxy - Securing GET /categorias/999
2026-07-18 14:52:53 [main] DEBUG o.s.security.web.FilterChainProxy - Secured GET /categorias/999
2026-07-18 14:52:53 [main] DEBUG o.s.w.s.m.m.a.RequestMappingHandlerMapping - Mapped to com.ecommerce.api.controller.CategoriaController#obter(Long)
2026-07-18 14:52:53 [main] DEBUG o.s.w.s.m.m.a.ExceptionHandlerExceptionResolver - Using @ExceptionHandler com.ecommerce.api.exception.GlobalExceptionHandler#handleRecursoNaoEncontrado(RecursoNaoEncontradoException, WebRequest)
2026-07-18 14:52:53 [main] ERROR c.e.a.e.GlobalExceptionHandler - Recurso não encontrado: Categoria não encontrada
2026-07-18 14:52:53 [main] DEBUG o.s.w.s.m.m.a.HttpEntityMethodProcessor - Using 'application/json', given [*/*] and supported [application/json, application/*+json, application/yaml]
2026-07-18 14:52:53 [main] DEBUG o.s.w.s.m.m.a.HttpEntityMethodProcessor - Writing [ErrorResponse(timestamp=2026-07-18T14:52:53.759836600, status=404, erro=Recurso não encontrado, mens (truncated)...]
2026-07-18 14:52:53 [main] DEBUG o.s.w.s.m.m.a.ExceptionHandlerExceptionResolver - Resolved [com.ecommerce.api.exception.RecursoNaoEncontradoException: Categoria não encontrada]
2026-07-18 14:52:53 [main] DEBUG o.s.security.web.FilterChainProxy - Securing POST /categorias
2026-07-18 14:52:53 [main] DEBUG o.s.security.web.FilterChainProxy - Secured POST /categorias
2026-07-18 14:52:53 [main] DEBUG o.s.w.s.m.m.a.RequestMappingHandlerMapping - Mapped to com.ecommerce.api.controller.CategoriaController#criar(CategoriaDTO)
2026-07-18 14:52:53 [main] DEBUG o.s.w.s.m.m.a.RequestResponseBodyMethodProcessor - Read "application/json;charset=UTF-8" to [CategoriaDTO(id=1, nome=Eletrônicos, descricao=Produtos eletrônicos, ativo=true)]
2026-07-18 14:52:53 [main] DEBUG o.s.w.s.m.m.a.HttpEntityMethodProcessor - Using 'application/json', given [*/*] and supported [application/json, application/*+json, application/yaml]
2026-07-18 14:52:53 [main] DEBUG o.s.w.s.m.m.a.HttpEntityMethodProcessor - Writing [CategoriaDTO(id=1, nome=Eletrônicos, descricao=Produtos eletrônicos, ativo=true)]
2026-07-18 14:52:53 [main] DEBUG o.s.security.web.FilterChainProxy - Securing GET /categorias/1
2026-07-18 14:52:53 [main] DEBUG o.s.security.web.FilterChainProxy - Secured GET /categorias/1
2026-07-18 14:52:53 [main] DEBUG o.s.w.s.m.m.a.RequestMappingHandlerMapping - Mapped to com.ecommerce.api.controller.CategoriaController#obter(Long)
2026-07-18 14:52:53 [main] DEBUG o.s.w.s.m.m.a.HttpEntityMethodProcessor - Using 'application/json', given [*/*] and supported [application/json, application/*+json, application/yaml]
2026-07-18 14:52:53 [main] DEBUG o.s.w.s.m.m.a.HttpEntityMethodProcessor - Writing [CategoriaDTO(id=1, nome=Eletrônicos, descricao=Produtos eletrônicos, ativo=true)]
2026-07-18 14:52:53 [main] DEBUG o.s.security.web.FilterChainProxy - Securing PUT /categorias/1
2026-07-18 14:52:53 [main] DEBUG o.s.security.web.FilterChainProxy - Secured PUT /categorias/1
2026-07-18 14:52:53 [main] DEBUG o.s.w.s.m.m.a.RequestMappingHandlerMapping - Mapped to com.ecommerce.api.controller.CategoriaController#atualizar(Long, CategoriaDTO)
2026-07-18 14:52:53 [main] DEBUG o.s.w.s.m.m.a.RequestResponseBodyMethodProcessor - Read "application/json;charset=UTF-8" to [CategoriaDTO(id=1, nome=Eletrônicos, descricao=Produtos eletrônicos, ativo=true)]
2026-07-18 14:52:53 [main] DEBUG o.s.w.s.m.m.a.HttpEntityMethodProcessor - Using 'application/json', given [*/*] and supported [application/json, application/*+json, application/yaml]
2026-07-18 14:52:53 [main] DEBUG o.s.w.s.m.m.a.HttpEntityMethodProcessor - Writing [CategoriaDTO(id=1, nome=Eletrônicos, descricao=Produtos eletrônicos, ativo=true)]
2026-07-18 14:52:54 [main] DEBUG o.s.security.web.FilterChainProxy - Securing DELETE /categorias/1
2026-07-18 14:52:54 [main] DEBUG o.s.security.web.FilterChainProxy - Secured DELETE /categorias/1
2026-07-18 14:52:54 [main] DEBUG o.s.w.s.m.m.a.RequestMappingHandlerMapping - Mapped to com.ecommerce.api.controller.CategoriaController#deletar(Long)
2026-07-18 14:52:54 [main] DEBUG o.s.w.s.m.m.a.HttpEntityMethodProcessor - Using 'application/json', given [*/*] and supported [application/json, application/*+json, application/yaml]
2026-07-18 14:52:54 [main] DEBUG o.s.w.s.m.m.a.HttpEntityMethodProcessor - Nothing to write: null body
2026-07-18 14:52:54 [main] DEBUG o.s.security.web.FilterChainProxy - Securing GET /categorias
2026-07-18 14:52:54 [main] DEBUG o.s.security.web.FilterChainProxy - Secured GET /categorias
2026-07-18 14:52:54 [main] DEBUG o.s.w.s.m.m.a.RequestMappingHandlerMapping - Mapped to com.ecommerce.api.controller.CategoriaController#listar()
2026-07-18 14:52:54 [main] DEBUG o.s.w.s.m.m.a.HttpEntityMethodProcessor - Using 'application/json', given [*/*] and supported [application/json, application/*+json, application/yaml]
2026-07-18 14:52:54 [main] DEBUG o.s.w.s.m.m.a.HttpEntityMethodProcessor - Writing [[CategoriaDTO(id=1, nome=Eletrônicos, descricao=Produtos eletrônicos, ativo=true)]]
2026-07-18 14:52:55 [main] INFO  o.s.t.c.s.AnnotationConfigContextLoaderUtils - Could not detect default configuration classes for test class [com.ecommerce.ClienteControllerTest]: ClienteControllerTest does not declare any static, non-private, non-final, nested classes annotated with @Configuration.
2026-07-18 14:52:55 [main] INFO  o.s.b.t.c.SpringBootTestContextBootstrapper - Found @SpringBootConfiguration com.ecommerce.Application for test class com.ecommerce.ClienteControllerTest
2026-07-18 14:52:55 [main] INFO  o.s.b.d.r.RestartApplicationListener - Restart disabled due to context in which it is running
2026-07-18 14:52:55 [main] INFO  com.ecommerce.ClienteControllerTest - Starting ClienteControllerTest using Java 25.0.2 with PID 22612 (started by PabloBezerradaSilva in C:\Users\PabloBezerradaSilva\Documents\Java\fourcamp26-pablosilva\ecommerce-api)
2026-07-18 14:52:55 [main] DEBUG com.ecommerce.ClienteControllerTest - Running with Spring Boot v3.5.16, Spring v6.2.19
2026-07-18 14:52:55 [main] INFO  com.ecommerce.ClienteControllerTest - No active profile set, falling back to 1 default profile: "default"
2026-07-18 14:52:55 [main] DEBUG o.s.w.c.s.GenericWebApplicationContext - Refreshing org.springframework.web.context.support.GenericWebApplicationContext@61e83eb1
2026-07-18 14:52:55 [main] INFO  o.s.d.r.c.RepositoryConfigurationDelegate - Bootstrapping Spring Data JPA repositories in DEFAULT mode.
2026-07-18 14:52:55 [main] INFO  o.s.d.r.c.RepositoryConfigurationDelegate - Finished Spring Data repository scanning in 56 ms. Found 6 JPA repository interfaces.
2026-07-18 14:52:56 [main] INFO  o.h.jpa.internal.util.LogHelper - HHH000204: Processing PersistenceUnitInfo [name: default]
2026-07-18 14:52:56 [main] INFO  o.h.c.i.RegionFactoryInitiator - HHH000026: Second-level cache disabled
2026-07-18 14:52:56 [main] INFO  o.s.o.j.p.SpringPersistenceUnitInfo - No LoadTimeWeaver setup: ignoring JPA class transformer
2026-07-18 14:52:56 [main] INFO  com.zaxxer.hikari.HikariDataSource - HikariPool-3 - Starting...
2026-07-18 14:52:56 [main] INFO  com.zaxxer.hikari.pool.HikariPool - HikariPool-3 - Added connection conn20: url=jdbc:h2:mem:ecommercedb user=SA
2026-07-18 14:52:56 [main] INFO  com.zaxxer.hikari.HikariDataSource - HikariPool-3 - Start completed.
2026-07-18 14:52:56 [main] WARN  org.hibernate.orm.deprecation - HHH90000025: H2Dialect does not need to be specified explicitly using 'hibernate.dialect' (remove the property setting and it will be selected by default)
2026-07-18 14:52:56 [main] INFO  o.hibernate.orm.connections.pooling - HHH10001005: Database info:
	Database JDBC URL [Connecting through datasource 'HikariDataSource (HikariPool-3)']
	Database driver: undefined/unknown
	Database version: 2.3.232
	Autocommit mode: undefined/unknown
	Isolation level: undefined/unknown
	Minimum pool size: undefined/unknown
	Maximum pool size: undefined/unknown
2026-07-18 14:52:56 [main] INFO  o.h.e.t.j.p.i.JtaPlatformInitiator - HHH000489: No JTA platform available (set 'hibernate.transaction.jta.platform' to enable JTA platform integration)
2026-07-18 14:52:56 [main] DEBUG org.hibernate.SQL - 
    drop table if exists categorias cascade 
2026-07-18 14:52:56 [main] DEBUG org.hibernate.SQL - 
    drop table if exists clientes cascade 
2026-07-18 14:52:56 [main] DEBUG org.hibernate.SQL - 
    drop table if exists itens_pedido cascade 
2026-07-18 14:52:56 [main] DEBUG org.hibernate.SQL - 
    drop table if exists pagamentos cascade 
2026-07-18 14:52:56 [main] DEBUG org.hibernate.SQL - 
    drop table if exists pedidos cascade 
2026-07-18 14:52:56 [main] DEBUG org.hibernate.SQL - 
    drop table if exists produtos cascade 
2026-07-18 14:52:56 [main] DEBUG org.hibernate.SQL - 
    drop table if exists usuarios cascade 
2026-07-18 14:52:56 [main] DEBUG org.hibernate.SQL - 
    create table categorias (
        ativo boolean not null,
        id bigint generated by default as identity,
        nome varchar(100) not null,
        descricao TEXT,
        primary key (id)
    )
2026-07-18 14:52:56 [main] DEBUG org.hibernate.SQL - 
    create table clientes (
        ativo boolean not null,
        data_atualizacao timestamp(6),
        data_criacao timestamp(6) not null,
        id bigint generated by default as identity,
        cpf varchar(11) not null unique,
        telefone varchar(20),
        email varchar(255) not null unique,
        endereco TEXT,
        nome varchar(255) not null,
        primary key (id)
    )
2026-07-18 14:52:56 [main] DEBUG org.hibernate.SQL - 
    create table itens_pedido (
        preco_unitario numeric(10,2) not null,
        quantidade integer not null,
        id bigint generated by default as identity,
        pedido_id bigint not null,
        produto_id bigint not null,
        primary key (id)
    )
2026-07-18 14:52:56 [main] DEBUG org.hibernate.SQL - 
    create table pagamentos (
        valor float(53) not null,
        data_criacao timestamp(6) not null,
        id bigint generated by default as identity,
        pedido_id bigint not null,
        metodo varchar(50) not null,
        status enum ('APROVADO','PENDENTE','RECUSADO','REEMBOLSADO') not null,
        primary key (id)
    )
2026-07-18 14:52:56 [main] DEBUG org.hibernate.SQL - 
    create table pedidos (
        total float(53) not null,
        cliente_id bigint not null,
        data_atualizacao timestamp(6),
        data_criacao timestamp(6) not null,
        id bigint generated by default as identity,
        status enum ('CANCELADO','CONFIRMADO','ENTREGUE','ENVIADO','PENDENTE') not null,
        primary key (id)
    )
2026-07-18 14:52:56 [main] DEBUG org.hibernate.SQL - 
    create table produtos (
        ativo boolean not null,
        estoque integer not null,
        preco numeric(38,2) not null,
        categoria_id bigint not null,
        id bigint generated by default as identity,
        descricao TEXT,
        nome varchar(255) not null,
        primary key (id)
    )
2026-07-18 14:52:56 [main] DEBUG org.hibernate.SQL - 
    create table usuarios (
        ativo boolean not null,
        id bigint generated by default as identity,
        email varchar(255) not null unique,
        nome varchar(255) not null,
        senha varchar(255) not null,
        papel enum ('ADMIN','USER') not null,
        primary key (id)
    )
2026-07-18 14:52:56 [main] DEBUG org.hibernate.SQL - 
    alter table if exists itens_pedido 
       add constraint FK42mycompce3b7yt3l6ukdwsxy 
       foreign key (pedido_id) 
       references pedidos
2026-07-18 14:52:56 [main] DEBUG org.hibernate.SQL - 
    alter table if exists itens_pedido 
       add constraint FKxytdlekpdaobqphujy9bmuhl 
       foreign key (produto_id) 
       references produtos
2026-07-18 14:52:56 [main] DEBUG org.hibernate.SQL - 
    alter table if exists pagamentos 
       add constraint FKb0dh6865y8h4irwdrl4ici3kl 
       foreign key (pedido_id) 
       references pedidos
2026-07-18 14:52:56 [main] DEBUG org.hibernate.SQL - 
    alter table if exists pedidos 
       add constraint FKg7202lk0hwxn04bmdl2thth5b 
       foreign key (cliente_id) 
       references clientes
2026-07-18 14:52:56 [main] DEBUG org.hibernate.SQL - 
    alter table if exists produtos 
       add constraint FK8rqw0ljwdaom34jr2t46bjtrn 
       foreign key (categoria_id) 
       references categorias
2026-07-18 14:52:56 [main] INFO  o.s.o.j.LocalContainerEntityManagerFactoryBean - Initialized JPA EntityManagerFactory for persistence unit 'default'
2026-07-18 14:52:56 [main] DEBUG o.s.w.s.m.m.a.RequestMappingHandlerMapping - 41 mappings in 'requestMappingHandlerMapping'
2026-07-18 14:52:56 [main] DEBUG o.s.w.s.h.SimpleUrlHandlerMapping - Patterns [/h2-console] in 'viewControllerHandlerMapping'
2026-07-18 14:52:56 [main] DEBUG o.s.w.s.h.SimpleUrlHandlerMapping - Patterns [/webjars/**, /**, /swagger-ui/**, /swagger-ui/*swagger-initializer.js, /webjars/*swagger-ui/**, /webjars/*swagger-ui/*swagger-initializer.js, /webjars/*swagger-ui/5.32.2/*swagger-initializer.js] in 'resourceHandlerMapping'
2026-07-18 14:52:56 [main] DEBUG o.s.s.c.a.a.c.AuthenticationConfiguration$DefaultPasswordEncoderAuthenticationManagerBuilder - No authenticationProviders and no parentAuthenticationManager defined. Returning null.
2026-07-18 14:52:56 [main] DEBUG o.s.s.web.DefaultSecurityFilterChain - Will secure any request with filters: DisableEncodeUrlFilter, WebAsyncManagerIntegrationFilter, SecurityContextHolderFilter, HeaderWriterFilter, LogoutFilter, JwtAuthenticationFilter, RequestCacheAwareFilter, SecurityContextHolderAwareRequestFilter, AnonymousAuthenticationFilter, SessionManagementFilter, ExceptionTranslationFilter, AuthorizationFilter
2026-07-18 14:52:57 [main] DEBUG o.s.w.s.m.m.a.RequestMappingHandlerAdapter - ControllerAdvice beans: 0 @ModelAttribute, 0 @InitBinder, 1 RequestBodyAdvice, 1 ResponseBodyAdvice
2026-07-18 14:52:57 [main] DEBUG o.s.w.s.m.m.a.ExceptionHandlerExceptionResolver - ControllerAdvice beans: 2 @ExceptionHandler, 1 ResponseBodyAdvice
2026-07-18 14:52:57 [main] DEBUG c.e.a.s.JwtAuthenticationFilter - Filter 'jwtAuthenticationFilter' configured for use
2026-07-18 14:52:57 [main] INFO  o.s.b.t.m.w.SpringBootMockServletContext - Initializing Spring TestDispatcherServlet ''
2026-07-18 14:52:57 [main] INFO  o.s.t.w.s.TestDispatcherServlet - Initializing Servlet ''
2026-07-18 14:52:57 [main] INFO  o.s.t.w.s.TestDispatcherServlet - Completed initialization in 1 ms
2026-07-18 14:52:57 [main] INFO  com.ecommerce.ClienteControllerTest - Started ClienteControllerTest in 2.137 seconds (process running for 38.532)
2026-07-18 14:52:57 [main] WARN  o.s.c.events.SpringDocAppInitializer - SpringDoc /v3/api-docs endpoint is enabled by default. To disable it in production, set the property 'springdoc.api-docs.enabled=false'
2026-07-18 14:52:57 [main] DEBUG o.s.security.web.FilterChainProxy - Securing GET /clientes/999
2026-07-18 14:52:57 [main] DEBUG o.s.security.web.FilterChainProxy - Secured GET /clientes/999
2026-07-18 14:52:57 [main] DEBUG o.s.w.s.m.m.a.RequestMappingHandlerMapping - Mapped to com.ecommerce.api.controller.ClienteController#obter(Long)
2026-07-18 14:52:57 [main] DEBUG o.s.w.s.m.m.a.ExceptionHandlerExceptionResolver - Using @ExceptionHandler com.ecommerce.api.exception.GlobalExceptionHandler#handleRecursoNaoEncontrado(RecursoNaoEncontradoException, WebRequest)
2026-07-18 14:52:57 [main] ERROR c.e.a.e.GlobalExceptionHandler - Recurso não encontrado: Cliente não encontrado
2026-07-18 14:52:57 [main] DEBUG o.s.w.s.m.m.a.HttpEntityMethodProcessor - Using 'application/json', given [*/*] and supported [application/json, application/*+json, application/yaml]
2026-07-18 14:52:57 [main] DEBUG o.s.w.s.m.m.a.HttpEntityMethodProcessor - Writing [ErrorResponse(timestamp=2026-07-18T14:52:57.237537900, status=404, erro=Recurso não encontrado, mens (truncated)...]
2026-07-18 14:52:57 [main] DEBUG o.s.w.s.m.m.a.ExceptionHandlerExceptionResolver - Resolved [com.ecommerce.api.exception.RecursoNaoEncontradoException: Cliente não encontrado]
2026-07-18 14:52:57 [main] DEBUG o.s.security.web.FilterChainProxy - Securing POST /clientes
2026-07-18 14:52:57 [main] DEBUG o.s.security.web.FilterChainProxy - Secured POST /clientes
2026-07-18 14:52:57 [main] DEBUG o.s.w.s.m.m.a.RequestMappingHandlerMapping - Mapped to com.ecommerce.api.controller.ClienteController#criar(ClienteDTO)
2026-07-18 14:52:57 [main] DEBUG o.s.w.s.m.m.a.RequestResponseBodyMethodProcessor - Read "application/json;charset=UTF-8" to [ClienteDTO(id=1, nome=João Silva, cpf=12345678901, email=joao@example.com, telefone=null, endereco=n (truncated)...]
2026-07-18 14:52:57 [main] DEBUG o.s.w.s.m.m.a.HttpEntityMethodProcessor - Using 'application/json', given [*/*] and supported [application/json, application/*+json, application/yaml]
2026-07-18 14:52:57 [main] DEBUG o.s.w.s.m.m.a.HttpEntityMethodProcessor - Writing [ClienteDTO(id=1, nome=João Silva, cpf=12345678901, email=joao@example.com, telefone=null, endereco=n (truncated)...]
2026-07-18 14:52:57 [main] DEBUG o.s.security.web.FilterChainProxy - Securing GET /clientes/1
2026-07-18 14:52:57 [main] DEBUG o.s.security.web.FilterChainProxy - Secured GET /clientes/1
2026-07-18 14:52:57 [main] DEBUG o.s.w.s.m.m.a.RequestMappingHandlerMapping - Mapped to com.ecommerce.api.controller.ClienteController#obter(Long)
2026-07-18 14:52:57 [main] DEBUG o.s.w.s.m.m.a.HttpEntityMethodProcessor - Using 'application/json', given [*/*] and supported [application/json, application/*+json, application/yaml]
2026-07-18 14:52:57 [main] DEBUG o.s.w.s.m.m.a.HttpEntityMethodProcessor - Writing [ClienteDTO(id=1, nome=João Silva, cpf=12345678901, email=joao@example.com, telefone=null, endereco=n (truncated)...]
2026-07-18 14:52:57 [main] DEBUG o.s.security.web.FilterChainProxy - Securing PUT /clientes/1
2026-07-18 14:52:57 [main] DEBUG o.s.security.web.FilterChainProxy - Secured PUT /clientes/1
2026-07-18 14:52:57 [main] DEBUG o.s.w.s.m.m.a.RequestMappingHandlerMapping - Mapped to com.ecommerce.api.controller.ClienteController#atualizar(Long, ClienteDTO)
2026-07-18 14:52:57 [main] DEBUG o.s.w.s.m.m.a.RequestResponseBodyMethodProcessor - Read "application/json;charset=UTF-8" to [ClienteDTO(id=1, nome=João Silva, cpf=12345678901, email=joao@example.com, telefone=null, endereco=n (truncated)...]
2026-07-18 14:52:57 [main] DEBUG o.s.w.s.m.m.a.HttpEntityMethodProcessor - Using 'application/json', given [*/*] and supported [application/json, application/*+json, application/yaml]
2026-07-18 14:52:57 [main] DEBUG o.s.w.s.m.m.a.HttpEntityMethodProcessor - Writing [ClienteDTO(id=1, nome=João Silva, cpf=12345678901, email=joao@example.com, telefone=null, endereco=n (truncated)...]
2026-07-18 14:52:57 [main] DEBUG o.s.security.web.FilterChainProxy - Securing DELETE /clientes/1
2026-07-18 14:52:57 [main] DEBUG o.s.security.web.FilterChainProxy - Secured DELETE /clientes/1
2026-07-18 14:52:57 [main] DEBUG o.s.w.s.m.m.a.RequestMappingHandlerMapping - Mapped to com.ecommerce.api.controller.ClienteController#deletar(Long)
2026-07-18 14:52:57 [main] DEBUG o.s.w.s.m.m.a.HttpEntityMethodProcessor - Using 'application/json', given [*/*] and supported [application/json, application/*+json, application/yaml]
2026-07-18 14:52:57 [main] DEBUG o.s.w.s.m.m.a.HttpEntityMethodProcessor - Nothing to write: null body
2026-07-18 14:52:57 [main] DEBUG o.s.security.web.FilterChainProxy - Securing GET /clientes
2026-07-18 14:52:57 [main] DEBUG o.s.security.web.FilterChainProxy - Secured GET /clientes
2026-07-18 14:52:57 [main] DEBUG o.s.w.s.m.m.a.RequestMappingHandlerMapping - Mapped to com.ecommerce.api.controller.ClienteController#listar()
2026-07-18 14:52:57 [main] DEBUG o.s.w.s.m.m.a.HttpEntityMethodProcessor - Using 'application/json', given [*/*] and supported [application/json, application/*+json, application/yaml]
2026-07-18 14:52:57 [main] DEBUG o.s.w.s.m.m.a.HttpEntityMethodProcessor - Writing [[ClienteDTO(id=1, nome=João Silva, cpf=12345678901, email=joao@example.com, telefone=null, endereco= (truncated)...]
2026-07-18 14:52:58 [main] ERROR c.e.a.e.GlobalExceptionHandler - Recurso não encontrado: Produto não encontrado
2026-07-18 14:52:58 [main] ERROR c.e.a.e.GlobalExceptionHandler - Erro de validação: {nome=não pode estar em branco}
2026-07-18 14:52:58 [main] ERROR c.e.a.e.GlobalExceptionHandler - Erro interno do servidor
java.lang.RuntimeException: Algo inesperado aconteceu
	at com.ecommerce.GlobalExceptionHandlerTest.testHandleGlobalException(GlobalExceptionHandlerTest.java:88)
	at java.base/jdk.internal.reflect.DirectMethodHandleAccessor.invoke(DirectMethodHandleAccessor.java:104)
	at java.base/java.lang.reflect.Method.invoke(Method.java:565)
	at org.junit.platform.commons.util.ReflectionUtils.invokeMethod(ReflectionUtils.java:775)
	at org.junit.platform.commons.support.ReflectionSupport.invokeMethod(ReflectionSupport.java:479)
	at org.junit.jupiter.engine.execution.MethodInvocation.proceed(MethodInvocation.java:60)
	at org.junit.jupiter.engine.execution.InvocationInterceptorChain$ValidatingInvocation.proceed(InvocationInterceptorChain.java:131)
	at org.junit.jupiter.engine.extension.TimeoutExtension.intercept(TimeoutExtension.java:161)
	at org.junit.jupiter.engine.extension.TimeoutExtension.interceptTestableMethod(TimeoutExtension.java:152)
	at org.junit.jupiter.engine.extension.TimeoutExtension.interceptTestMethod(TimeoutExtension.java:91)
	at org.junit.jupiter.engine.execution.InterceptingExecutableInvoker$ReflectiveInterceptorCall.lambda$ofVoidMethod$0(InterceptingExecutableInvoker.java:112)
	at org.junit.jupiter.engine.execution.InterceptingExecutableInvoker.lambda$invoke$0(InterceptingExecutableInvoker.java:94)
	at org.junit.jupiter.engine.execution.InvocationInterceptorChain$InterceptedInvocation.proceed(InvocationInterceptorChain.java:106)
	at org.junit.jupiter.engine.execution.InvocationInterceptorChain.proceed(InvocationInterceptorChain.java:64)
	at org.junit.jupiter.engine.execution.InvocationInterceptorChain.chainAndInvoke(InvocationInterceptorChain.java:45)
	at org.junit.jupiter.engine.execution.InvocationInterceptorChain.invoke(InvocationInterceptorChain.java:37)
	at org.junit.jupiter.engine.execution.InterceptingExecutableInvoker.invoke(InterceptingExecutableInvoker.java:93)
	at org.junit.jupiter.engine.execution.InterceptingExecutableInvoker.invoke(InterceptingExecutableInvoker.java:87)
	at org.junit.jupiter.engine.descriptor.TestMethodTestDescriptor.lambda$invokeTestMethod$7(TestMethodTestDescriptor.java:216)
	at org.junit.platform.engine.support.hierarchical.ThrowableCollector.execute(ThrowableCollector.java:73)
	at org.junit.jupiter.engine.descriptor.TestMethodTestDescriptor.invokeTestMethod(TestMethodTestDescriptor.java:212)
	at org.junit.jupiter.engine.descriptor.TestMethodTestDescriptor.execute(TestMethodTestDescriptor.java:137)
	at org.junit.jupiter.engine.descriptor.TestMethodTestDescriptor.execute(TestMethodTestDescriptor.java:69)
	at org.junit.platform.engine.support.hierarchical.NodeTestTask.lambda$executeRecursively$6(NodeTestTask.java:156)
	at org.junit.platform.engine.support.hierarchical.ThrowableCollector.execute(ThrowableCollector.java:73)
	at org.junit.platform.engine.support.hierarchical.NodeTestTask.lambda$executeRecursively$8(NodeTestTask.java:146)
	at org.junit.platform.engine.support.hierarchical.Node.around(Node.java:137)
	at org.junit.platform.engine.support.hierarchical.NodeTestTask.lambda$executeRecursively$9(NodeTestTask.java:144)
	at org.junit.platform.engine.support.hierarchical.ThrowableCollector.execute(ThrowableCollector.java:73)
	at org.junit.platform.engine.support.hierarchical.NodeTestTask.executeRecursively(NodeTestTask.java:143)
	at org.junit.platform.engine.support.hierarchical.NodeTestTask.execute(NodeTestTask.java:100)
	at java.base/java.util.ArrayList.forEach(ArrayList.java:1604)
	at org.junit.platform.engine.support.hierarchical.SameThreadHierarchicalTestExecutorService.invokeAll(SameThreadHierarchicalTestExecutorService.java:41)
	at org.junit.platform.engine.support.hierarchical.NodeTestTask.lambda$executeRecursively$6(NodeTestTask.java:160)
	at org.junit.platform.engine.support.hierarchical.ThrowableCollector.execute(ThrowableCollector.java:73)
	at org.junit.platform.engine.support.hierarchical.NodeTestTask.lambda$executeRecursively$8(NodeTestTask.java:146)
	at org.junit.platform.engine.support.hierarchical.Node.around(Node.java:137)
	at org.junit.platform.engine.support.hierarchical.NodeTestTask.lambda$executeRecursively$9(NodeTestTask.java:144)
	at org.junit.platform.engine.support.hierarchical.ThrowableCollector.execute(ThrowableCollector.java:73)
	at org.junit.platform.engine.support.hierarchical.NodeTestTask.executeRecursively(NodeTestTask.java:143)
	at org.junit.platform.engine.support.hierarchical.NodeTestTask.execute(NodeTestTask.java:100)
	at java.base/java.util.ArrayList.forEach(ArrayList.java:1604)
	at org.junit.platform.engine.support.hierarchical.SameThreadHierarchicalTestExecutorService.invokeAll(SameThreadHierarchicalTestExecutorService.java:41)
	at org.junit.platform.engine.support.hierarchical.NodeTestTask.lambda$executeRecursively$6(NodeTestTask.java:160)
	at org.junit.platform.engine.support.hierarchical.ThrowableCollector.execute(ThrowableCollector.java:73)
	at org.junit.platform.engine.support.hierarchical.NodeTestTask.lambda$executeRecursively$8(NodeTestTask.java:146)
	at org.junit.platform.engine.support.hierarchical.Node.around(Node.java:137)
	at org.junit.platform.engine.support.hierarchical.NodeTestTask.lambda$executeRecursively$9(NodeTestTask.java:144)
	at org.junit.platform.engine.support.hierarchical.ThrowableCollector.execute(ThrowableCollector.java:73)
	at org.junit.platform.engine.support.hierarchical.NodeTestTask.executeRecursively(NodeTestTask.java:143)
	at org.junit.platform.engine.support.hierarchical.NodeTestTask.execute(NodeTestTask.java:100)
	at org.junit.platform.engine.support.hierarchical.SameThreadHierarchicalTestExecutorService.submit(SameThreadHierarchicalTestExecutorService.java:35)
	at org.junit.platform.engine.support.hierarchical.HierarchicalTestExecutor.execute(HierarchicalTestExecutor.java:57)
	at org.junit.platform.engine.support.hierarchical.HierarchicalTestEngine.execute(HierarchicalTestEngine.java:54)
	at org.junit.platform.launcher.core.EngineExecutionOrchestrator.execute(EngineExecutionOrchestrator.java:201)
	at org.junit.platform.launcher.core.EngineExecutionOrchestrator.execute(EngineExecutionOrchestrator.java:170)
	at org.junit.platform.launcher.core.EngineExecutionOrchestrator.execute(EngineExecutionOrchestrator.java:94)
	at org.junit.platform.launcher.core.EngineExecutionOrchestrator.lambda$execute$0(EngineExecutionOrchestrator.java:59)
	at org.junit.platform.launcher.core.EngineExecutionOrchestrator.withInterceptedStreams(EngineExecutionOrchestrator.java:142)
	at org.junit.platform.launcher.core.EngineExecutionOrchestrator.execute(EngineExecutionOrchestrator.java:58)
	at org.junit.platform.launcher.core.DefaultLauncher.execute(DefaultLauncher.java:103)
	at org.junit.platform.launcher.core.DefaultLauncher.execute(DefaultLauncher.java:85)
	at org.junit.platform.launcher.core.DelegatingLauncher.execute(DelegatingLauncher.java:47)
	at org.junit.platform.launcher.core.InterceptingLauncher.lambda$execute$1(InterceptingLauncher.java:39)
	at org.junit.platform.launcher.core.ClasspathAlignmentCheckingLauncherInterceptor.intercept(ClasspathAlignmentCheckingLauncherInterceptor.java:25)
	at org.junit.platform.launcher.core.InterceptingLauncher.execute(InterceptingLauncher.java:38)
	at org.junit.platform.launcher.core.DelegatingLauncher.execute(DelegatingLauncher.java:47)
	at org.apache.maven.surefire.junitplatform.LazyLauncher.execute(LazyLauncher.java:56)
	at org.apache.maven.surefire.junitplatform.JUnitPlatformProvider.execute(JUnitPlatformProvider.java:184)
	at org.apache.maven.surefire.junitplatform.JUnitPlatformProvider.invokeAllTests(JUnitPlatformProvider.java:148)
	at org.apache.maven.surefire.junitplatform.JUnitPlatformProvider.invoke(JUnitPlatformProvider.java:122)
	at org.apache.maven.surefire.booter.ForkedBooter.runSuitesInProcess(ForkedBooter.java:385)
	at org.apache.maven.surefire.booter.ForkedBooter.execute(ForkedBooter.java:162)
	at org.apache.maven.surefire.booter.ForkedBooter.run(ForkedBooter.java:507)
	at org.apache.maven.surefire.booter.ForkedBooter.main(ForkedBooter.java:495)
2026-07-18 14:52:58 [main] ERROR c.e.a.e.GlobalExceptionHandler - Argumento inválido: Email já cadastrado
2026-07-18 14:52:58 [main] DEBUG c.ecommerce.api.security.JwtProvider - Gerando token JWT para usuário: usuario@teste.com
2026-07-18 14:52:59 [main] WARN  c.ecommerce.api.security.JwtProvider - Erro ao verificar expiração do token: Malformed protected header JSON: Unable to deserialize: Unexpected character ('�' (code 65533 / 0xfffd)): expected a valid value (JSON String, Number, Array, Object or token 'null', 'true' or 'false')
 at [Source: REDACTED (`StreamReadFeature.INCLUDE_SOURCE_IN_LOCATION` disabled); line: 1, column: 1]
2026-07-18 14:52:59 [main] DEBUG c.ecommerce.api.security.JwtProvider - Gerando token JWT para usuário: usuario@teste.com
2026-07-18 14:52:59 [main] WARN  c.ecommerce.api.security.JwtProvider - Token JWT inválido: Malformed protected header JSON: Unable to deserialize: Unexpected character ('�' (code 65533 / 0xfffd)): expected a valid value (JSON String, Number, Array, Object or token 'null', 'true' or 'false')
 at [Source: REDACTED (`StreamReadFeature.INCLUDE_SOURCE_IN_LOCATION` disabled); line: 1, column: 1]
2026-07-18 14:52:59 [main] DEBUG c.ecommerce.api.security.JwtProvider - Gerando token JWT para usuário: usuario@teste.com
2026-07-18 14:52:59 [main] ERROR c.ecommerce.api.security.JwtProvider - Erro ao extrair userId do token: Invalid compact JWT string: Compact JWSs must contain exactly 2 period characters, and compact JWEs must contain exactly 4.  Found: 0
2026-07-18 14:52:59 [main] DEBUG c.ecommerce.api.security.JwtProvider - Gerando token JWT para usuário: usuario@teste.com
2026-07-18 14:52:59 [main] WARN  c.ecommerce.api.security.JwtProvider - Erro ao verificar expiração do token: JWT expired 1097 milliseconds ago at 2026-07-18T17:52:58.000Z. Current time: 2026-07-18T17:52:59.097Z. Allowed clock skew: 0 milliseconds.
2026-07-18 14:52:59 [main] DEBUG c.ecommerce.api.security.JwtProvider - Gerando token JWT para usuário: usuario@teste.com
2026-07-18 14:52:59 [main] DEBUG c.ecommerce.api.security.JwtProvider - Token JWT válido
2026-07-18 14:52:59 [main] DEBUG c.ecommerce.api.security.JwtProvider - Gerando token JWT para usuário: usuario@teste.com
2026-07-18 14:52:59 [main] ERROR c.ecommerce.api.security.JwtProvider - Erro ao extrair email do token: Invalid compact JWT string: Compact JWSs must contain exactly 2 period characters, and compact JWEs must contain exactly 4.  Found: 0
2026-07-18 14:52:59 [main] INFO  o.s.t.c.s.AnnotationConfigContextLoaderUtils - Could not detect default configuration classes for test class [com.ecommerce.PagamentoControllerTest]: PagamentoControllerTest does not declare any static, non-private, non-final, nested classes annotated with @Configuration.
2026-07-18 14:52:59 [main] INFO  o.s.b.t.c.SpringBootTestContextBootstrapper - Found @SpringBootConfiguration com.ecommerce.Application for test class com.ecommerce.PagamentoControllerTest
2026-07-18 14:52:59 [main] INFO  o.s.b.d.r.RestartApplicationListener - Restart disabled due to context in which it is running
2026-07-18 14:52:59 [main] INFO  c.ecommerce.PagamentoControllerTest - Starting PagamentoControllerTest using Java 25.0.2 with PID 22612 (started by PabloBezerradaSilva in C:\Users\PabloBezerradaSilva\Documents\Java\fourcamp26-pablosilva\ecommerce-api)
2026-07-18 14:52:59 [main] DEBUG c.ecommerce.PagamentoControllerTest - Running with Spring Boot v3.5.16, Spring v6.2.19
2026-07-18 14:52:59 [main] INFO  c.ecommerce.PagamentoControllerTest - No active profile set, falling back to 1 default profile: "default"
2026-07-18 14:52:59 [main] DEBUG o.s.w.c.s.GenericWebApplicationContext - Refreshing org.springframework.web.context.support.GenericWebApplicationContext@680c02e
2026-07-18 14:53:00 [main] INFO  o.s.d.r.c.RepositoryConfigurationDelegate - Bootstrapping Spring Data JPA repositories in DEFAULT mode.
2026-07-18 14:53:00 [main] INFO  o.s.d.r.c.RepositoryConfigurationDelegate - Finished Spring Data repository scanning in 75 ms. Found 6 JPA repository interfaces.
2026-07-18 14:53:00 [main] INFO  o.h.jpa.internal.util.LogHelper - HHH000204: Processing PersistenceUnitInfo [name: default]
2026-07-18 14:53:00 [main] INFO  o.h.c.i.RegionFactoryInitiator - HHH000026: Second-level cache disabled
2026-07-18 14:53:00 [main] INFO  o.s.o.j.p.SpringPersistenceUnitInfo - No LoadTimeWeaver setup: ignoring JPA class transformer
2026-07-18 14:53:00 [main] INFO  com.zaxxer.hikari.HikariDataSource - HikariPool-4 - Starting...
2026-07-18 14:53:00 [main] INFO  com.zaxxer.hikari.pool.HikariPool - HikariPool-4 - Added connection conn30: url=jdbc:h2:mem:ecommercedb user=SA
2026-07-18 14:53:00 [main] INFO  com.zaxxer.hikari.HikariDataSource - HikariPool-4 - Start completed.
2026-07-18 14:53:00 [main] WARN  org.hibernate.orm.deprecation - HHH90000025: H2Dialect does not need to be specified explicitly using 'hibernate.dialect' (remove the property setting and it will be selected by default)
2026-07-18 14:53:00 [main] INFO  o.hibernate.orm.connections.pooling - HHH10001005: Database info:
	Database JDBC URL [Connecting through datasource 'HikariDataSource (HikariPool-4)']
	Database driver: undefined/unknown
	Database version: 2.3.232
	Autocommit mode: undefined/unknown
	Isolation level: undefined/unknown
	Minimum pool size: undefined/unknown
	Maximum pool size: undefined/unknown
2026-07-18 14:53:01 [main] INFO  o.h.e.t.j.p.i.JtaPlatformInitiator - HHH000489: No JTA platform available (set 'hibernate.transaction.jta.platform' to enable JTA platform integration)
2026-07-18 14:53:01 [main] DEBUG org.hibernate.SQL - 
    drop table if exists categorias cascade 
2026-07-18 14:53:01 [main] DEBUG org.hibernate.SQL - 
    drop table if exists clientes cascade 
2026-07-18 14:53:01 [main] DEBUG org.hibernate.SQL - 
    drop table if exists itens_pedido cascade 
2026-07-18 14:53:01 [main] DEBUG org.hibernate.SQL - 
    drop table if exists pagamentos cascade 
2026-07-18 14:53:01 [main] DEBUG org.hibernate.SQL - 
    drop table if exists pedidos cascade 
2026-07-18 14:53:01 [main] DEBUG org.hibernate.SQL - 
    drop table if exists produtos cascade 
2026-07-18 14:53:01 [main] DEBUG org.hibernate.SQL - 
    drop table if exists usuarios cascade 
2026-07-18 14:53:01 [main] DEBUG org.hibernate.SQL - 
    create table categorias (
        ativo boolean not null,
        id bigint generated by default as identity,
        nome varchar(100) not null,
        descricao TEXT,
        primary key (id)
    )
2026-07-18 14:53:01 [main] DEBUG org.hibernate.SQL - 
    create table clientes (
        ativo boolean not null,
        data_atualizacao timestamp(6),
        data_criacao timestamp(6) not null,
        id bigint generated by default as identity,
        cpf varchar(11) not null unique,
        telefone varchar(20),
        email varchar(255) not null unique,
        endereco TEXT,
        nome varchar(255) not null,
        primary key (id)
    )
2026-07-18 14:53:01 [main] DEBUG org.hibernate.SQL - 
    create table itens_pedido (
        preco_unitario numeric(10,2) not null,
        quantidade integer not null,
        id bigint generated by default as identity,
        pedido_id bigint not null,
        produto_id bigint not null,
        primary key (id)
    )
2026-07-18 14:53:01 [main] DEBUG org.hibernate.SQL - 
    create table pagamentos (
        valor float(53) not null,
        data_criacao timestamp(6) not null,
        id bigint generated by default as identity,
        pedido_id bigint not null,
        metodo varchar(50) not null,
        status enum ('APROVADO','PENDENTE','RECUSADO','REEMBOLSADO') not null,
        primary key (id)
    )
2026-07-18 14:53:01 [main] DEBUG org.hibernate.SQL - 
    create table pedidos (
        total float(53) not null,
        cliente_id bigint not null,
        data_atualizacao timestamp(6),
        data_criacao timestamp(6) not null,
        id bigint generated by default as identity,
        status enum ('CANCELADO','CONFIRMADO','ENTREGUE','ENVIADO','PENDENTE') not null,
        primary key (id)
    )
2026-07-18 14:53:01 [main] DEBUG org.hibernate.SQL - 
    create table produtos (
        ativo boolean not null,
        estoque integer not null,
        preco numeric(38,2) not null,
        categoria_id bigint not null,
        id bigint generated by default as identity,
        descricao TEXT,
        nome varchar(255) not null,
        primary key (id)
    )
2026-07-18 14:53:01 [main] DEBUG org.hibernate.SQL - 
    create table usuarios (
        ativo boolean not null,
        id bigint generated by default as identity,
        email varchar(255) not null unique,
        nome varchar(255) not null,
        senha varchar(255) not null,
        papel enum ('ADMIN','USER') not null,
        primary key (id)
    )
2026-07-18 14:53:01 [main] DEBUG org.hibernate.SQL - 
    alter table if exists itens_pedido 
       add constraint FK42mycompce3b7yt3l6ukdwsxy 
       foreign key (pedido_id) 
       references pedidos
2026-07-18 14:53:01 [main] DEBUG org.hibernate.SQL - 
    alter table if exists itens_pedido 
       add constraint FKxytdlekpdaobqphujy9bmuhl 
       foreign key (produto_id) 
       references produtos
2026-07-18 14:53:01 [main] DEBUG org.hibernate.SQL - 
    alter table if exists pagamentos 
       add constraint FKb0dh6865y8h4irwdrl4ici3kl 
       foreign key (pedido_id) 
       references pedidos
2026-07-18 14:53:01 [main] DEBUG org.hibernate.SQL - 
    alter table if exists pedidos 
       add constraint FKg7202lk0hwxn04bmdl2thth5b 
       foreign key (cliente_id) 
       references clientes
2026-07-18 14:53:01 [main] DEBUG org.hibernate.SQL - 
    alter table if exists produtos 
       add constraint FK8rqw0ljwdaom34jr2t46bjtrn 
       foreign key (categoria_id) 
       references categorias
2026-07-18 14:53:01 [main] INFO  o.s.o.j.LocalContainerEntityManagerFactoryBean - Initialized JPA EntityManagerFactory for persistence unit 'default'
2026-07-18 14:53:01 [main] DEBUG o.s.w.s.m.m.a.RequestMappingHandlerMapping - 41 mappings in 'requestMappingHandlerMapping'
2026-07-18 14:53:01 [main] DEBUG o.s.w.s.h.SimpleUrlHandlerMapping - Patterns [/h2-console] in 'viewControllerHandlerMapping'
2026-07-18 14:53:01 [main] DEBUG o.s.w.s.h.SimpleUrlHandlerMapping - Patterns [/webjars/**, /**, /swagger-ui/**, /swagger-ui/*swagger-initializer.js, /webjars/*swagger-ui/**, /webjars/*swagger-ui/*swagger-initializer.js, /webjars/*swagger-ui/5.32.2/*swagger-initializer.js] in 'resourceHandlerMapping'
2026-07-18 14:53:01 [main] DEBUG o.s.s.c.a.a.c.AuthenticationConfiguration$DefaultPasswordEncoderAuthenticationManagerBuilder - No authenticationProviders and no parentAuthenticationManager defined. Returning null.
2026-07-18 14:53:01 [main] DEBUG o.s.s.web.DefaultSecurityFilterChain - Will secure any request with filters: DisableEncodeUrlFilter, WebAsyncManagerIntegrationFilter, SecurityContextHolderFilter, HeaderWriterFilter, LogoutFilter, JwtAuthenticationFilter, RequestCacheAwareFilter, SecurityContextHolderAwareRequestFilter, AnonymousAuthenticationFilter, SessionManagementFilter, ExceptionTranslationFilter, AuthorizationFilter
2026-07-18 14:53:01 [main] DEBUG o.s.w.s.m.m.a.RequestMappingHandlerAdapter - ControllerAdvice beans: 0 @ModelAttribute, 0 @InitBinder, 1 RequestBodyAdvice, 1 ResponseBodyAdvice
2026-07-18 14:53:01 [main] DEBUG o.s.w.s.m.m.a.ExceptionHandlerExceptionResolver - ControllerAdvice beans: 2 @ExceptionHandler, 1 ResponseBodyAdvice
2026-07-18 14:53:01 [main] DEBUG c.e.a.s.JwtAuthenticationFilter - Filter 'jwtAuthenticationFilter' configured for use
2026-07-18 14:53:01 [main] INFO  o.s.b.t.m.w.SpringBootMockServletContext - Initializing Spring TestDispatcherServlet ''
2026-07-18 14:53:01 [main] INFO  o.s.t.w.s.TestDispatcherServlet - Initializing Servlet ''
2026-07-18 14:53:01 [main] INFO  o.s.t.w.s.TestDispatcherServlet - Completed initialization in 2 ms
2026-07-18 14:53:01 [main] INFO  c.ecommerce.PagamentoControllerTest - Started PagamentoControllerTest in 2.65 seconds (process running for 43.207)
2026-07-18 14:53:01 [main] WARN  o.s.c.events.SpringDocAppInitializer - SpringDoc /v3/api-docs endpoint is enabled by default. To disable it in production, set the property 'springdoc.api-docs.enabled=false'
2026-07-18 14:53:01 [main] DEBUG o.s.security.web.FilterChainProxy - Securing GET /pagamentos/999
2026-07-18 14:53:01 [main] DEBUG o.s.security.web.FilterChainProxy - Secured GET /pagamentos/999
2026-07-18 14:53:01 [main] DEBUG o.s.w.s.m.m.a.RequestMappingHandlerMapping - Mapped to com.ecommerce.api.controller.PagamentoController#obterPorId(Long)
2026-07-18 14:53:01 [main] DEBUG o.s.w.s.m.m.a.ExceptionHandlerExceptionResolver - Using @ExceptionHandler com.ecommerce.api.exception.GlobalExceptionHandler#handleRecursoNaoEncontrado(RecursoNaoEncontradoException, WebRequest)
2026-07-18 14:53:01 [main] ERROR c.e.a.e.GlobalExceptionHandler - Recurso não encontrado: Pagamento não encontrado
2026-07-18 14:53:01 [main] DEBUG o.s.w.s.m.m.a.HttpEntityMethodProcessor - Using 'application/json', given [*/*] and supported [application/json, application/*+json, application/yaml]
2026-07-18 14:53:01 [main] DEBUG o.s.w.s.m.m.a.HttpEntityMethodProcessor - Writing [ErrorResponse(timestamp=2026-07-18T14:53:01.919016400, status=404, erro=Recurso não encontrado, mens (truncated)...]
2026-07-18 14:53:01 [main] DEBUG o.s.w.s.m.m.a.ExceptionHandlerExceptionResolver - Resolved [com.ecommerce.api.exception.RecursoNaoEncontradoException: Pagamento não encontrado]
2026-07-18 14:53:01 [main] DEBUG o.s.security.web.FilterChainProxy - Securing POST /pagamentos
2026-07-18 14:53:01 [main] DEBUG o.s.security.web.FilterChainProxy - Secured POST /pagamentos
2026-07-18 14:53:01 [main] DEBUG o.s.w.s.m.m.a.RequestMappingHandlerMapping - Mapped to com.ecommerce.api.controller.PagamentoController#criar(PagamentoDTO)
2026-07-18 14:53:01 [main] DEBUG o.s.w.s.m.m.a.RequestResponseBodyMethodProcessor - Read "application/json;charset=UTF-8" to [PagamentoDTO(id=1, pedidoId=10, valor=150.0, metodo=CARTAO, status=PENDENTE, dataCriacao=null)]
2026-07-18 14:53:01 [main] DEBUG o.s.w.s.m.m.a.HttpEntityMethodProcessor - Using 'application/json', given [*/*] and supported [application/json, application/*+json, application/yaml]
2026-07-18 14:53:01 [main] DEBUG o.s.w.s.m.m.a.HttpEntityMethodProcessor - Writing [PagamentoDTO(id=1, pedidoId=10, valor=150.0, metodo=CARTAO, status=PENDENTE, dataCriacao=null)]
2026-07-18 14:53:01 [main] DEBUG o.s.security.web.FilterChainProxy - Securing GET /pagamentos/1
2026-07-18 14:53:01 [main] DEBUG o.s.security.web.FilterChainProxy - Secured GET /pagamentos/1
2026-07-18 14:53:01 [main] DEBUG o.s.w.s.m.m.a.RequestMappingHandlerMapping - Mapped to com.ecommerce.api.controller.PagamentoController#obterPorId(Long)
2026-07-18 14:53:01 [main] DEBUG o.s.w.s.m.m.a.HttpEntityMethodProcessor - Using 'application/json', given [*/*] and supported [application/json, application/*+json, application/yaml]
2026-07-18 14:53:01 [main] DEBUG o.s.w.s.m.m.a.HttpEntityMethodProcessor - Writing [PagamentoDTO(id=1, pedidoId=10, valor=150.0, metodo=CARTAO, status=PENDENTE, dataCriacao=null)]
2026-07-18 14:53:02 [main] DEBUG o.s.security.web.FilterChainProxy - Securing PUT /pagamentos/1
2026-07-18 14:53:02 [main] DEBUG o.s.security.web.FilterChainProxy - Secured PUT /pagamentos/1
2026-07-18 14:53:02 [main] DEBUG o.s.w.s.m.m.a.RequestMappingHandlerMapping - Mapped to com.ecommerce.api.controller.PagamentoController#atualizar(Long, PagamentoDTO)
2026-07-18 14:53:02 [main] DEBUG o.s.w.s.m.m.a.RequestResponseBodyMethodProcessor - Read "application/json;charset=UTF-8" to [PagamentoDTO(id=1, pedidoId=10, valor=150.0, metodo=CARTAO, status=PENDENTE, dataCriacao=null)]
2026-07-18 14:53:02 [main] DEBUG o.s.w.s.m.m.a.HttpEntityMethodProcessor - Using 'application/json', given [*/*] and supported [application/json, application/*+json, application/yaml]
2026-07-18 14:53:02 [main] DEBUG o.s.w.s.m.m.a.HttpEntityMethodProcessor - Writing [PagamentoDTO(id=1, pedidoId=10, valor=150.0, metodo=CARTAO, status=PENDENTE, dataCriacao=null)]
2026-07-18 14:53:02 [main] DEBUG o.s.security.web.FilterChainProxy - Securing DELETE /pagamentos/1
2026-07-18 14:53:02 [main] DEBUG o.s.security.web.FilterChainProxy - Secured DELETE /pagamentos/1
2026-07-18 14:53:02 [main] DEBUG o.s.w.s.m.m.a.RequestMappingHandlerMapping - Mapped to com.ecommerce.api.controller.PagamentoController#deletar(Long)
2026-07-18 14:53:02 [main] DEBUG o.s.w.s.m.m.a.HttpEntityMethodProcessor - Using 'application/json', given [*/*] and supported [application/json, application/*+json, application/yaml]
2026-07-18 14:53:02 [main] DEBUG o.s.w.s.m.m.a.HttpEntityMethodProcessor - Nothing to write: null body
2026-07-18 14:53:02 [main] DEBUG o.s.security.web.FilterChainProxy - Securing GET /pagamentos
2026-07-18 14:53:02 [main] DEBUG o.s.security.web.FilterChainProxy - Secured GET /pagamentos
2026-07-18 14:53:02 [main] DEBUG o.s.w.s.m.m.a.RequestMappingHandlerMapping - Mapped to com.ecommerce.api.controller.PagamentoController#listarTodos()
2026-07-18 14:53:02 [main] DEBUG o.s.w.s.m.m.a.HttpEntityMethodProcessor - Using 'application/json', given [*/*] and supported [application/json, application/*+json, application/yaml]
2026-07-18 14:53:02 [main] DEBUG o.s.w.s.m.m.a.HttpEntityMethodProcessor - Writing [[PagamentoDTO(id=1, pedidoId=10, valor=150.0, metodo=CARTAO, status=PENDENTE, dataCriacao=null)]]
2026-07-18 14:53:02 [main] DEBUG o.s.security.web.FilterChainProxy - Securing PATCH /pagamentos/1/status
2026-07-18 14:53:02 [main] DEBUG o.s.security.web.FilterChainProxy - Secured PATCH /pagamentos/1/status
2026-07-18 14:53:02 [main] DEBUG o.s.w.s.m.m.a.RequestMappingHandlerMapping - Mapped to com.ecommerce.api.controller.PagamentoController#atualizarStatus(Long, StatusPagamento)
2026-07-18 14:53:02 [main] DEBUG o.s.w.s.m.m.a.HttpEntityMethodProcessor - Using 'application/json', given [*/*] and supported [application/json, application/*+json, application/yaml]
2026-07-18 14:53:02 [main] DEBUG o.s.w.s.m.m.a.HttpEntityMethodProcessor - Writing [PagamentoDTO(id=1, pedidoId=10, valor=150.0, metodo=CARTAO, status=PENDENTE, dataCriacao=null)]
2026-07-18 14:53:02 [main] INFO  o.s.t.c.s.AnnotationConfigContextLoaderUtils - Could not detect default configuration classes for test class [com.ecommerce.PedidoControllerTest]: PedidoControllerTest does not declare any static, non-private, non-final, nested classes annotated with @Configuration.
2026-07-18 14:53:02 [main] INFO  o.s.b.t.c.SpringBootTestContextBootstrapper - Found @SpringBootConfiguration com.ecommerce.Application for test class com.ecommerce.PedidoControllerTest
2026-07-18 14:53:02 [main] INFO  o.s.b.d.r.RestartApplicationListener - Restart disabled due to context in which it is running
2026-07-18 14:53:02 [main] INFO  com.ecommerce.PedidoControllerTest - Starting PedidoControllerTest using Java 25.0.2 with PID 22612 (started by PabloBezerradaSilva in C:\Users\PabloBezerradaSilva\Documents\Java\fourcamp26-pablosilva\ecommerce-api)
2026-07-18 14:53:02 [main] DEBUG com.ecommerce.PedidoControllerTest - Running with Spring Boot v3.5.16, Spring v6.2.19
2026-07-18 14:53:02 [main] INFO  com.ecommerce.PedidoControllerTest - No active profile set, falling back to 1 default profile: "default"
2026-07-18 14:53:02 [main] DEBUG o.s.w.c.s.GenericWebApplicationContext - Refreshing org.springframework.web.context.support.GenericWebApplicationContext@75de001f
2026-07-18 14:53:03 [main] INFO  o.s.d.r.c.RepositoryConfigurationDelegate - Bootstrapping Spring Data JPA repositories in DEFAULT mode.
2026-07-18 14:53:03 [main] INFO  o.s.d.r.c.RepositoryConfigurationDelegate - Finished Spring Data repository scanning in 60 ms. Found 6 JPA repository interfaces.
2026-07-18 14:53:03 [main] INFO  o.h.jpa.internal.util.LogHelper - HHH000204: Processing PersistenceUnitInfo [name: default]
2026-07-18 14:53:03 [main] INFO  o.h.c.i.RegionFactoryInitiator - HHH000026: Second-level cache disabled
2026-07-18 14:53:03 [main] INFO  o.s.o.j.p.SpringPersistenceUnitInfo - No LoadTimeWeaver setup: ignoring JPA class transformer
2026-07-18 14:53:03 [main] INFO  com.zaxxer.hikari.HikariDataSource - HikariPool-5 - Starting...
2026-07-18 14:53:03 [main] INFO  com.zaxxer.hikari.pool.HikariPool - HikariPool-5 - Added connection conn40: url=jdbc:h2:mem:ecommercedb user=SA
2026-07-18 14:53:03 [main] INFO  com.zaxxer.hikari.HikariDataSource - HikariPool-5 - Start completed.
2026-07-18 14:53:03 [main] WARN  org.hibernate.orm.deprecation - HHH90000025: H2Dialect does not need to be specified explicitly using 'hibernate.dialect' (remove the property setting and it will be selected by default)
2026-07-18 14:53:03 [main] INFO  o.hibernate.orm.connections.pooling - HHH10001005: Database info:
	Database JDBC URL [Connecting through datasource 'HikariDataSource (HikariPool-5)']
	Database driver: undefined/unknown
	Database version: 2.3.232
	Autocommit mode: undefined/unknown
	Isolation level: undefined/unknown
	Minimum pool size: undefined/unknown
	Maximum pool size: undefined/unknown
2026-07-18 14:53:04 [main] INFO  o.h.e.t.j.p.i.JtaPlatformInitiator - HHH000489: No JTA platform available (set 'hibernate.transaction.jta.platform' to enable JTA platform integration)
2026-07-18 14:53:04 [main] DEBUG org.hibernate.SQL - 
    drop table if exists categorias cascade 
2026-07-18 14:53:04 [main] DEBUG org.hibernate.SQL - 
    drop table if exists clientes cascade 
2026-07-18 14:53:04 [main] DEBUG org.hibernate.SQL - 
    drop table if exists itens_pedido cascade 
2026-07-18 14:53:04 [main] DEBUG org.hibernate.SQL - 
    drop table if exists pagamentos cascade 
2026-07-18 14:53:04 [main] DEBUG org.hibernate.SQL - 
    drop table if exists pedidos cascade 
2026-07-18 14:53:04 [main] DEBUG org.hibernate.SQL - 
    drop table if exists produtos cascade 
2026-07-18 14:53:04 [main] DEBUG org.hibernate.SQL - 
    drop table if exists usuarios cascade 
2026-07-18 14:53:04 [main] DEBUG org.hibernate.SQL - 
    create table categorias (
        ativo boolean not null,
        id bigint generated by default as identity,
        nome varchar(100) not null,
        descricao TEXT,
        primary key (id)
    )
2026-07-18 14:53:04 [main] DEBUG org.hibernate.SQL - 
    create table clientes (
        ativo boolean not null,
        data_atualizacao timestamp(6),
        data_criacao timestamp(6) not null,
        id bigint generated by default as identity,
        cpf varchar(11) not null unique,
        telefone varchar(20),
        email varchar(255) not null unique,
        endereco TEXT,
        nome varchar(255) not null,
        primary key (id)
    )
2026-07-18 14:53:04 [main] DEBUG org.hibernate.SQL - 
    create table itens_pedido (
        preco_unitario numeric(10,2) not null,
        quantidade integer not null,
        id bigint generated by default as identity,
        pedido_id bigint not null,
        produto_id bigint not null,
        primary key (id)
    )
2026-07-18 14:53:04 [main] DEBUG org.hibernate.SQL - 
    create table pagamentos (
        valor float(53) not null,
        data_criacao timestamp(6) not null,
        id bigint generated by default as identity,
        pedido_id bigint not null,
        metodo varchar(50) not null,
        status enum ('APROVADO','PENDENTE','RECUSADO','REEMBOLSADO') not null,
        primary key (id)
    )
2026-07-18 14:53:04 [main] DEBUG org.hibernate.SQL - 
    create table pedidos (
        total float(53) not null,
        cliente_id bigint not null,
        data_atualizacao timestamp(6),
        data_criacao timestamp(6) not null,
        id bigint generated by default as identity,
        status enum ('CANCELADO','CONFIRMADO','ENTREGUE','ENVIADO','PENDENTE') not null,
        primary key (id)
    )
2026-07-18 14:53:04 [main] DEBUG org.hibernate.SQL - 
    create table produtos (
        ativo boolean not null,
        estoque integer not null,
        preco numeric(38,2) not null,
        categoria_id bigint not null,
        id bigint generated by default as identity,
        descricao TEXT,
        nome varchar(255) not null,
        primary key (id)
    )
2026-07-18 14:53:04 [main] DEBUG org.hibernate.SQL - 
    create table usuarios (
        ativo boolean not null,
        id bigint generated by default as identity,
        email varchar(255) not null unique,
        nome varchar(255) not null,
        senha varchar(255) not null,
        papel enum ('ADMIN','USER') not null,
        primary key (id)
    )
2026-07-18 14:53:04 [main] DEBUG org.hibernate.SQL - 
    alter table if exists itens_pedido 
       add constraint FK42mycompce3b7yt3l6ukdwsxy 
       foreign key (pedido_id) 
       references pedidos
2026-07-18 14:53:04 [main] DEBUG org.hibernate.SQL - 
    alter table if exists itens_pedido 
       add constraint FKxytdlekpdaobqphujy9bmuhl 
       foreign key (produto_id) 
       references produtos
2026-07-18 14:53:04 [main] DEBUG org.hibernate.SQL - 
    alter table if exists pagamentos 
       add constraint FKb0dh6865y8h4irwdrl4ici3kl 
       foreign key (pedido_id) 
       references pedidos
2026-07-18 14:53:04 [main] DEBUG org.hibernate.SQL - 
    alter table if exists pedidos 
       add constraint FKg7202lk0hwxn04bmdl2thth5b 
       foreign key (cliente_id) 
       references clientes
2026-07-18 14:53:04 [main] DEBUG org.hibernate.SQL - 
    alter table if exists produtos 
       add constraint FK8rqw0ljwdaom34jr2t46bjtrn 
       foreign key (categoria_id) 
       references categorias
2026-07-18 14:53:04 [main] INFO  o.s.o.j.LocalContainerEntityManagerFactoryBean - Initialized JPA EntityManagerFactory for persistence unit 'default'
2026-07-18 14:53:04 [main] DEBUG o.s.w.s.m.m.a.RequestMappingHandlerMapping - 41 mappings in 'requestMappingHandlerMapping'
2026-07-18 14:53:04 [main] DEBUG o.s.w.s.h.SimpleUrlHandlerMapping - Patterns [/h2-console] in 'viewControllerHandlerMapping'
2026-07-18 14:53:04 [main] DEBUG o.s.w.s.h.SimpleUrlHandlerMapping - Patterns [/webjars/**, /**, /swagger-ui/**, /swagger-ui/*swagger-initializer.js, /webjars/*swagger-ui/**, /webjars/*swagger-ui/*swagger-initializer.js, /webjars/*swagger-ui/5.32.2/*swagger-initializer.js] in 'resourceHandlerMapping'
2026-07-18 14:53:04 [main] DEBUG o.s.s.c.a.a.c.AuthenticationConfiguration$DefaultPasswordEncoderAuthenticationManagerBuilder - No authenticationProviders and no parentAuthenticationManager defined. Returning null.
2026-07-18 14:53:04 [main] DEBUG o.s.s.web.DefaultSecurityFilterChain - Will secure any request with filters: DisableEncodeUrlFilter, WebAsyncManagerIntegrationFilter, SecurityContextHolderFilter, HeaderWriterFilter, LogoutFilter, JwtAuthenticationFilter, RequestCacheAwareFilter, SecurityContextHolderAwareRequestFilter, AnonymousAuthenticationFilter, SessionManagementFilter, ExceptionTranslationFilter, AuthorizationFilter
2026-07-18 14:53:04 [main] DEBUG o.s.w.s.m.m.a.RequestMappingHandlerAdapter - ControllerAdvice beans: 0 @ModelAttribute, 0 @InitBinder, 1 RequestBodyAdvice, 1 ResponseBodyAdvice
2026-07-18 14:53:04 [main] DEBUG o.s.w.s.m.m.a.ExceptionHandlerExceptionResolver - ControllerAdvice beans: 2 @ExceptionHandler, 1 ResponseBodyAdvice
2026-07-18 14:53:04 [main] DEBUG c.e.a.s.JwtAuthenticationFilter - Filter 'jwtAuthenticationFilter' configured for use
2026-07-18 14:53:04 [main] INFO  o.s.b.t.m.w.SpringBootMockServletContext - Initializing Spring TestDispatcherServlet ''
2026-07-18 14:53:04 [main] INFO  o.s.t.w.s.TestDispatcherServlet - Initializing Servlet ''
2026-07-18 14:53:04 [main] INFO  o.s.t.w.s.TestDispatcherServlet - Completed initialization in 1 ms
2026-07-18 14:53:04 [main] INFO  com.ecommerce.PedidoControllerTest - Started PedidoControllerTest in 2.01 seconds (process running for 45.993)
2026-07-18 14:53:04 [main] WARN  o.s.c.events.SpringDocAppInitializer - SpringDoc /v3/api-docs endpoint is enabled by default. To disable it in production, set the property 'springdoc.api-docs.enabled=false'
2026-07-18 14:53:04 [main] DEBUG o.s.security.web.FilterChainProxy - Securing GET /pedidos/999
2026-07-18 14:53:04 [main] DEBUG o.s.security.web.FilterChainProxy - Secured GET /pedidos/999
2026-07-18 14:53:04 [main] DEBUG o.s.w.s.m.m.a.RequestMappingHandlerMapping - Mapped to com.ecommerce.api.controller.PedidoController#obter(Long)
2026-07-18 14:53:04 [main] DEBUG o.s.w.s.m.m.a.ExceptionHandlerExceptionResolver - Using @ExceptionHandler com.ecommerce.api.exception.GlobalExceptionHandler#handleRecursoNaoEncontrado(RecursoNaoEncontradoException, WebRequest)
2026-07-18 14:53:04 [main] ERROR c.e.a.e.GlobalExceptionHandler - Recurso não encontrado: Pedido não encontrado
2026-07-18 14:53:04 [main] DEBUG o.s.w.s.m.m.a.HttpEntityMethodProcessor - Using 'application/json', given [*/*] and supported [application/json, application/*+json, application/yaml]
2026-07-18 14:53:04 [main] DEBUG o.s.w.s.m.m.a.HttpEntityMethodProcessor - Writing [ErrorResponse(timestamp=2026-07-18T14:53:04.692601300, status=404, erro=Recurso não encontrado, mens (truncated)...]
2026-07-18 14:53:04 [main] DEBUG o.s.w.s.m.m.a.ExceptionHandlerExceptionResolver - Resolved [com.ecommerce.api.exception.RecursoNaoEncontradoException: Pedido não encontrado]
2026-07-18 14:53:04 [main] DEBUG o.s.security.web.FilterChainProxy - Securing POST /pedidos
2026-07-18 14:53:04 [main] DEBUG o.s.security.web.FilterChainProxy - Secured POST /pedidos
2026-07-18 14:53:04 [main] DEBUG o.s.w.s.m.m.a.RequestMappingHandlerMapping - Mapped to com.ecommerce.api.controller.PedidoController#criar(PedidoDTO)
2026-07-18 14:53:04 [main] DEBUG o.s.w.s.m.m.a.RequestResponseBodyMethodProcessor - Read "application/json;charset=UTF-8" to [PedidoDTO(id=1, clienteId=10, total=150.0, status=PENDENTE, dataCriacao=null, dataAtualizacao=null)]
2026-07-18 14:53:04 [main] DEBUG o.s.w.s.m.m.a.HttpEntityMethodProcessor - Using 'application/json', given [*/*] and supported [application/json, application/*+json, application/yaml]
2026-07-18 14:53:04 [main] DEBUG o.s.w.s.m.m.a.HttpEntityMethodProcessor - Writing [PedidoDTO(id=1, clienteId=10, total=150.0, status=PENDENTE, dataCriacao=null, dataAtualizacao=null)]
2026-07-18 14:53:04 [main] DEBUG o.s.security.web.FilterChainProxy - Securing GET /pedidos/1
2026-07-18 14:53:04 [main] DEBUG o.s.security.web.FilterChainProxy - Secured GET /pedidos/1
2026-07-18 14:53:04 [main] DEBUG o.s.w.s.m.m.a.RequestMappingHandlerMapping - Mapped to com.ecommerce.api.controller.PedidoController#obter(Long)
2026-07-18 14:53:04 [main] DEBUG o.s.w.s.m.m.a.HttpEntityMethodProcessor - Using 'application/json', given [*/*] and supported [application/json, application/*+json, application/yaml]
2026-07-18 14:53:04 [main] DEBUG o.s.w.s.m.m.a.HttpEntityMethodProcessor - Writing [PedidoDTO(id=1, clienteId=10, total=150.0, status=PENDENTE, dataCriacao=null, dataAtualizacao=null)]
2026-07-18 14:53:04 [main] DEBUG o.s.security.web.FilterChainProxy - Securing PUT /pedidos/1
2026-07-18 14:53:04 [main] DEBUG o.s.security.web.FilterChainProxy - Secured PUT /pedidos/1
2026-07-18 14:53:04 [main] DEBUG o.s.w.s.m.m.a.RequestMappingHandlerMapping - Mapped to com.ecommerce.api.controller.PedidoController#atualizar(Long, PedidoDTO)
2026-07-18 14:53:04 [main] DEBUG o.s.w.s.m.m.a.RequestResponseBodyMethodProcessor - Read "application/json;charset=UTF-8" to [PedidoDTO(id=1, clienteId=10, total=150.0, status=PENDENTE, dataCriacao=null, dataAtualizacao=null)]
2026-07-18 14:53:04 [main] DEBUG o.s.w.s.m.m.a.HttpEntityMethodProcessor - Using 'application/json', given [*/*] and supported [application/json, application/*+json, application/yaml]
2026-07-18 14:53:04 [main] DEBUG o.s.w.s.m.m.a.HttpEntityMethodProcessor - Writing [PedidoDTO(id=1, clienteId=10, total=150.0, status=PENDENTE, dataCriacao=null, dataAtualizacao=null)]
2026-07-18 14:53:04 [main] DEBUG o.s.security.web.FilterChainProxy - Securing DELETE /pedidos/1
2026-07-18 14:53:04 [main] DEBUG o.s.security.web.FilterChainProxy - Secured DELETE /pedidos/1
2026-07-18 14:53:04 [main] DEBUG o.s.w.s.m.m.a.RequestMappingHandlerMapping - Mapped to com.ecommerce.api.controller.PedidoController#deletar(Long)
2026-07-18 14:53:04 [main] DEBUG o.s.w.s.m.m.a.HttpEntityMethodProcessor - Using 'application/json', given [*/*] and supported [application/json, application/*+json, application/yaml]
2026-07-18 14:53:04 [main] DEBUG o.s.w.s.m.m.a.HttpEntityMethodProcessor - Nothing to write: null body
2026-07-18 14:53:04 [main] DEBUG o.s.security.web.FilterChainProxy - Securing GET /pedidos
2026-07-18 14:53:04 [main] DEBUG o.s.security.web.FilterChainProxy - Secured GET /pedidos
2026-07-18 14:53:04 [main] DEBUG o.s.w.s.m.m.a.RequestMappingHandlerMapping - Mapped to com.ecommerce.api.controller.PedidoController#listar()
2026-07-18 14:53:04 [main] DEBUG o.s.w.s.m.m.a.HttpEntityMethodProcessor - Using 'application/json', given [*/*] and supported [application/json, application/*+json, application/yaml]
2026-07-18 14:53:04 [main] DEBUG o.s.w.s.m.m.a.HttpEntityMethodProcessor - Writing [[PedidoDTO(id=1, clienteId=10, total=150.0, status=PENDENTE, dataCriacao=null, dataAtualizacao=null) (truncated)...]
2026-07-18 14:53:04 [main] INFO  o.s.t.c.s.AnnotationConfigContextLoaderUtils - Could not detect default configuration classes for test class [com.ecommerce.ProdutoControllerTest]: ProdutoControllerTest does not declare any static, non-private, non-final, nested classes annotated with @Configuration.
2026-07-18 14:53:04 [main] INFO  o.s.b.t.c.SpringBootTestContextBootstrapper - Found @SpringBootConfiguration com.ecommerce.Application for test class com.ecommerce.ProdutoControllerTest
2026-07-18 14:53:04 [main] INFO  o.s.b.d.r.RestartApplicationListener - Restart disabled due to context in which it is running
2026-07-18 14:53:04 [main] INFO  com.ecommerce.ProdutoControllerTest - Starting ProdutoControllerTest using Java 25.0.2 with PID 22612 (started by PabloBezerradaSilva in C:\Users\PabloBezerradaSilva\Documents\Java\fourcamp26-pablosilva\ecommerce-api)
2026-07-18 14:53:04 [main] DEBUG com.ecommerce.ProdutoControllerTest - Running with Spring Boot v3.5.16, Spring v6.2.19
2026-07-18 14:53:04 [main] INFO  com.ecommerce.ProdutoControllerTest - No active profile set, falling back to 1 default profile: "default"
2026-07-18 14:53:04 [main] DEBUG o.s.w.c.s.GenericWebApplicationContext - Refreshing org.springframework.web.context.support.GenericWebApplicationContext@1571075c
2026-07-18 14:53:05 [main] INFO  o.s.d.r.c.RepositoryConfigurationDelegate - Bootstrapping Spring Data JPA repositories in DEFAULT mode.
2026-07-18 14:53:05 [main] INFO  o.s.d.r.c.RepositoryConfigurationDelegate - Finished Spring Data repository scanning in 75 ms. Found 6 JPA repository interfaces.
2026-07-18 14:53:06 [main] INFO  o.h.jpa.internal.util.LogHelper - HHH000204: Processing PersistenceUnitInfo [name: default]
2026-07-18 14:53:06 [main] INFO  o.h.c.i.RegionFactoryInitiator - HHH000026: Second-level cache disabled
2026-07-18 14:53:06 [main] INFO  o.s.o.j.p.SpringPersistenceUnitInfo - No LoadTimeWeaver setup: ignoring JPA class transformer
2026-07-18 14:53:06 [main] INFO  com.zaxxer.hikari.HikariDataSource - HikariPool-6 - Starting...
2026-07-18 14:53:06 [main] INFO  com.zaxxer.hikari.pool.HikariPool - HikariPool-6 - Added connection conn50: url=jdbc:h2:mem:ecommercedb user=SA
2026-07-18 14:53:06 [main] INFO  com.zaxxer.hikari.HikariDataSource - HikariPool-6 - Start completed.
2026-07-18 14:53:06 [main] WARN  org.hibernate.orm.deprecation - HHH90000025: H2Dialect does not need to be specified explicitly using 'hibernate.dialect' (remove the property setting and it will be selected by default)
2026-07-18 14:53:06 [main] INFO  o.hibernate.orm.connections.pooling - HHH10001005: Database info:
	Database JDBC URL [Connecting through datasource 'HikariDataSource (HikariPool-6)']
	Database driver: undefined/unknown
	Database version: 2.3.232
	Autocommit mode: undefined/unknown
	Isolation level: undefined/unknown
	Minimum pool size: undefined/unknown
	Maximum pool size: undefined/unknown
2026-07-18 14:53:06 [main] INFO  o.h.e.t.j.p.i.JtaPlatformInitiator - HHH000489: No JTA platform available (set 'hibernate.transaction.jta.platform' to enable JTA platform integration)
2026-07-18 14:53:06 [main] DEBUG org.hibernate.SQL - 
    drop table if exists categorias cascade 
2026-07-18 14:53:06 [main] DEBUG org.hibernate.SQL - 
    drop table if exists clientes cascade 
2026-07-18 14:53:06 [main] DEBUG org.hibernate.SQL - 
    drop table if exists itens_pedido cascade 
2026-07-18 14:53:06 [main] DEBUG org.hibernate.SQL - 
    drop table if exists pagamentos cascade 
2026-07-18 14:53:06 [main] DEBUG org.hibernate.SQL - 
    drop table if exists pedidos cascade 
2026-07-18 14:53:06 [main] DEBUG org.hibernate.SQL - 
    drop table if exists produtos cascade 
2026-07-18 14:53:06 [main] DEBUG org.hibernate.SQL - 
    drop table if exists usuarios cascade 
2026-07-18 14:53:06 [main] DEBUG org.hibernate.SQL - 
    create table categorias (
        ativo boolean not null,
        id bigint generated by default as identity,
        nome varchar(100) not null,
        descricao TEXT,
        primary key (id)
    )
2026-07-18 14:53:06 [main] DEBUG org.hibernate.SQL - 
    create table clientes (
        ativo boolean not null,
        data_atualizacao timestamp(6),
        data_criacao timestamp(6) not null,
        id bigint generated by default as identity,
        cpf varchar(11) not null unique,
        telefone varchar(20),
        email varchar(255) not null unique,
        endereco TEXT,
        nome varchar(255) not null,
        primary key (id)
    )
2026-07-18 14:53:06 [main] DEBUG org.hibernate.SQL - 
    create table itens_pedido (
        preco_unitario numeric(10,2) not null,
        quantidade integer not null,
        id bigint generated by default as identity,
        pedido_id bigint not null,
        produto_id bigint not null,
        primary key (id)
    )
2026-07-18 14:53:06 [main] DEBUG org.hibernate.SQL - 
    create table pagamentos (
        valor float(53) not null,
        data_criacao timestamp(6) not null,
        id bigint generated by default as identity,
        pedido_id bigint not null,
        metodo varchar(50) not null,
        status enum ('APROVADO','PENDENTE','RECUSADO','REEMBOLSADO') not null,
        primary key (id)
    )
2026-07-18 14:53:06 [main] DEBUG org.hibernate.SQL - 
    create table pedidos (
        total float(53) not null,
        cliente_id bigint not null,
        data_atualizacao timestamp(6),
        data_criacao timestamp(6) not null,
        id bigint generated by default as identity,
        status enum ('CANCELADO','CONFIRMADO','ENTREGUE','ENVIADO','PENDENTE') not null,
        primary key (id)
    )
2026-07-18 14:53:06 [main] DEBUG org.hibernate.SQL - 
    create table produtos (
        ativo boolean not null,
        estoque integer not null,
        preco numeric(38,2) not null,
        categoria_id bigint not null,
        id bigint generated by default as identity,
        descricao TEXT,
        nome varchar(255) not null,
        primary key (id)
    )
2026-07-18 14:53:06 [main] DEBUG org.hibernate.SQL - 
    create table usuarios (
        ativo boolean not null,
        id bigint generated by default as identity,
        email varchar(255) not null unique,
        nome varchar(255) not null,
        senha varchar(255) not null,
        papel enum ('ADMIN','USER') not null,
        primary key (id)
    )
2026-07-18 14:53:06 [main] DEBUG org.hibernate.SQL - 
    alter table if exists itens_pedido 
       add constraint FK42mycompce3b7yt3l6ukdwsxy 
       foreign key (pedido_id) 
       references pedidos
2026-07-18 14:53:06 [main] DEBUG org.hibernate.SQL - 
    alter table if exists itens_pedido 
       add constraint FKxytdlekpdaobqphujy9bmuhl 
       foreign key (produto_id) 
       references produtos
2026-07-18 14:53:06 [main] DEBUG org.hibernate.SQL - 
    alter table if exists pagamentos 
       add constraint FKb0dh6865y8h4irwdrl4ici3kl 
       foreign key (pedido_id) 
       references pedidos
2026-07-18 14:53:06 [main] DEBUG org.hibernate.SQL - 
    alter table if exists pedidos 
       add constraint FKg7202lk0hwxn04bmdl2thth5b 
       foreign key (cliente_id) 
       references clientes
2026-07-18 14:53:06 [main] DEBUG org.hibernate.SQL - 
    alter table if exists produtos 
       add constraint FK8rqw0ljwdaom34jr2t46bjtrn 
       foreign key (categoria_id) 
       references categorias
2026-07-18 14:53:06 [main] INFO  o.s.o.j.LocalContainerEntityManagerFactoryBean - Initialized JPA EntityManagerFactory for persistence unit 'default'
2026-07-18 14:53:06 [main] DEBUG o.s.w.s.m.m.a.RequestMappingHandlerMapping - 41 mappings in 'requestMappingHandlerMapping'
2026-07-18 14:53:06 [main] DEBUG o.s.w.s.h.SimpleUrlHandlerMapping - Patterns [/h2-console] in 'viewControllerHandlerMapping'
2026-07-18 14:53:06 [main] DEBUG o.s.w.s.h.SimpleUrlHandlerMapping - Patterns [/webjars/**, /**, /swagger-ui/**, /swagger-ui/*swagger-initializer.js, /webjars/*swagger-ui/**, /webjars/*swagger-ui/*swagger-initializer.js, /webjars/*swagger-ui/5.32.2/*swagger-initializer.js] in 'resourceHandlerMapping'
2026-07-18 14:53:06 [main] DEBUG o.s.s.c.a.a.c.AuthenticationConfiguration$DefaultPasswordEncoderAuthenticationManagerBuilder - No authenticationProviders and no parentAuthenticationManager defined. Returning null.
2026-07-18 14:53:06 [main] DEBUG o.s.s.web.DefaultSecurityFilterChain - Will secure any request with filters: DisableEncodeUrlFilter, WebAsyncManagerIntegrationFilter, SecurityContextHolderFilter, HeaderWriterFilter, LogoutFilter, JwtAuthenticationFilter, RequestCacheAwareFilter, SecurityContextHolderAwareRequestFilter, AnonymousAuthenticationFilter, SessionManagementFilter, ExceptionTranslationFilter, AuthorizationFilter
2026-07-18 14:53:06 [main] DEBUG o.s.w.s.m.m.a.RequestMappingHandlerAdapter - ControllerAdvice beans: 0 @ModelAttribute, 0 @InitBinder, 1 RequestBodyAdvice, 1 ResponseBodyAdvice
2026-07-18 14:53:06 [main] DEBUG o.s.w.s.m.m.a.ExceptionHandlerExceptionResolver - ControllerAdvice beans: 2 @ExceptionHandler, 1 ResponseBodyAdvice
2026-07-18 14:53:06 [main] DEBUG c.e.a.s.JwtAuthenticationFilter - Filter 'jwtAuthenticationFilter' configured for use
2026-07-18 14:53:06 [main] INFO  o.s.b.t.m.w.SpringBootMockServletContext - Initializing Spring TestDispatcherServlet ''
2026-07-18 14:53:06 [main] INFO  o.s.t.w.s.TestDispatcherServlet - Initializing Servlet ''
2026-07-18 14:53:06 [main] INFO  o.s.t.w.s.TestDispatcherServlet - Completed initialization in 1 ms
2026-07-18 14:53:06 [main] INFO  com.ecommerce.ProdutoControllerTest - Started ProdutoControllerTest in 1.844 seconds (process running for 48.111)
2026-07-18 14:53:06 [main] WARN  o.s.c.events.SpringDocAppInitializer - SpringDoc /v3/api-docs endpoint is enabled by default. To disable it in production, set the property 'springdoc.api-docs.enabled=false'
2026-07-18 14:53:06 [main] DEBUG o.s.security.web.FilterChainProxy - Securing GET /api/produtos
2026-07-18 14:53:06 [main] DEBUG o.s.s.w.a.AnonymousAuthenticationFilter - Set SecurityContextHolder to anonymous SecurityContext
2026-07-18 14:53:06 [main] DEBUG o.s.security.web.FilterChainProxy - Securing GET /api/produtos/999
2026-07-18 14:53:06 [main] DEBUG o.s.security.web.FilterChainProxy - Secured GET /api/produtos/999
2026-07-18 14:53:06 [main] DEBUG o.s.w.s.m.m.a.RequestMappingHandlerMapping - Mapped to com.ecommerce.api.controller.ProdutoController#obterPorId(Long)
2026-07-18 14:53:06 [main] INFO  c.e.api.controller.ProdutoController - GET /api/produtos/999
2026-07-18 14:53:06 [main] DEBUG o.s.w.s.m.m.a.ExceptionHandlerExceptionResolver - Using @ExceptionHandler com.ecommerce.api.exception.GlobalExceptionHandler#handleRecursoNaoEncontrado(RecursoNaoEncontradoException, WebRequest)
2026-07-18 14:53:06 [main] ERROR c.e.a.e.GlobalExceptionHandler - Recurso não encontrado: Produto nao encontrado com ID: 999
2026-07-18 14:53:06 [main] DEBUG o.s.w.s.m.m.a.HttpEntityMethodProcessor - Using 'application/json', given [*/*] and supported [application/json, application/*+json, application/yaml]
2026-07-18 14:53:06 [main] DEBUG o.s.w.s.m.m.a.HttpEntityMethodProcessor - Writing [ErrorResponse(timestamp=2026-07-18T14:53:06.834869300, status=404, erro=Recurso não encontrado, mens (truncated)...]
2026-07-18 14:53:06 [main] DEBUG o.s.w.s.m.m.a.ExceptionHandlerExceptionResolver - Resolved [com.ecommerce.api.exception.RecursoNaoEncontradoException: Produto nao encontrado com ID: 999]
2026-07-18 14:53:06 [main] DEBUG o.s.security.web.FilterChainProxy - Securing POST /api/produtos
2026-07-18 14:53:06 [main] DEBUG o.s.security.web.FilterChainProxy - Secured POST /api/produtos
2026-07-18 14:53:06 [main] DEBUG o.s.w.s.m.m.a.RequestMappingHandlerMapping - Mapped to com.ecommerce.api.controller.ProdutoController#criar(ProdutoDTO)
2026-07-18 14:53:06 [main] DEBUG o.s.w.s.m.m.a.RequestResponseBodyMethodProcessor - Read "application/json;charset=UTF-8" to [ProdutoDTO(id=1, nome=Notebook Dell, descricao=Notebook 15 polegadas, preco=3500.00, estoque=10, cat (truncated)...]
2026-07-18 14:53:06 [main] INFO  c.e.api.controller.ProdutoController - POST /api/produtos - Criando produto: Notebook Dell
2026-07-18 14:53:06 [main] DEBUG o.s.w.s.m.m.a.HttpEntityMethodProcessor - Using 'application/json', given [*/*] and supported [application/json, application/*+json, application/yaml]
2026-07-18 14:53:06 [main] DEBUG o.s.w.s.m.m.a.HttpEntityMethodProcessor - Writing [ProdutoDTO(id=1, nome=Notebook Dell, descricao=Notebook 15 polegadas, preco=3500.00, estoque=10, cat (truncated)...]
2026-07-18 14:53:06 [main] DEBUG o.s.security.web.FilterChainProxy - Securing PATCH /api/produtos/1/estoque/aumentar
2026-07-18 14:53:06 [main] DEBUG o.s.security.web.FilterChainProxy - Secured PATCH /api/produtos/1/estoque/aumentar
2026-07-18 14:53:06 [main] DEBUG o.s.w.s.m.m.a.RequestMappingHandlerMapping - Mapped to com.ecommerce.api.controller.ProdutoController#aumentarEstoque(Long, Integer)
2026-07-18 14:53:06 [main] INFO  c.e.api.controller.ProdutoController - PATCH /api/produtos/1/estoque/aumentar?quantidade=5
2026-07-18 14:53:06 [main] DEBUG o.s.w.s.m.m.a.HttpEntityMethodProcessor - Using 'application/json', given [*/*] and supported [application/json, application/*+json, application/yaml]
2026-07-18 14:53:06 [main] DEBUG o.s.w.s.m.m.a.HttpEntityMethodProcessor - Writing [15]
2026-07-18 14:53:06 [main] DEBUG o.s.security.web.FilterChainProxy - Securing PATCH /api/produtos/1/estoque/diminuir
2026-07-18 14:53:06 [main] DEBUG o.s.security.web.FilterChainProxy - Secured PATCH /api/produtos/1/estoque/diminuir
2026-07-18 14:53:06 [main] DEBUG o.s.w.s.m.m.a.RequestMappingHandlerMapping - Mapped to com.ecommerce.api.controller.ProdutoController#diminuirEstoque(Long, Integer)
2026-07-18 14:53:06 [main] INFO  c.e.api.controller.ProdutoController - PATCH /api/produtos/1/estoque/diminuir?quantidade=5
2026-07-18 14:53:06 [main] DEBUG o.s.w.s.m.m.a.HttpEntityMethodProcessor - Using 'application/json', given [*/*] and supported [application/json, application/*+json, application/yaml]
2026-07-18 14:53:06 [main] DEBUG o.s.w.s.m.m.a.HttpEntityMethodProcessor - Writing [5]
2026-07-18 14:53:06 [main] DEBUG o.s.security.web.FilterChainProxy - Securing GET /api/produtos/1
2026-07-18 14:53:06 [main] DEBUG o.s.security.web.FilterChainProxy - Secured GET /api/produtos/1
2026-07-18 14:53:06 [main] DEBUG o.s.w.s.m.m.a.RequestMappingHandlerMapping - Mapped to com.ecommerce.api.controller.ProdutoController#obterPorId(Long)
2026-07-18 14:53:06 [main] INFO  c.e.api.controller.ProdutoController - GET /api/produtos/1
2026-07-18 14:53:06 [main] DEBUG o.s.w.s.m.m.a.HttpEntityMethodProcessor - Using 'application/json', given [*/*] and supported [application/json, application/*+json, application/yaml]
2026-07-18 14:53:06 [main] DEBUG o.s.w.s.m.m.a.HttpEntityMethodProcessor - Writing [ProdutoDTO(id=1, nome=Notebook Dell, descricao=Notebook 15 polegadas, preco=3500.00, estoque=10, cat (truncated)...]
2026-07-18 14:53:06 [main] DEBUG o.s.security.web.FilterChainProxy - Securing PUT /api/produtos/1
2026-07-18 14:53:06 [main] DEBUG o.s.security.web.FilterChainProxy - Secured PUT /api/produtos/1
2026-07-18 14:53:06 [main] DEBUG o.s.w.s.m.m.a.RequestMappingHandlerMapping - Mapped to com.ecommerce.api.controller.ProdutoController#atualizar(Long, ProdutoDTO)
2026-07-18 14:53:06 [main] DEBUG o.s.w.s.m.m.a.RequestResponseBodyMethodProcessor - Read "application/json;charset=UTF-8" to [ProdutoDTO(id=1, nome=Notebook Dell, descricao=Notebook 15 polegadas, preco=3500.00, estoque=10, cat (truncated)...]
2026-07-18 14:53:06 [main] INFO  c.e.api.controller.ProdutoController - PUT /api/produtos/1 - Atualizando produto
2026-07-18 14:53:06 [main] DEBUG o.s.w.s.m.m.a.HttpEntityMethodProcessor - Using 'application/json', given [*/*] and supported [application/json, application/*+json, application/yaml]
2026-07-18 14:53:06 [main] DEBUG o.s.w.s.m.m.a.HttpEntityMethodProcessor - Writing [ProdutoDTO(id=1, nome=Notebook Dell, descricao=Notebook 15 polegadas, preco=3500.00, estoque=10, cat (truncated)...]
2026-07-18 14:53:07 [main] DEBUG o.s.security.web.FilterChainProxy - Securing DELETE /api/produtos/1
2026-07-18 14:53:07 [main] DEBUG o.s.security.web.FilterChainProxy - Secured DELETE /api/produtos/1
2026-07-18 14:53:07 [main] DEBUG o.s.w.s.m.m.a.RequestMappingHandlerMapping - Mapped to com.ecommerce.api.controller.ProdutoController#deletar(Long)
2026-07-18 14:53:07 [main] INFO  c.e.api.controller.ProdutoController - DELETE /api/produtos/1
2026-07-18 14:53:07 [main] DEBUG o.s.w.s.m.m.a.HttpEntityMethodProcessor - Using 'application/json', given [*/*] and supported [application/json, application/*+json, application/yaml]
2026-07-18 14:53:07 [main] DEBUG o.s.w.s.m.m.a.HttpEntityMethodProcessor - Nothing to write: null body
2026-07-18 14:53:07 [main] DEBUG o.s.security.web.FilterChainProxy - Securing GET /api/produtos/todos
2026-07-18 14:53:07 [main] DEBUG o.s.security.web.FilterChainProxy - Secured GET /api/produtos/todos
2026-07-18 14:53:07 [main] DEBUG o.s.w.s.m.m.a.RequestMappingHandlerMapping - Mapped to com.ecommerce.api.controller.ProdutoController#listarTodos()
2026-07-18 14:53:07 [main] INFO  c.e.api.controller.ProdutoController - GET /api/produtos/todos
2026-07-18 14:53:07 [main] DEBUG o.s.w.s.m.m.a.HttpEntityMethodProcessor - Using 'application/json', given [*/*] and supported [application/json, application/*+json, application/yaml]
2026-07-18 14:53:07 [main] DEBUG o.s.w.s.m.m.a.HttpEntityMethodProcessor - Writing [[ProdutoDTO(id=1, nome=Notebook Dell, descricao=Notebook 15 polegadas, preco=3500.00, estoque=10, ca (truncated)...]
2026-07-18 14:53:07 [main] INFO  o.s.t.c.s.AnnotationConfigContextLoaderUtils - Could not detect default configuration classes for test class [com.ecommerce.ProdutoServiceTest]: ProdutoServiceTest does not declare any static, non-private, non-final, nested classes annotated with @Configuration.
2026-07-18 14:53:07 [main] INFO  o.s.b.t.c.SpringBootTestContextBootstrapper - Found @SpringBootConfiguration com.ecommerce.Application for test class com.ecommerce.ProdutoServiceTest
2026-07-18 14:53:07 [main] INFO  o.s.b.d.r.RestartApplicationListener - Restart disabled due to context in which it is running
2026-07-18 14:53:07 [main] INFO  com.ecommerce.ProdutoServiceTest - Starting ProdutoServiceTest using Java 25.0.2 with PID 22612 (started by PabloBezerradaSilva in C:\Users\PabloBezerradaSilva\Documents\Java\fourcamp26-pablosilva\ecommerce-api)
2026-07-18 14:53:07 [main] DEBUG com.ecommerce.ProdutoServiceTest - Running with Spring Boot v3.5.16, Spring v6.2.19
2026-07-18 14:53:07 [main] INFO  com.ecommerce.ProdutoServiceTest - No active profile set, falling back to 1 default profile: "default"
2026-07-18 14:53:07 [main] DEBUG o.s.w.c.s.GenericWebApplicationContext - Refreshing org.springframework.web.context.support.GenericWebApplicationContext@694a58d6
2026-07-18 14:53:08 [main] INFO  o.s.d.r.c.RepositoryConfigurationDelegate - Bootstrapping Spring Data JPA repositories in DEFAULT mode.
2026-07-18 14:53:08 [main] INFO  o.s.d.r.c.RepositoryConfigurationDelegate - Finished Spring Data repository scanning in 99 ms. Found 6 JPA repository interfaces.
2026-07-18 14:53:08 [main] INFO  o.h.jpa.internal.util.LogHelper - HHH000204: Processing PersistenceUnitInfo [name: default]
2026-07-18 14:53:08 [main] INFO  o.h.c.i.RegionFactoryInitiator - HHH000026: Second-level cache disabled
2026-07-18 14:53:08 [main] INFO  o.s.o.j.p.SpringPersistenceUnitInfo - No LoadTimeWeaver setup: ignoring JPA class transformer
2026-07-18 14:53:08 [main] INFO  com.zaxxer.hikari.HikariDataSource - HikariPool-7 - Starting...
2026-07-18 14:53:08 [main] INFO  com.zaxxer.hikari.pool.HikariPool - HikariPool-7 - Added connection conn60: url=jdbc:h2:mem:ecommercedb user=SA
2026-07-18 14:53:08 [main] INFO  com.zaxxer.hikari.HikariDataSource - HikariPool-7 - Start completed.
2026-07-18 14:53:08 [main] WARN  org.hibernate.orm.deprecation - HHH90000025: H2Dialect does not need to be specified explicitly using 'hibernate.dialect' (remove the property setting and it will be selected by default)
2026-07-18 14:53:08 [main] INFO  o.hibernate.orm.connections.pooling - HHH10001005: Database info:
	Database JDBC URL [Connecting through datasource 'HikariDataSource (HikariPool-7)']
	Database driver: undefined/unknown
	Database version: 2.3.232
	Autocommit mode: undefined/unknown
	Isolation level: undefined/unknown
	Minimum pool size: undefined/unknown
	Maximum pool size: undefined/unknown
2026-07-18 14:53:08 [main] INFO  o.h.e.t.j.p.i.JtaPlatformInitiator - HHH000489: No JTA platform available (set 'hibernate.transaction.jta.platform' to enable JTA platform integration)
2026-07-18 14:53:08 [main] DEBUG org.hibernate.SQL - 
    drop table if exists categorias cascade 
2026-07-18 14:53:08 [main] DEBUG org.hibernate.SQL - 
    drop table if exists clientes cascade 
2026-07-18 14:53:08 [main] DEBUG org.hibernate.SQL - 
    drop table if exists itens_pedido cascade 
2026-07-18 14:53:08 [main] DEBUG org.hibernate.SQL - 
    drop table if exists pagamentos cascade 
2026-07-18 14:53:08 [main] DEBUG org.hibernate.SQL - 
    drop table if exists pedidos cascade 
2026-07-18 14:53:08 [main] DEBUG org.hibernate.SQL - 
    drop table if exists produtos cascade 
2026-07-18 14:53:08 [main] DEBUG org.hibernate.SQL - 
    drop table if exists usuarios cascade 
2026-07-18 14:53:08 [main] DEBUG org.hibernate.SQL - 
    create table categorias (
        ativo boolean not null,
        id bigint generated by default as identity,
        nome varchar(100) not null,
        descricao TEXT,
        primary key (id)
    )
2026-07-18 14:53:08 [main] DEBUG org.hibernate.SQL - 
    create table clientes (
        ativo boolean not null,
        data_atualizacao timestamp(6),
        data_criacao timestamp(6) not null,
        id bigint generated by default as identity,
        cpf varchar(11) not null unique,
        telefone varchar(20),
        email varchar(255) not null unique,
        endereco TEXT,
        nome varchar(255) not null,
        primary key (id)
    )
2026-07-18 14:53:08 [main] DEBUG org.hibernate.SQL - 
    create table itens_pedido (
        preco_unitario numeric(10,2) not null,
        quantidade integer not null,
        id bigint generated by default as identity,
        pedido_id bigint not null,
        produto_id bigint not null,
        primary key (id)
    )
2026-07-18 14:53:08 [main] DEBUG org.hibernate.SQL - 
    create table pagamentos (
        valor float(53) not null,
        data_criacao timestamp(6) not null,
        id bigint generated by default as identity,
        pedido_id bigint not null,
        metodo varchar(50) not null,
        status enum ('APROVADO','PENDENTE','RECUSADO','REEMBOLSADO') not null,
        primary key (id)
    )
2026-07-18 14:53:08 [main] DEBUG org.hibernate.SQL - 
    create table pedidos (
        total float(53) not null,
        cliente_id bigint not null,
        data_atualizacao timestamp(6),
        data_criacao timestamp(6) not null,
        id bigint generated by default as identity,
        status enum ('CANCELADO','CONFIRMADO','ENTREGUE','ENVIADO','PENDENTE') not null,
        primary key (id)
    )
2026-07-18 14:53:08 [main] DEBUG org.hibernate.SQL - 
    create table produtos (
        ativo boolean not null,
        estoque integer not null,
        preco numeric(38,2) not null,
        categoria_id bigint not null,
        id bigint generated by default as identity,
        descricao TEXT,
        nome varchar(255) not null,
        primary key (id)
    )
2026-07-18 14:53:08 [main] DEBUG org.hibernate.SQL - 
    create table usuarios (
        ativo boolean not null,
        id bigint generated by default as identity,
        email varchar(255) not null unique,
        nome varchar(255) not null,
        senha varchar(255) not null,
        papel enum ('ADMIN','USER') not null,
        primary key (id)
    )
2026-07-18 14:53:08 [main] DEBUG org.hibernate.SQL - 
    alter table if exists itens_pedido 
       add constraint FK42mycompce3b7yt3l6ukdwsxy 
       foreign key (pedido_id) 
       references pedidos
2026-07-18 14:53:08 [main] DEBUG org.hibernate.SQL - 
    alter table if exists itens_pedido 
       add constraint FKxytdlekpdaobqphujy9bmuhl 
       foreign key (produto_id) 
       references produtos
2026-07-18 14:53:08 [main] DEBUG org.hibernate.SQL - 
    alter table if exists pagamentos 
       add constraint FKb0dh6865y8h4irwdrl4ici3kl 
       foreign key (pedido_id) 
       references pedidos
2026-07-18 14:53:08 [main] DEBUG org.hibernate.SQL - 
    alter table if exists pedidos 
       add constraint FKg7202lk0hwxn04bmdl2thth5b 
       foreign key (cliente_id) 
       references clientes
2026-07-18 14:53:08 [main] DEBUG org.hibernate.SQL - 
    alter table if exists produtos 
       add constraint FK8rqw0ljwdaom34jr2t46bjtrn 
       foreign key (categoria_id) 
       references categorias
2026-07-18 14:53:08 [main] INFO  o.s.o.j.LocalContainerEntityManagerFactoryBean - Initialized JPA EntityManagerFactory for persistence unit 'default'
2026-07-18 14:53:09 [main] DEBUG o.s.w.s.m.m.a.RequestMappingHandlerMapping - 41 mappings in 'requestMappingHandlerMapping'
2026-07-18 14:53:09 [main] DEBUG o.s.w.s.h.SimpleUrlHandlerMapping - Patterns [/h2-console] in 'viewControllerHandlerMapping'
2026-07-18 14:53:09 [main] DEBUG o.s.w.s.h.SimpleUrlHandlerMapping - Patterns [/webjars/**, /**, /swagger-ui/**, /swagger-ui/*swagger-initializer.js, /webjars/*swagger-ui/**, /webjars/*swagger-ui/*swagger-initializer.js, /webjars/*swagger-ui/5.32.2/*swagger-initializer.js] in 'resourceHandlerMapping'
2026-07-18 14:53:09 [main] DEBUG o.s.s.c.a.a.c.AuthenticationConfiguration$DefaultPasswordEncoderAuthenticationManagerBuilder - No authenticationProviders and no parentAuthenticationManager defined. Returning null.
2026-07-18 14:53:09 [main] DEBUG o.s.s.web.DefaultSecurityFilterChain - Will secure any request with filters: DisableEncodeUrlFilter, WebAsyncManagerIntegrationFilter, SecurityContextHolderFilter, HeaderWriterFilter, LogoutFilter, JwtAuthenticationFilter, RequestCacheAwareFilter, SecurityContextHolderAwareRequestFilter, AnonymousAuthenticationFilter, SessionManagementFilter, ExceptionTranslationFilter, AuthorizationFilter
2026-07-18 14:53:09 [main] DEBUG o.s.w.s.m.m.a.RequestMappingHandlerAdapter - ControllerAdvice beans: 0 @ModelAttribute, 0 @InitBinder, 1 RequestBodyAdvice, 1 ResponseBodyAdvice
2026-07-18 14:53:09 [main] DEBUG o.s.w.s.m.m.a.ExceptionHandlerExceptionResolver - ControllerAdvice beans: 2 @ExceptionHandler, 1 ResponseBodyAdvice
2026-07-18 14:53:09 [main] INFO  com.ecommerce.ProdutoServiceTest - Started ProdutoServiceTest in 2.403 seconds (process running for 50.799)
2026-07-18 14:53:09 [main] WARN  o.s.c.events.SpringDocAppInitializer - SpringDoc /v3/api-docs endpoint is enabled by default. To disable it in production, set the property 'springdoc.api-docs.enabled=false'
2026-07-18 14:53:09 [main] DEBUG org.hibernate.SQL - 
    /* insert for
        com.ecommerce.api.model.Categoria */insert 
    into
        categorias (ativo, descricao, nome, id) 
    values
        (?, ?, ?, default)
2026-07-18 14:53:09 [main] DEBUG org.hibernate.SQL - 
    /* insert for
        com.ecommerce.api.model.Produto */insert 
    into
        produtos (ativo, categoria_id, descricao, estoque, nome, preco, id) 
    values
        (?, ?, ?, ?, ?, ?, default)
2026-07-18 14:53:09 [main] INFO  c.e.api.service.ProdutoService - Aumentando estoque do produto 1 em 5 unidades
2026-07-18 14:53:09 [main] DEBUG org.hibernate.SQL - 
    select
        p1_0.id,
        p1_0.ativo,
        p1_0.categoria_id,
        c1_0.id,
        c1_0.ativo,
        c1_0.descricao,
        c1_0.nome,
        p1_0.descricao,
        p1_0.estoque,
        p1_0.nome,
        p1_0.preco 
    from
        produtos p1_0 
    join
        categorias c1_0 
            on c1_0.id=p1_0.categoria_id 
    where
        p1_0.id=?
2026-07-18 14:53:09 [main] DEBUG c.e.api.service.ProdutoService - Estoque aumentado com sucesso. Novo estoque: 15
2026-07-18 14:53:09 [main] DEBUG org.hibernate.SQL - 
    /* update
        for com.ecommerce.api.model.Produto */update produtos 
    set
        ativo=?,
        categoria_id=?,
        descricao=?,
        estoque=?,
        nome=?,
        preco=? 
    where
        id=?
2026-07-18 14:53:09 [main] DEBUG org.hibernate.SQL - 
    /* insert for
        com.ecommerce.api.model.Categoria */insert 
    into
        categorias (ativo, descricao, nome, id) 
    values
        (?, ?, ?, default)
2026-07-18 14:53:09 [main] DEBUG org.hibernate.SQL - 
    /* insert for
        com.ecommerce.api.model.Produto */insert 
    into
        produtos (ativo, categoria_id, descricao, estoque, nome, preco, id) 
    values
        (?, ?, ?, ?, ?, ?, default)
2026-07-18 14:53:10 [main] INFO  c.e.api.service.ProdutoService - Diminuindo estoque do produto 2 em 3 unidades
2026-07-18 14:53:10 [main] DEBUG org.hibernate.SQL - 
    select
        p1_0.id,
        p1_0.ativo,
        p1_0.categoria_id,
        c1_0.id,
        c1_0.ativo,
        c1_0.descricao,
        c1_0.nome,
        p1_0.descricao,
        p1_0.estoque,
        p1_0.nome,
        p1_0.preco 
    from
        produtos p1_0 
    join
        categorias c1_0 
            on c1_0.id=p1_0.categoria_id 
    where
        p1_0.id=?
2026-07-18 14:53:10 [main] DEBUG c.e.api.service.ProdutoService - Estoque diminuído com sucesso. Novo estoque: 7
2026-07-18 14:53:10 [main] DEBUG org.hibernate.SQL - 
    /* update
        for com.ecommerce.api.model.Produto */update produtos 
    set
        ativo=?,
        categoria_id=?,
        descricao=?,
        estoque=?,
        nome=?,
        preco=? 
    where
        id=?
2026-07-18 14:53:10 [main] DEBUG org.hibernate.SQL - 
    /* insert for
        com.ecommerce.api.model.Categoria */insert 
    into
        categorias (ativo, descricao, nome, id) 
    values
        (?, ?, ?, default)
2026-07-18 14:53:10 [main] DEBUG org.hibernate.SQL - 
    /* insert for
        com.ecommerce.api.model.Produto */insert 
    into
        produtos (ativo, categoria_id, descricao, estoque, nome, preco, id) 
    values
        (?, ?, ?, ?, ?, ?, default)
2026-07-18 14:53:10 [main] INFO  c.e.api.service.ProdutoService - Diminuindo estoque do produto 3 em 15 unidades
2026-07-18 14:53:10 [main] DEBUG org.hibernate.SQL - 
    select
        p1_0.id,
        p1_0.ativo,
        p1_0.categoria_id,
        c1_0.id,
        c1_0.ativo,
        c1_0.descricao,
        c1_0.nome,
        p1_0.descricao,
        p1_0.estoque,
        p1_0.nome,
        p1_0.preco 
    from
        produtos p1_0 
    join
        categorias c1_0 
            on c1_0.id=p1_0.categoria_id 
    where
        p1_0.id=?
2026-07-18 14:53:10 [main] WARN  c.e.api.service.ProdutoService - Estoque insuficiente para produto 3: disponível 10, solicitado 15
2026-07-18 14:53:10 [main] WARN  c.e.api.service.UsuarioService - Tentativa de login com email não encontrado: naoexiste@teste.com
2026-07-18 14:53:10 [main] WARN  c.e.api.service.UsuarioService - Tentativa de registro com email já existente: usuario@teste.com
2026-07-18 14:53:10 [main] INFO  c.e.api.service.UsuarioService - Login realizado com sucesso: usuario@teste.com
2026-07-18 14:53:10 [main] WARN  c.e.api.service.UsuarioService - Tentativa de login com senha incorreta: usuario@teste.com
2026-07-18 14:53:10 [main] INFO  c.e.api.service.UsuarioService - Novo usuário registrado: usuario@teste.com
2026-07-18 14:53:10 [main] INFO  c.e.api.service.UsuarioService - Usuário atualizado: usuario@teste.com
2026-07-18 14:53:10 [main] INFO  c.e.api.service.UsuarioService - Usuário deletado com ID: 1
2026-07-18 14:53:10 [SpringApplicationShutdownHook] DEBUG o.s.w.c.s.GenericWebApplicationContext - Closing org.springframework.web.context.support.GenericWebApplicationContext@67afe909, started on Sat Jul 18 14:52:28 GMT-03:00 2026
2026-07-18 14:53:11 [SpringApplicationShutdownHook] INFO  o.s.o.j.LocalContainerEntityManagerFactoryBean - Closing JPA EntityManagerFactory for persistence unit 'default'
2026-07-18 14:53:11 [SpringApplicationShutdownHook] DEBUG org.hibernate.SQL - 
    drop table if exists categorias cascade 
2026-07-18 14:53:11 [SpringApplicationShutdownHook] DEBUG org.hibernate.SQL - 
    drop table if exists clientes cascade 
2026-07-18 14:53:11 [SpringApplicationShutdownHook] DEBUG org.hibernate.SQL - 
    drop table if exists itens_pedido cascade 
2026-07-18 14:53:11 [SpringApplicationShutdownHook] DEBUG org.hibernate.SQL - 
    drop table if exists pagamentos cascade 
2026-07-18 14:53:11 [SpringApplicationShutdownHook] DEBUG org.hibernate.SQL - 
    drop table if exists pedidos cascade 
2026-07-18 14:53:11 [SpringApplicationShutdownHook] DEBUG org.hibernate.SQL - 
    drop table if exists produtos cascade 
2026-07-18 14:53:11 [SpringApplicationShutdownHook] DEBUG org.hibernate.SQL - 
    drop table if exists usuarios cascade 
2026-07-18 14:53:11 [SpringApplicationShutdownHook] INFO  com.zaxxer.hikari.HikariDataSource - HikariPool-1 - Shutdown initiated...
2026-07-18 14:53:11 [SpringApplicationShutdownHook] INFO  com.zaxxer.hikari.HikariDataSource - HikariPool-1 - Shutdown completed.
2026-07-18 14:53:11 [SpringApplicationShutdownHook] DEBUG o.s.w.c.s.GenericWebApplicationContext - Closing org.springframework.web.context.support.GenericWebApplicationContext@52100f8b, started on Sat Jul 18 14:52:50 GMT-03:00 2026
2026-07-18 14:53:11 [SpringApplicationShutdownHook] INFO  o.s.o.j.LocalContainerEntityManagerFactoryBean - Closing JPA EntityManagerFactory for persistence unit 'default'
2026-07-18 14:53:11 [SpringApplicationShutdownHook] DEBUG org.hibernate.SQL - 
    drop table if exists categorias cascade 
2026-07-18 14:53:11 [SpringApplicationShutdownHook] DEBUG org.hibernate.SQL - 
    drop table if exists clientes cascade 
2026-07-18 14:53:11 [SpringApplicationShutdownHook] DEBUG org.hibernate.SQL - 
    drop table if exists itens_pedido cascade 
2026-07-18 14:53:11 [SpringApplicationShutdownHook] DEBUG org.hibernate.SQL - 
    drop table if exists pagamentos cascade 
2026-07-18 14:53:11 [SpringApplicationShutdownHook] DEBUG org.hibernate.SQL - 
    drop table if exists pedidos cascade 
2026-07-18 14:53:11 [SpringApplicationShutdownHook] DEBUG org.hibernate.SQL - 
    drop table if exists produtos cascade 
2026-07-18 14:53:11 [SpringApplicationShutdownHook] DEBUG org.hibernate.SQL - 
    drop table if exists usuarios cascade 
2026-07-18 14:53:11 [SpringApplicationShutdownHook] INFO  com.zaxxer.hikari.HikariDataSource - HikariPool-2 - Shutdown initiated...
2026-07-18 14:53:11 [SpringApplicationShutdownHook] INFO  com.zaxxer.hikari.HikariDataSource - HikariPool-2 - Shutdown completed.
2026-07-18 14:53:11 [SpringApplicationShutdownHook] DEBUG o.s.w.c.s.GenericWebApplicationContext - Closing org.springframework.web.context.support.GenericWebApplicationContext@61e83eb1, started on Sat Jul 18 14:52:55 GMT-03:00 2026
2026-07-18 14:53:11 [SpringApplicationShutdownHook] INFO  o.s.o.j.LocalContainerEntityManagerFactoryBean - Closing JPA EntityManagerFactory for persistence unit 'default'
2026-07-18 14:53:11 [SpringApplicationShutdownHook] DEBUG org.hibernate.SQL - 
    drop table if exists categorias cascade 
2026-07-18 14:53:11 [SpringApplicationShutdownHook] DEBUG org.hibernate.SQL - 
    drop table if exists clientes cascade 
2026-07-18 14:53:11 [SpringApplicationShutdownHook] DEBUG org.hibernate.SQL - 
    drop table if exists itens_pedido cascade 
2026-07-18 14:53:11 [SpringApplicationShutdownHook] DEBUG org.hibernate.SQL - 
    drop table if exists pagamentos cascade 
2026-07-18 14:53:11 [SpringApplicationShutdownHook] DEBUG org.hibernate.SQL - 
    drop table if exists pedidos cascade 
2026-07-18 14:53:11 [SpringApplicationShutdownHook] DEBUG org.hibernate.SQL - 
    drop table if exists produtos cascade 
2026-07-18 14:53:11 [SpringApplicationShutdownHook] DEBUG org.hibernate.SQL - 
    drop table if exists usuarios cascade 
2026-07-18 14:53:11 [SpringApplicationShutdownHook] INFO  com.zaxxer.hikari.HikariDataSource - HikariPool-3 - Shutdown initiated...
2026-07-18 14:53:11 [SpringApplicationShutdownHook] INFO  com.zaxxer.hikari.HikariDataSource - HikariPool-3 - Shutdown completed.
2026-07-18 14:53:11 [SpringApplicationShutdownHook] DEBUG o.s.w.c.s.GenericWebApplicationContext - Closing org.springframework.web.context.support.GenericWebApplicationContext@680c02e, started on Sat Jul 18 14:52:59 GMT-03:00 2026
2026-07-18 14:53:11 [SpringApplicationShutdownHook] INFO  o.s.o.j.LocalContainerEntityManagerFactoryBean - Closing JPA EntityManagerFactory for persistence unit 'default'
2026-07-18 14:53:11 [SpringApplicationShutdownHook] DEBUG org.hibernate.SQL - 
    drop table if exists categorias cascade 
2026-07-18 14:53:11 [SpringApplicationShutdownHook] DEBUG org.hibernate.SQL - 
    drop table if exists clientes cascade 
2026-07-18 14:53:11 [SpringApplicationShutdownHook] DEBUG org.hibernate.SQL - 
    drop table if exists itens_pedido cascade 
2026-07-18 14:53:11 [SpringApplicationShutdownHook] DEBUG org.hibernate.SQL - 
    drop table if exists pagamentos cascade 
2026-07-18 14:53:11 [SpringApplicationShutdownHook] DEBUG org.hibernate.SQL - 
    drop table if exists pedidos cascade 
2026-07-18 14:53:11 [SpringApplicationShutdownHook] DEBUG org.hibernate.SQL - 
    drop table if exists produtos cascade 
2026-07-18 14:53:11 [SpringApplicationShutdownHook] DEBUG org.hibernate.SQL - 
    drop table if exists usuarios cascade 
2026-07-18 14:53:11 [SpringApplicationShutdownHook] INFO  com.zaxxer.hikari.HikariDataSource - HikariPool-4 - Shutdown initiated...
2026-07-18 14:53:11 [SpringApplicationShutdownHook] INFO  com.zaxxer.hikari.HikariDataSource - HikariPool-4 - Shutdown completed.
2026-07-18 14:53:11 [SpringApplicationShutdownHook] DEBUG o.s.w.c.s.GenericWebApplicationContext - Closing org.springframework.web.context.support.GenericWebApplicationContext@75de001f, started on Sat Jul 18 14:53:02 GMT-03:00 2026
2026-07-18 14:53:11 [SpringApplicationShutdownHook] INFO  o.s.o.j.LocalContainerEntityManagerFactoryBean - Closing JPA EntityManagerFactory for persistence unit 'default'
2026-07-18 14:53:11 [SpringApplicationShutdownHook] DEBUG org.hibernate.SQL - 
    drop table if exists categorias cascade 
2026-07-18 14:53:11 [SpringApplicationShutdownHook] DEBUG org.hibernate.SQL - 
    drop table if exists clientes cascade 
2026-07-18 14:53:11 [SpringApplicationShutdownHook] DEBUG org.hibernate.SQL - 
    drop table if exists itens_pedido cascade 
2026-07-18 14:53:11 [SpringApplicationShutdownHook] DEBUG org.hibernate.SQL - 
    drop table if exists pagamentos cascade 
2026-07-18 14:53:11 [SpringApplicationShutdownHook] DEBUG org.hibernate.SQL - 
    drop table if exists pedidos cascade 
2026-07-18 14:53:11 [SpringApplicationShutdownHook] DEBUG org.hibernate.SQL - 
    drop table if exists produtos cascade 
2026-07-18 14:53:11 [SpringApplicationShutdownHook] DEBUG org.hibernate.SQL - 
    drop table if exists usuarios cascade 
2026-07-18 14:53:11 [SpringApplicationShutdownHook] INFO  com.zaxxer.hikari.HikariDataSource - HikariPool-5 - Shutdown initiated...
2026-07-18 14:53:11 [SpringApplicationShutdownHook] INFO  com.zaxxer.hikari.HikariDataSource - HikariPool-5 - Shutdown completed.
2026-07-18 14:53:11 [SpringApplicationShutdownHook] DEBUG o.s.w.c.s.GenericWebApplicationContext - Closing org.springframework.web.context.support.GenericWebApplicationContext@1571075c, started on Sat Jul 18 14:53:04 GMT-03:00 2026
2026-07-18 14:53:11 [SpringApplicationShutdownHook] INFO  o.s.o.j.LocalContainerEntityManagerFactoryBean - Closing JPA EntityManagerFactory for persistence unit 'default'
2026-07-18 14:53:11 [SpringApplicationShutdownHook] DEBUG org.hibernate.SQL - 
    drop table if exists categorias cascade 
2026-07-18 14:53:11 [SpringApplicationShutdownHook] DEBUG org.hibernate.SQL - 
    drop table if exists clientes cascade 
2026-07-18 14:53:11 [SpringApplicationShutdownHook] DEBUG org.hibernate.SQL - 
    drop table if exists itens_pedido cascade 
2026-07-18 14:53:11 [SpringApplicationShutdownHook] DEBUG org.hibernate.SQL - 
    drop table if exists pagamentos cascade 
2026-07-18 14:53:11 [SpringApplicationShutdownHook] DEBUG org.hibernate.SQL - 
    drop table if exists pedidos cascade 
2026-07-18 14:53:11 [SpringApplicationShutdownHook] DEBUG org.hibernate.SQL - 
    drop table if exists produtos cascade 
2026-07-18 14:53:11 [SpringApplicationShutdownHook] DEBUG org.hibernate.SQL - 
    drop table if exists usuarios cascade 
2026-07-18 14:53:11 [SpringApplicationShutdownHook] INFO  com.zaxxer.hikari.HikariDataSource - HikariPool-6 - Shutdown initiated...
2026-07-18 14:53:11 [SpringApplicationShutdownHook] INFO  com.zaxxer.hikari.HikariDataSource - HikariPool-6 - Shutdown completed.
2026-07-18 14:53:11 [SpringApplicationShutdownHook] DEBUG o.s.w.c.s.GenericWebApplicationContext - Closing org.springframework.web.context.support.GenericWebApplicationContext@694a58d6, started on Sat Jul 18 14:53:07 GMT-03:00 2026
2026-07-18 14:53:11 [SpringApplicationShutdownHook] INFO  o.s.o.j.LocalContainerEntityManagerFactoryBean - Closing JPA EntityManagerFactory for persistence unit 'default'
2026-07-18 14:53:11 [SpringApplicationShutdownHook] DEBUG org.hibernate.SQL - 
    drop table if exists categorias cascade 
2026-07-18 14:53:11 [SpringApplicationShutdownHook] DEBUG org.hibernate.SQL - 
    drop table if exists clientes cascade 
2026-07-18 14:53:11 [SpringApplicationShutdownHook] DEBUG org.hibernate.SQL - 
    drop table if exists itens_pedido cascade 
2026-07-18 14:53:11 [SpringApplicationShutdownHook] DEBUG org.hibernate.SQL - 
    drop table if exists pagamentos cascade 
2026-07-18 14:53:11 [SpringApplicationShutdownHook] DEBUG org.hibernate.SQL - 
    drop table if exists pedidos cascade 
2026-07-18 14:53:11 [SpringApplicationShutdownHook] DEBUG org.hibernate.SQL - 
    drop table if exists produtos cascade 
2026-07-18 14:53:11 [SpringApplicationShutdownHook] DEBUG org.hibernate.SQL - 
    drop table if exists usuarios cascade 
2026-07-18 14:53:11 [SpringApplicationShutdownHook] INFO  com.zaxxer.hikari.HikariDataSource - HikariPool-7 - Shutdown initiated...
2026-07-18 14:53:11 [SpringApplicationShutdownHook] INFO  com.zaxxer.hikari.HikariDataSource - HikariPool-7 - Shutdown completed.
2026-07-18 15:02:22 [background-preinit] INFO  o.h.validator.internal.util.Version - HV000001: Hibernate Validator 8.0.3.Final
2026-07-18 15:02:22 [Thread-0] INFO  o.s.boot.SpringApplication - Starting application using Java 25.0.2 with PID 20044 (started by PabloBezerradaSilva in C:\Users\PabloBezerradaSilva\Documents\Java\fourcamp26-pablosilva\ecommerce-api)
2026-07-18 15:02:22 [Thread-0] INFO  o.s.boot.SpringApplication - No active profile set, falling back to 1 default profile: "default"
2026-07-18 15:02:22 [Thread-0] INFO  o.s.b.d.e.DevToolsPropertyDefaultsPostProcessor - For additional web related logging consider setting the 'logging.level.web' property to 'DEBUG'
2026-07-18 15:02:23 [Thread-0] INFO  o.s.d.r.c.RepositoryConfigurationDelegate - Bootstrapping Spring Data JPA repositories in DEFAULT mode.
2026-07-18 15:02:23 [Thread-0] INFO  o.s.d.r.c.RepositoryConfigurationDelegate - Finished Spring Data repository scanning in 98 ms. Found 6 JPA repository interfaces.
2026-07-18 15:02:24 [Thread-0] INFO  o.s.b.w.e.tomcat.TomcatWebServer - Tomcat initialized with port 8080 (http)
2026-07-18 15:02:24 [Thread-0] INFO  o.a.coyote.http11.Http11NioProtocol - Initializing ProtocolHandler ["http-nio-8080"]
2026-07-18 15:02:24 [Thread-0] INFO  o.a.catalina.core.StandardService - Starting service [Tomcat]
2026-07-18 15:02:24 [Thread-0] INFO  o.a.catalina.core.StandardEngine - Starting Servlet engine: [Apache Tomcat/10.1.55]
2026-07-18 15:02:24 [Thread-0] INFO  o.a.c.c.C.[.[localhost].[/api] - Initializing Spring embedded WebApplicationContext
2026-07-18 15:02:24 [Thread-0] INFO  o.s.b.w.s.c.ServletWebServerApplicationContext - Root WebApplicationContext: initialization completed in 1713 ms
2026-07-18 15:02:24 [Thread-0] DEBUG c.e.a.s.JwtAuthenticationFilter - Filter 'jwtAuthenticationFilter' configured for use
2026-07-18 15:02:24 [Thread-0] INFO  o.h.jpa.internal.util.LogHelper - HHH000204: Processing PersistenceUnitInfo [name: default]
2026-07-18 15:02:24 [Thread-0] INFO  org.hibernate.Version - HHH000412: Hibernate ORM core version 6.6.53.Final
2026-07-18 15:02:24 [Thread-0] INFO  o.h.c.i.RegionFactoryInitiator - HHH000026: Second-level cache disabled
2026-07-18 15:02:24 [Thread-0] INFO  o.s.o.j.p.SpringPersistenceUnitInfo - No LoadTimeWeaver setup: ignoring JPA class transformer
2026-07-18 15:02:24 [Thread-0] INFO  com.zaxxer.hikari.HikariDataSource - HikariPool-1 - Starting...
2026-07-18 15:02:25 [Thread-0] INFO  com.zaxxer.hikari.pool.HikariPool - HikariPool-1 - Added connection conn0: url=jdbc:h2:mem:ecommercedb user=SA
2026-07-18 15:02:25 [Thread-0] INFO  com.zaxxer.hikari.HikariDataSource - HikariPool-1 - Start completed.
2026-07-18 15:02:25 [Thread-0] WARN  org.hibernate.orm.deprecation - HHH90000025: H2Dialect does not need to be specified explicitly using 'hibernate.dialect' (remove the property setting and it will be selected by default)
2026-07-18 15:02:25 [Thread-0] INFO  o.hibernate.orm.connections.pooling - HHH10001005: Database info:
	Database JDBC URL [Connecting through datasource 'HikariDataSource (HikariPool-1)']
	Database driver: undefined/unknown
	Database version: 2.3.232
	Autocommit mode: undefined/unknown
	Isolation level: undefined/unknown
	Minimum pool size: undefined/unknown
	Maximum pool size: undefined/unknown
2026-07-18 15:02:26 [Thread-0] INFO  o.h.e.t.j.p.i.JtaPlatformInitiator - HHH000489: No JTA platform available (set 'hibernate.transaction.jta.platform' to enable JTA platform integration)
2026-07-18 15:02:26 [Thread-0] DEBUG org.hibernate.SQL - 
    drop table if exists categorias cascade 
2026-07-18 15:02:26 [Thread-0] DEBUG org.hibernate.SQL - 
    drop table if exists clientes cascade 
2026-07-18 15:02:26 [Thread-0] DEBUG org.hibernate.SQL - 
    drop table if exists itens_pedido cascade 
2026-07-18 15:02:26 [Thread-0] DEBUG org.hibernate.SQL - 
    drop table if exists pagamentos cascade 
2026-07-18 15:02:26 [Thread-0] DEBUG org.hibernate.SQL - 
    drop table if exists pedidos cascade 
2026-07-18 15:02:26 [Thread-0] DEBUG org.hibernate.SQL - 
    drop table if exists produtos cascade 
2026-07-18 15:02:26 [Thread-0] DEBUG org.hibernate.SQL - 
    drop table if exists usuarios cascade 
2026-07-18 15:02:26 [Thread-0] DEBUG org.hibernate.SQL - 
    create table categorias (
        ativo boolean not null,
        id bigint generated by default as identity,
        nome varchar(100) not null,
        descricao TEXT,
        primary key (id)
    )
2026-07-18 15:02:26 [Thread-0] DEBUG org.hibernate.SQL - 
    create table clientes (
        ativo boolean not null,
        data_atualizacao timestamp(6),
        data_criacao timestamp(6) not null,
        id bigint generated by default as identity,
        cpf varchar(11) not null unique,
        telefone varchar(20),
        email varchar(255) not null unique,
        endereco TEXT,
        nome varchar(255) not null,
        primary key (id)
    )
2026-07-18 15:02:26 [Thread-0] DEBUG org.hibernate.SQL - 
    create table itens_pedido (
        preco_unitario numeric(10,2) not null,
        quantidade integer not null,
        id bigint generated by default as identity,
        pedido_id bigint not null,
        produto_id bigint not null,
        primary key (id)
    )
2026-07-18 15:02:26 [Thread-0] DEBUG org.hibernate.SQL - 
    create table pagamentos (
        valor float(53) not null,
        data_criacao timestamp(6) not null,
        id bigint generated by default as identity,
        pedido_id bigint not null,
        metodo varchar(50) not null,
        status enum ('APROVADO','PENDENTE','RECUSADO','REEMBOLSADO') not null,
        primary key (id)
    )
2026-07-18 15:02:26 [Thread-0] DEBUG org.hibernate.SQL - 
    create table pedidos (
        total float(53) not null,
        cliente_id bigint not null,
        data_atualizacao timestamp(6),
        data_criacao timestamp(6) not null,
        id bigint generated by default as identity,
        status enum ('CANCELADO','CONFIRMADO','ENTREGUE','ENVIADO','PENDENTE') not null,
        primary key (id)
    )
2026-07-18 15:02:26 [Thread-0] DEBUG org.hibernate.SQL - 
    create table produtos (
        ativo boolean not null,
        estoque integer not null,
        preco numeric(38,2) not null,
        categoria_id bigint not null,
        id bigint generated by default as identity,
        descricao TEXT,
        nome varchar(255) not null,
        primary key (id)
    )
2026-07-18 15:02:26 [Thread-0] DEBUG org.hibernate.SQL - 
    create table usuarios (
        ativo boolean not null,
        id bigint generated by default as identity,
        email varchar(255) not null unique,
        nome varchar(255) not null,
        senha varchar(255) not null,
        papel enum ('ADMIN','USER') not null,
        primary key (id)
    )
2026-07-18 15:02:26 [Thread-0] DEBUG org.hibernate.SQL - 
    alter table if exists itens_pedido 
       add constraint FK42mycompce3b7yt3l6ukdwsxy 
       foreign key (pedido_id) 
       references pedidos
2026-07-18 15:02:26 [Thread-0] DEBUG org.hibernate.SQL - 
    alter table if exists itens_pedido 
       add constraint FKxytdlekpdaobqphujy9bmuhl 
       foreign key (produto_id) 
       references produtos
2026-07-18 15:02:26 [Thread-0] DEBUG org.hibernate.SQL - 
    alter table if exists pagamentos 
       add constraint FKb0dh6865y8h4irwdrl4ici3kl 
       foreign key (pedido_id) 
       references pedidos
2026-07-18 15:02:26 [Thread-0] DEBUG org.hibernate.SQL - 
    alter table if exists pedidos 
       add constraint FKg7202lk0hwxn04bmdl2thth5b 
       foreign key (cliente_id) 
       references clientes
2026-07-18 15:02:26 [Thread-0] DEBUG org.hibernate.SQL - 
    alter table if exists produtos 
       add constraint FK8rqw0ljwdaom34jr2t46bjtrn 
       foreign key (categoria_id) 
       references categorias
2026-07-18 15:02:26 [Thread-0] INFO  o.s.o.j.LocalContainerEntityManagerFactoryBean - Initialized JPA EntityManagerFactory for persistence unit 'default'
2026-07-18 15:02:27 [Thread-0] DEBUG o.s.w.s.m.m.a.RequestMappingHandlerMapping - 41 mappings in 'requestMappingHandlerMapping'
2026-07-18 15:02:27 [Thread-0] DEBUG o.s.w.s.h.SimpleUrlHandlerMapping - Patterns [/h2-console] in 'viewControllerHandlerMapping'
2026-07-18 15:02:27 [Thread-0] DEBUG o.s.w.s.h.SimpleUrlHandlerMapping - Patterns [/webjars/**, /**, /swagger-ui/**, /swagger-ui/*swagger-initializer.js, /webjars/*swagger-ui/**, /webjars/*swagger-ui/*swagger-initializer.js, /webjars/*swagger-ui/5.32.2/*swagger-initializer.js] in 'resourceHandlerMapping'
2026-07-18 15:02:27 [Thread-0] DEBUG o.s.s.c.a.a.c.AuthenticationConfiguration$DefaultPasswordEncoderAuthenticationManagerBuilder - No authenticationProviders and no parentAuthenticationManager defined. Returning null.
2026-07-18 15:02:27 [Thread-0] DEBUG o.s.s.web.DefaultSecurityFilterChain - Will secure any request with filters: DisableEncodeUrlFilter, WebAsyncManagerIntegrationFilter, SecurityContextHolderFilter, HeaderWriterFilter, LogoutFilter, JwtAuthenticationFilter, RequestCacheAwareFilter, SecurityContextHolderAwareRequestFilter, AnonymousAuthenticationFilter, SessionManagementFilter, ExceptionTranslationFilter, AuthorizationFilter
2026-07-18 15:02:27 [Thread-0] DEBUG o.s.w.s.m.m.a.RequestMappingHandlerAdapter - ControllerAdvice beans: 0 @ModelAttribute, 0 @InitBinder, 1 RequestBodyAdvice, 1 ResponseBodyAdvice
2026-07-18 15:02:27 [Thread-0] DEBUG o.s.w.s.m.m.a.ExceptionHandlerExceptionResolver - ControllerAdvice beans: 2 @ExceptionHandler, 1 ResponseBodyAdvice
2026-07-18 15:02:27 [Thread-0] INFO  o.a.coyote.http11.Http11NioProtocol - Starting ProtocolHandler ["http-nio-8080"]
2026-07-18 15:02:27 [Thread-0] INFO  o.s.b.w.e.tomcat.TomcatWebServer - Tomcat started on port 8080 (http) with context path '/api'
2026-07-18 15:02:27 [Thread-0] INFO  o.s.boot.SpringApplication - Started application in 5.796 seconds (process running for 7.87)
2026-07-18 15:02:27 [Thread-0] WARN  o.s.c.events.SpringDocAppInitializer - SpringDoc /v3/api-docs endpoint is enabled by default. To disable it in production, set the property 'springdoc.api-docs.enabled=false'
2026-07-18 15:02:58 [http-nio-8080-exec-1] INFO  o.a.c.c.C.[.[localhost].[/api] - Initializing Spring DispatcherServlet 'dispatcherServlet'
2026-07-18 15:02:58 [http-nio-8080-exec-1] INFO  o.s.web.servlet.DispatcherServlet - Initializing Servlet 'dispatcherServlet'
2026-07-18 15:02:58 [http-nio-8080-exec-1] DEBUG o.s.web.servlet.DispatcherServlet - Detected StandardServletMultipartResolver
2026-07-18 15:02:58 [http-nio-8080-exec-1] DEBUG o.s.web.servlet.DispatcherServlet - Detected AcceptHeaderLocaleResolver
2026-07-18 15:02:58 [http-nio-8080-exec-1] DEBUG o.s.web.servlet.DispatcherServlet - Detected FixedThemeResolver
2026-07-18 15:02:58 [http-nio-8080-exec-1] DEBUG o.s.web.servlet.DispatcherServlet - Detected org.springframework.web.servlet.view.DefaultRequestToViewNameTranslator@74d321eb
2026-07-18 15:02:58 [http-nio-8080-exec-1] DEBUG o.s.web.servlet.DispatcherServlet - Detected org.springframework.web.servlet.support.SessionFlashMapManager@3899df68
2026-07-18 15:02:58 [http-nio-8080-exec-1] DEBUG o.s.web.servlet.DispatcherServlet - enableLoggingRequestDetails='false': request parameters and headers will be masked to prevent unsafe logging of potentially sensitive data
2026-07-18 15:02:58 [http-nio-8080-exec-1] INFO  o.s.web.servlet.DispatcherServlet - Completed initialization in 3 ms
2026-07-18 15:02:58 [http-nio-8080-exec-1] DEBUG o.s.security.web.FilterChainProxy - Securing POST /clientes
2026-07-18 15:02:58 [http-nio-8080-exec-1] DEBUG o.s.s.w.a.AnonymousAuthenticationFilter - Set SecurityContextHolder to anonymous SecurityContext
2026-07-18 15:03:08 [SpringApplicationShutdownHook] INFO  o.s.b.w.e.tomcat.GracefulShutdown - Commencing graceful shutdown. Waiting for active requests to complete
2026-07-18 15:03:08 [tomcat-shutdown] INFO  o.s.b.w.e.tomcat.GracefulShutdown - Graceful shutdown complete
2026-07-18 15:03:08 [SpringApplicationShutdownHook] INFO  o.s.o.j.LocalContainerEntityManagerFactoryBean - Closing JPA EntityManagerFactory for persistence unit 'default'
2026-07-18 15:03:08 [SpringApplicationShutdownHook] DEBUG org.hibernate.SQL - 
    drop table if exists categorias cascade 
2026-07-18 15:03:08 [SpringApplicationShutdownHook] DEBUG org.hibernate.SQL - 
    drop table if exists clientes cascade 
2026-07-18 15:03:08 [SpringApplicationShutdownHook] DEBUG org.hibernate.SQL - 
    drop table if exists itens_pedido cascade 
2026-07-18 15:03:08 [SpringApplicationShutdownHook] DEBUG org.hibernate.SQL - 
    drop table if exists pagamentos cascade 
2026-07-18 15:03:08 [SpringApplicationShutdownHook] DEBUG org.hibernate.SQL - 
    drop table if exists pedidos cascade 
2026-07-18 15:03:08 [SpringApplicationShutdownHook] DEBUG org.hibernate.SQL - 
    drop table if exists produtos cascade 
2026-07-18 15:03:08 [SpringApplicationShutdownHook] DEBUG org.hibernate.SQL - 
    drop table if exists usuarios cascade 
2026-07-18 15:03:08 [SpringApplicationShutdownHook] WARN  o.s.b.f.s.DisposableBeanAdapter - Invocation of destroy method failed on bean with name 'inMemoryDatabaseShutdownExecutor': org.h2.jdbc.JdbcSQLNonTransientConnectionException: Database is already closed (to disable automatic closing at VM shutdown, add ";DB_CLOSE_ON_EXIT=FALSE" to the db URL) [90121-232]
2026-07-18 15:03:08 [SpringApplicationShutdownHook] INFO  com.zaxxer.hikari.HikariDataSource - HikariPool-1 - Shutdown initiated...
2026-07-18 15:03:08 [SpringApplicationShutdownHook] INFO  com.zaxxer.hikari.HikariDataSource - HikariPool-1 - Shutdown completed.
