2026-07-20 16:34:25 [background-preinit] INFO  o.h.validator.internal.util.Version - HV000001: Hibernate Validator 8.0.3.Final
2026-07-20 16:34:25 [main] INFO  com.ecommerce.AuthControllerTest - Starting AuthControllerTest using Java 25.0.2 with PID 17932 (started by PabloBezerradaSilva in C:\Users\PabloBezerradaSilva\Documents\Java\fourcamp26-pablosilva\ecommerce-api)
2026-07-20 16:34:25 [main] DEBUG com.ecommerce.AuthControllerTest - Running with Spring Boot v3.5.16, Spring v6.2.19
2026-07-20 16:34:25 [main] INFO  com.ecommerce.AuthControllerTest - No active profile set, falling back to 1 default profile: "default"
2026-07-20 16:34:26 [main] DEBUG o.s.w.c.s.GenericWebApplicationContext - Refreshing org.springframework.web.context.support.GenericWebApplicationContext@2037f12b
2026-07-20 16:34:29 [main] INFO  o.s.d.r.c.RepositoryConfigurationDelegate - Bootstrapping Spring Data JPA repositories in DEFAULT mode.
2026-07-20 16:34:29 [main] INFO  o.s.d.r.c.RepositoryConfigurationDelegate - Finished Spring Data repository scanning in 279 ms. Found 6 JPA repository interfaces.
2026-07-20 16:34:33 [main] INFO  o.h.jpa.internal.util.LogHelper - HHH000204: Processing PersistenceUnitInfo [name: default]
2026-07-20 16:34:34 [main] INFO  org.hibernate.Version - HHH000412: Hibernate ORM core version 6.6.53.Final
2026-07-20 16:34:34 [main] INFO  o.h.c.i.RegionFactoryInitiator - HHH000026: Second-level cache disabled
2026-07-20 16:34:34 [main] INFO  o.s.o.j.p.SpringPersistenceUnitInfo - No LoadTimeWeaver setup: ignoring JPA class transformer
2026-07-20 16:34:35 [main] INFO  com.zaxxer.hikari.HikariDataSource - HikariPool-1 - Starting...
2026-07-20 16:34:36 [main] INFO  com.zaxxer.hikari.pool.HikariPool - HikariPool-1 - Added connection conn0: url=jdbc:h2:mem:ecommercedb user=SA
2026-07-20 16:34:36 [main] INFO  com.zaxxer.hikari.HikariDataSource - HikariPool-1 - Start completed.
2026-07-20 16:34:36 [main] WARN  org.hibernate.orm.deprecation - HHH90000025: H2Dialect does not need to be specified explicitly using 'hibernate.dialect' (remove the property setting and it will be selected by default)
2026-07-20 16:34:36 [main] INFO  o.hibernate.orm.connections.pooling - HHH10001005: Database info:
	Database JDBC URL [Connecting through datasource 'HikariDataSource (HikariPool-1)']
	Database driver: undefined/unknown
	Database version: 2.3.232
	Autocommit mode: undefined/unknown
	Isolation level: undefined/unknown
	Minimum pool size: undefined/unknown
	Maximum pool size: undefined/unknown
2026-07-20 16:34:40 [main] INFO  o.h.e.t.j.p.i.JtaPlatformInitiator - HHH000489: No JTA platform available (set 'hibernate.transaction.jta.platform' to enable JTA platform integration)
2026-07-20 16:34:40 [main] DEBUG org.hibernate.SQL - 
    drop table if exists categorias cascade 
2026-07-20 16:34:40 [main] DEBUG org.hibernate.SQL - 
    drop table if exists clientes cascade 
2026-07-20 16:34:40 [main] DEBUG org.hibernate.SQL - 
    drop table if exists itens_pedido cascade 
2026-07-20 16:34:40 [main] DEBUG org.hibernate.SQL - 
    drop table if exists pagamentos cascade 
2026-07-20 16:34:40 [main] DEBUG org.hibernate.SQL - 
    drop table if exists pedidos cascade 
2026-07-20 16:34:40 [main] DEBUG org.hibernate.SQL - 
    drop table if exists produtos cascade 
2026-07-20 16:34:40 [main] DEBUG org.hibernate.SQL - 
    drop table if exists usuarios cascade 
2026-07-20 16:34:40 [main] DEBUG org.hibernate.SQL - 
    create table categorias (
        ativo boolean not null,
        id bigint generated by default as identity,
        nome varchar(100) not null,
        descricao TEXT,
        primary key (id)
    )
2026-07-20 16:34:40 [main] DEBUG org.hibernate.SQL - 
    create table clientes (
        ativo boolean not null,
        data_atualizacao timestamp(6),
        data_criacao timestamp(6) not null,
        id bigint generated by default as identity,
        cpf varchar(11) not null unique,
        telefone varchar(20),
        email varchar(255) not null unique,
        endereco TEXT,
        nome varchar(255) not null,
        primary key (id)
    )
2026-07-20 16:34:40 [main] DEBUG org.hibernate.SQL - 
    create table itens_pedido (
        preco_unitario numeric(10,2) not null,
        quantidade integer not null,
        id bigint generated by default as identity,
        pedido_id bigint not null,
        produto_id bigint not null,
        primary key (id)
    )
2026-07-20 16:34:40 [main] DEBUG org.hibernate.SQL - 
    create table pagamentos (
        valor float(53) not null,
        data_criacao timestamp(6) not null,
        id bigint generated by default as identity,
        pedido_id bigint not null,
        metodo varchar(50) not null,
        status enum ('APROVADO','PENDENTE','RECUSADO','REEMBOLSADO') not null,
        primary key (id)
    )
2026-07-20 16:34:40 [main] DEBUG org.hibernate.SQL - 
    create table pedidos (
        total float(53) not null,
        cliente_id bigint not null,
        data_atualizacao timestamp(6),
        data_criacao timestamp(6) not null,
        id bigint generated by default as identity,
        status enum ('CANCELADO','CONFIRMADO','ENTREGUE','ENVIADO','PENDENTE') not null,
        primary key (id)
    )
2026-07-20 16:34:40 [main] DEBUG org.hibernate.SQL - 
    create table produtos (
        ativo boolean not null,
        estoque integer not null,
        preco numeric(38,2) not null,
        categoria_id bigint not null,
        id bigint generated by default as identity,
        descricao TEXT,
        nome varchar(255) not null,
        primary key (id)
    )
2026-07-20 16:34:40 [main] DEBUG org.hibernate.SQL - 
    create table usuarios (
        ativo boolean not null,
        id bigint generated by default as identity,
        email varchar(255) not null unique,
        nome varchar(255) not null,
        senha varchar(255) not null,
        papel enum ('ADMIN','USER') not null,
        primary key (id)
    )
2026-07-20 16:34:40 [main] DEBUG org.hibernate.SQL - 
    alter table if exists itens_pedido 
       add constraint FK42mycompce3b7yt3l6ukdwsxy 
       foreign key (pedido_id) 
       references pedidos
2026-07-20 16:34:40 [main] DEBUG org.hibernate.SQL - 
    alter table if exists itens_pedido 
       add constraint FKxytdlekpdaobqphujy9bmuhl 
       foreign key (produto_id) 
       references produtos
2026-07-20 16:34:40 [main] DEBUG org.hibernate.SQL - 
    alter table if exists pagamentos 
       add constraint FKb0dh6865y8h4irwdrl4ici3kl 
       foreign key (pedido_id) 
       references pedidos
2026-07-20 16:34:40 [main] DEBUG org.hibernate.SQL - 
    alter table if exists pedidos 
       add constraint FKg7202lk0hwxn04bmdl2thth5b 
       foreign key (cliente_id) 
       references clientes
2026-07-20 16:34:40 [main] DEBUG org.hibernate.SQL - 
    alter table if exists produtos 
       add constraint FK8rqw0ljwdaom34jr2t46bjtrn 
       foreign key (categoria_id) 
       references categorias
2026-07-20 16:34:40 [main] INFO  o.s.o.j.LocalContainerEntityManagerFactoryBean - Initialized JPA EntityManagerFactory for persistence unit 'default'
2026-07-20 16:34:43 [main] DEBUG o.s.w.s.m.m.a.RequestMappingHandlerMapping - 45 mappings in 'requestMappingHandlerMapping'
2026-07-20 16:34:43 [main] DEBUG o.s.w.s.h.SimpleUrlHandlerMapping - Patterns [/h2-console] in 'viewControllerHandlerMapping'
2026-07-20 16:34:43 [main] DEBUG o.s.w.s.h.SimpleUrlHandlerMapping - Patterns [/webjars/**, /**, /swagger-ui/**, /swagger-ui/*swagger-initializer.js, /webjars/*swagger-ui/**, /webjars/*swagger-ui/*swagger-initializer.js, /webjars/*swagger-ui/5.32.2/*swagger-initializer.js] in 'resourceHandlerMapping'
2026-07-20 16:34:43 [main] DEBUG o.s.s.c.a.a.c.AuthenticationConfiguration$DefaultPasswordEncoderAuthenticationManagerBuilder - No authenticationProviders and no parentAuthenticationManager defined. Returning null.
2026-07-20 16:34:43 [main] DEBUG o.s.s.web.DefaultSecurityFilterChain - Will secure any request with filters: DisableEncodeUrlFilter, WebAsyncManagerIntegrationFilter, SecurityContextHolderFilter, HeaderWriterFilter, LogoutFilter, JwtAuthenticationFilter, RequestCacheAwareFilter, SecurityContextHolderAwareRequestFilter, AnonymousAuthenticationFilter, SessionManagementFilter, ExceptionTranslationFilter, AuthorizationFilter
2026-07-20 16:34:44 [main] DEBUG o.s.w.s.m.m.a.RequestMappingHandlerAdapter - ControllerAdvice beans: 0 @ModelAttribute, 0 @InitBinder, 1 RequestBodyAdvice, 1 ResponseBodyAdvice
2026-07-20 16:34:44 [main] DEBUG o.s.w.s.m.m.a.ExceptionHandlerExceptionResolver - ControllerAdvice beans: 2 @ExceptionHandler, 1 ResponseBodyAdvice
2026-07-20 16:34:44 [main] DEBUG c.e.a.s.JwtAuthenticationFilter - Filter 'jwtAuthenticationFilter' configured for use
2026-07-20 16:34:44 [main] INFO  o.s.b.t.m.w.SpringBootMockServletContext - Initializing Spring TestDispatcherServlet ''
2026-07-20 16:34:44 [main] INFO  o.s.t.w.s.TestDispatcherServlet - Initializing Servlet ''
2026-07-20 16:34:44 [main] INFO  o.s.t.w.s.TestDispatcherServlet - Completed initialization in 0 ms
2026-07-20 16:34:44 [main] INFO  com.ecommerce.AuthControllerTest - Started AuthControllerTest in 20.822 seconds (process running for 25.563)
2026-07-20 16:34:44 [main] WARN  o.s.c.events.SpringDocAppInitializer - SpringDoc /v3/api-docs endpoint is enabled by default. To disable it in production, set the property 'springdoc.api-docs.enabled=false'
2026-07-20 16:34:45 [main] DEBUG o.s.security.web.FilterChainProxy - Securing POST /auth/login
2026-07-20 16:34:45 [main] DEBUG o.s.s.w.a.AnonymousAuthenticationFilter - Set SecurityContextHolder to anonymous SecurityContext
2026-07-20 16:34:45 [main] DEBUG o.s.security.web.FilterChainProxy - Secured POST /auth/login
2026-07-20 16:34:45 [main] DEBUG o.s.w.s.m.m.a.RequestMappingHandlerMapping - Mapped to com.ecommerce.api.controller.AuthController#login(LoginRequest)
2026-07-20 16:34:45 [main] DEBUG o.s.w.s.m.m.a.RequestResponseBodyMethodProcessor - Read "application/json;charset=UTF-8" to [LoginRequest(email=usuario@teste.com, senha=senha123)]
2026-07-20 16:34:45 [main] INFO  c.e.api.controller.AuthController - Login realizado para: usuario@teste.com
2026-07-20 16:34:45 [main] DEBUG o.s.w.s.m.m.a.HttpEntityMethodProcessor - Using 'application/json', given [*/*] and supported [application/json, application/*+json, application/yaml]
2026-07-20 16:34:45 [main] DEBUG o.s.w.s.m.m.a.HttpEntityMethodProcessor - Writing [LoginResponse(token=token-fake, tipo=Bearer, id=1, email=usuario@teste.com, nome=Usuário Teste)]
2026-07-20 16:34:45 [main] DEBUG o.s.security.web.FilterChainProxy - Securing POST /auth/registrar
2026-07-20 16:34:45 [main] DEBUG o.s.s.w.a.AnonymousAuthenticationFilter - Set SecurityContextHolder to anonymous SecurityContext
2026-07-20 16:34:45 [main] DEBUG o.s.security.web.FilterChainProxy - Secured POST /auth/registrar
2026-07-20 16:34:45 [main] DEBUG o.s.w.s.m.m.a.RequestMappingHandlerMapping - Mapped to com.ecommerce.api.controller.AuthController#registrar(UsuarioDTO)
2026-07-20 16:34:45 [main] DEBUG o.s.w.s.m.m.a.RequestResponseBodyMethodProcessor - Read "application/json;charset=UTF-8" to [UsuarioDTO(id=null, email=novo@teste.com, senha=senha123, nome=Novo Usuário, papel=USER, ativo=true)]
2026-07-20 16:34:45 [main] INFO  c.e.api.controller.AuthController - Registrando novo usuário: novo@teste.com
2026-07-20 16:34:45 [main] DEBUG o.s.w.s.m.m.a.HttpEntityMethodProcessor - Using 'application/json', given [*/*] and supported [application/json, application/*+json, application/yaml]
2026-07-20 16:34:45 [main] DEBUG o.s.w.s.m.m.a.HttpEntityMethodProcessor - Writing [UsuarioDTO(id=null, email=novo@teste.com, senha=senha123, nome=Novo Usuário, papel=USER, ativo=true)]
2026-07-20 16:34:45 [main] INFO  o.s.t.c.s.AnnotationConfigContextLoaderUtils - Could not detect default configuration classes for test class [com.ecommerce.CategoriaControllerTest]: CategoriaControllerTest does not declare any static, non-private, non-final, nested classes annotated with @Configuration.
2026-07-20 16:34:45 [main] INFO  o.s.b.t.c.SpringBootTestContextBootstrapper - Found @SpringBootConfiguration com.ecommerce.Application for test class com.ecommerce.CategoriaControllerTest
2026-07-20 16:34:45 [main] INFO  o.s.b.d.r.RestartApplicationListener - Restart disabled due to context in which it is running
2026-07-20 16:34:45 [main] INFO  c.ecommerce.CategoriaControllerTest - Starting CategoriaControllerTest using Java 25.0.2 with PID 17932 (started by PabloBezerradaSilva in C:\Users\PabloBezerradaSilva\Documents\Java\fourcamp26-pablosilva\ecommerce-api)
2026-07-20 16:34:45 [main] DEBUG c.ecommerce.CategoriaControllerTest - Running with Spring Boot v3.5.16, Spring v6.2.19
2026-07-20 16:34:45 [main] INFO  c.ecommerce.CategoriaControllerTest - No active profile set, falling back to 1 default profile: "default"
2026-07-20 16:34:45 [main] DEBUG o.s.w.c.s.GenericWebApplicationContext - Refreshing org.springframework.web.context.support.GenericWebApplicationContext@552ae42e
2026-07-20 16:34:46 [main] INFO  o.s.d.r.c.RepositoryConfigurationDelegate - Bootstrapping Spring Data JPA repositories in DEFAULT mode.
2026-07-20 16:34:46 [main] INFO  o.s.d.r.c.RepositoryConfigurationDelegate - Finished Spring Data repository scanning in 72 ms. Found 6 JPA repository interfaces.
2026-07-20 16:34:46 [main] INFO  o.h.jpa.internal.util.LogHelper - HHH000204: Processing PersistenceUnitInfo [name: default]
2026-07-20 16:34:46 [main] INFO  o.h.c.i.RegionFactoryInitiator - HHH000026: Second-level cache disabled
2026-07-20 16:34:46 [main] INFO  o.s.o.j.p.SpringPersistenceUnitInfo - No LoadTimeWeaver setup: ignoring JPA class transformer
2026-07-20 16:34:46 [main] INFO  com.zaxxer.hikari.HikariDataSource - HikariPool-2 - Starting...
2026-07-20 16:34:46 [main] INFO  com.zaxxer.hikari.pool.HikariPool - HikariPool-2 - Added connection conn10: url=jdbc:h2:mem:ecommercedb user=SA
2026-07-20 16:34:46 [main] INFO  com.zaxxer.hikari.HikariDataSource - HikariPool-2 - Start completed.
2026-07-20 16:34:46 [main] WARN  org.hibernate.orm.deprecation - HHH90000025: H2Dialect does not need to be specified explicitly using 'hibernate.dialect' (remove the property setting and it will be selected by default)
2026-07-20 16:34:46 [main] INFO  o.hibernate.orm.connections.pooling - HHH10001005: Database info:
	Database JDBC URL [Connecting through datasource 'HikariDataSource (HikariPool-2)']
	Database driver: undefined/unknown
	Database version: 2.3.232
	Autocommit mode: undefined/unknown
	Isolation level: undefined/unknown
	Minimum pool size: undefined/unknown
	Maximum pool size: undefined/unknown
2026-07-20 16:34:47 [main] INFO  o.h.e.t.j.p.i.JtaPlatformInitiator - HHH000489: No JTA platform available (set 'hibernate.transaction.jta.platform' to enable JTA platform integration)
2026-07-20 16:34:47 [main] DEBUG org.hibernate.SQL - 
    drop table if exists categorias cascade 
2026-07-20 16:34:47 [main] DEBUG org.hibernate.SQL - 
    drop table if exists clientes cascade 
2026-07-20 16:34:47 [main] DEBUG org.hibernate.SQL - 
    drop table if exists itens_pedido cascade 
2026-07-20 16:34:47 [main] DEBUG org.hibernate.SQL - 
    drop table if exists pagamentos cascade 
2026-07-20 16:34:47 [main] DEBUG org.hibernate.SQL - 
    drop table if exists pedidos cascade 
2026-07-20 16:34:47 [main] DEBUG org.hibernate.SQL - 
    drop table if exists produtos cascade 
2026-07-20 16:34:47 [main] DEBUG org.hibernate.SQL - 
    drop table if exists usuarios cascade 
2026-07-20 16:34:47 [main] DEBUG org.hibernate.SQL - 
    create table categorias (
        ativo boolean not null,
        id bigint generated by default as identity,
        nome varchar(100) not null,
        descricao TEXT,
        primary key (id)
    )
2026-07-20 16:34:47 [main] DEBUG org.hibernate.SQL - 
    create table clientes (
        ativo boolean not null,
        data_atualizacao timestamp(6),
        data_criacao timestamp(6) not null,
        id bigint generated by default as identity,
        cpf varchar(11) not null unique,
        telefone varchar(20),
        email varchar(255) not null unique,
        endereco TEXT,
        nome varchar(255) not null,
        primary key (id)
    )
2026-07-20 16:34:47 [main] DEBUG org.hibernate.SQL - 
    create table itens_pedido (
        preco_unitario numeric(10,2) not null,
        quantidade integer not null,
        id bigint generated by default as identity,
        pedido_id bigint not null,
        produto_id bigint not null,
        primary key (id)
    )
2026-07-20 16:34:47 [main] DEBUG org.hibernate.SQL - 
    create table pagamentos (
        valor float(53) not null,
        data_criacao timestamp(6) not null,
        id bigint generated by default as identity,
        pedido_id bigint not null,
        metodo varchar(50) not null,
        status enum ('APROVADO','PENDENTE','RECUSADO','REEMBOLSADO') not null,
        primary key (id)
    )
2026-07-20 16:34:47 [main] DEBUG org.hibernate.SQL - 
    create table pedidos (
        total float(53) not null,
        cliente_id bigint not null,
        data_atualizacao timestamp(6),
        data_criacao timestamp(6) not null,
        id bigint generated by default as identity,
        status enum ('CANCELADO','CONFIRMADO','ENTREGUE','ENVIADO','PENDENTE') not null,
        primary key (id)
    )
2026-07-20 16:34:47 [main] DEBUG org.hibernate.SQL - 
    create table produtos (
        ativo boolean not null,
        estoque integer not null,
        preco numeric(38,2) not null,
        categoria_id bigint not null,
        id bigint generated by default as identity,
        descricao TEXT,
        nome varchar(255) not null,
        primary key (id)
    )
2026-07-20 16:34:47 [main] DEBUG org.hibernate.SQL - 
    create table usuarios (
        ativo boolean not null,
        id bigint generated by default as identity,
        email varchar(255) not null unique,
        nome varchar(255) not null,
        senha varchar(255) not null,
        papel enum ('ADMIN','USER') not null,
        primary key (id)
    )
2026-07-20 16:34:47 [main] DEBUG org.hibernate.SQL - 
    alter table if exists itens_pedido 
       add constraint FK42mycompce3b7yt3l6ukdwsxy 
       foreign key (pedido_id) 
       references pedidos
2026-07-20 16:34:47 [main] DEBUG org.hibernate.SQL - 
    alter table if exists itens_pedido 
       add constraint FKxytdlekpdaobqphujy9bmuhl 
       foreign key (produto_id) 
       references produtos
2026-07-20 16:34:47 [main] DEBUG org.hibernate.SQL - 
    alter table if exists pagamentos 
       add constraint FKb0dh6865y8h4irwdrl4ici3kl 
       foreign key (pedido_id) 
       references pedidos
2026-07-20 16:34:47 [main] DEBUG org.hibernate.SQL - 
    alter table if exists pedidos 
       add constraint FKg7202lk0hwxn04bmdl2thth5b 
       foreign key (cliente_id) 
       references clientes
2026-07-20 16:34:47 [main] DEBUG org.hibernate.SQL - 
    alter table if exists produtos 
       add constraint FK8rqw0ljwdaom34jr2t46bjtrn 
       foreign key (categoria_id) 
       references categorias
2026-07-20 16:34:47 [main] INFO  o.s.o.j.LocalContainerEntityManagerFactoryBean - Initialized JPA EntityManagerFactory for persistence unit 'default'
2026-07-20 16:34:47 [main] DEBUG o.s.w.s.m.m.a.RequestMappingHandlerMapping - 45 mappings in 'requestMappingHandlerMapping'
2026-07-20 16:34:47 [main] DEBUG o.s.w.s.h.SimpleUrlHandlerMapping - Patterns [/h2-console] in 'viewControllerHandlerMapping'
2026-07-20 16:34:47 [main] DEBUG o.s.w.s.h.SimpleUrlHandlerMapping - Patterns [/webjars/**, /**, /swagger-ui/**, /swagger-ui/*swagger-initializer.js, /webjars/*swagger-ui/**, /webjars/*swagger-ui/*swagger-initializer.js, /webjars/*swagger-ui/5.32.2/*swagger-initializer.js] in 'resourceHandlerMapping'
2026-07-20 16:34:47 [main] DEBUG o.s.s.c.a.a.c.AuthenticationConfiguration$DefaultPasswordEncoderAuthenticationManagerBuilder - No authenticationProviders and no parentAuthenticationManager defined. Returning null.
2026-07-20 16:34:47 [main] DEBUG o.s.s.web.DefaultSecurityFilterChain - Will secure any request with filters: DisableEncodeUrlFilter, WebAsyncManagerIntegrationFilter, SecurityContextHolderFilter, HeaderWriterFilter, LogoutFilter, JwtAuthenticationFilter, RequestCacheAwareFilter, SecurityContextHolderAwareRequestFilter, AnonymousAuthenticationFilter, SessionManagementFilter, ExceptionTranslationFilter, AuthorizationFilter
2026-07-20 16:34:47 [main] DEBUG o.s.w.s.m.m.a.RequestMappingHandlerAdapter - ControllerAdvice beans: 0 @ModelAttribute, 0 @InitBinder, 1 RequestBodyAdvice, 1 ResponseBodyAdvice
2026-07-20 16:34:47 [main] DEBUG o.s.w.s.m.m.a.ExceptionHandlerExceptionResolver - ControllerAdvice beans: 2 @ExceptionHandler, 1 ResponseBodyAdvice
2026-07-20 16:34:47 [main] DEBUG c.e.a.s.JwtAuthenticationFilter - Filter 'jwtAuthenticationFilter' configured for use
2026-07-20 16:34:47 [main] INFO  o.s.b.t.m.w.SpringBootMockServletContext - Initializing Spring TestDispatcherServlet ''
2026-07-20 16:34:47 [main] INFO  o.s.t.w.s.TestDispatcherServlet - Initializing Servlet ''
2026-07-20 16:34:47 [main] INFO  o.s.t.w.s.TestDispatcherServlet - Completed initialization in 1 ms
2026-07-20 16:34:47 [main] INFO  c.ecommerce.CategoriaControllerTest - Started CategoriaControllerTest in 2.347 seconds (process running for 28.654)
2026-07-20 16:34:47 [main] WARN  o.s.c.events.SpringDocAppInitializer - SpringDoc /v3/api-docs endpoint is enabled by default. To disable it in production, set the property 'springdoc.api-docs.enabled=false'
2026-07-20 16:34:47 [main] DEBUG o.s.security.web.FilterChainProxy - Securing GET /categorias/999
2026-07-20 16:34:47 [main] DEBUG o.s.security.web.FilterChainProxy - Secured GET /categorias/999
2026-07-20 16:34:47 [main] DEBUG o.s.w.s.m.m.a.RequestMappingHandlerMapping - Mapped to com.ecommerce.api.controller.CategoriaController#obter(Long)
2026-07-20 16:34:47 [main] DEBUG o.s.w.s.m.m.a.ExceptionHandlerExceptionResolver - Using @ExceptionHandler com.ecommerce.api.exception.GlobalExceptionHandler#handleRecursoNaoEncontrado(RecursoNaoEncontradoException, WebRequest)
2026-07-20 16:34:47 [main] ERROR c.e.a.e.GlobalExceptionHandler - Recurso não encontrado: Categoria não encontrada
2026-07-20 16:34:47 [main] DEBUG o.s.w.s.m.m.a.HttpEntityMethodProcessor - Using 'application/json', given [*/*] and supported [application/json, application/*+json, application/yaml]
2026-07-20 16:34:47 [main] DEBUG o.s.w.s.m.m.a.HttpEntityMethodProcessor - Writing [ErrorResponse(timestamp=2026-07-20T16:34:47.953661600, status=404, erro=Recurso não encontrado, mens (truncated)...]
2026-07-20 16:34:47 [main] DEBUG o.s.w.s.m.m.a.ExceptionHandlerExceptionResolver - Resolved [com.ecommerce.api.exception.RecursoNaoEncontradoException: Categoria não encontrada]
2026-07-20 16:34:48 [main] DEBUG o.s.security.web.FilterChainProxy - Securing POST /categorias
2026-07-20 16:34:48 [main] DEBUG o.s.security.web.FilterChainProxy - Secured POST /categorias
2026-07-20 16:34:48 [main] DEBUG o.s.w.s.m.m.a.RequestMappingHandlerMapping - Mapped to com.ecommerce.api.controller.CategoriaController#criar(CategoriaDTO)
2026-07-20 16:34:48 [main] DEBUG o.s.w.s.m.m.a.RequestResponseBodyMethodProcessor - Read "application/json;charset=UTF-8" to [CategoriaDTO(id=1, nome=Eletrônicos, descricao=Produtos eletrônicos, ativo=true)]
2026-07-20 16:34:48 [main] DEBUG o.s.w.s.m.m.a.HttpEntityMethodProcessor - Using 'application/json', given [*/*] and supported [application/json, application/*+json, application/yaml]
2026-07-20 16:34:48 [main] DEBUG o.s.w.s.m.m.a.HttpEntityMethodProcessor - Writing [CategoriaDTO(id=1, nome=Eletrônicos, descricao=Produtos eletrônicos, ativo=true)]
2026-07-20 16:34:48 [main] DEBUG o.s.security.web.FilterChainProxy - Securing GET /categorias/1
2026-07-20 16:34:48 [main] DEBUG o.s.security.web.FilterChainProxy - Secured GET /categorias/1
2026-07-20 16:34:48 [main] DEBUG o.s.w.s.m.m.a.RequestMappingHandlerMapping - Mapped to com.ecommerce.api.controller.CategoriaController#obter(Long)
2026-07-20 16:34:48 [main] DEBUG o.s.w.s.m.m.a.HttpEntityMethodProcessor - Using 'application/json', given [*/*] and supported [application/json, application/*+json, application/yaml]
2026-07-20 16:34:48 [main] DEBUG o.s.w.s.m.m.a.HttpEntityMethodProcessor - Writing [CategoriaDTO(id=1, nome=Eletrônicos, descricao=Produtos eletrônicos, ativo=true)]
2026-07-20 16:34:48 [main] DEBUG o.s.security.web.FilterChainProxy - Securing PUT /categorias/1
2026-07-20 16:34:48 [main] DEBUG o.s.security.web.FilterChainProxy - Secured PUT /categorias/1
2026-07-20 16:34:48 [main] DEBUG o.s.w.s.m.m.a.RequestMappingHandlerMapping - Mapped to com.ecommerce.api.controller.CategoriaController#atualizar(Long, CategoriaDTO)
2026-07-20 16:34:48 [main] DEBUG o.s.w.s.m.m.a.RequestResponseBodyMethodProcessor - Read "application/json;charset=UTF-8" to [CategoriaDTO(id=1, nome=Eletrônicos, descricao=Produtos eletrônicos, ativo=true)]
2026-07-20 16:34:48 [main] DEBUG o.s.w.s.m.m.a.HttpEntityMethodProcessor - Using 'application/json', given [*/*] and supported [application/json, application/*+json, application/yaml]
2026-07-20 16:34:48 [main] DEBUG o.s.w.s.m.m.a.HttpEntityMethodProcessor - Writing [CategoriaDTO(id=1, nome=Eletrônicos, descricao=Produtos eletrônicos, ativo=true)]
2026-07-20 16:34:48 [main] DEBUG o.s.security.web.FilterChainProxy - Securing DELETE /categorias/1
2026-07-20 16:34:48 [main] DEBUG o.s.security.web.FilterChainProxy - Secured DELETE /categorias/1
2026-07-20 16:34:48 [main] DEBUG o.s.w.s.m.m.a.RequestMappingHandlerMapping - Mapped to com.ecommerce.api.controller.CategoriaController#deletar(Long)
2026-07-20 16:34:48 [main] DEBUG o.s.w.s.m.m.a.HttpEntityMethodProcessor - Using 'application/json', given [*/*] and supported [application/json, application/*+json, application/yaml]
2026-07-20 16:34:48 [main] DEBUG o.s.w.s.m.m.a.HttpEntityMethodProcessor - Nothing to write: null body
2026-07-20 16:34:48 [main] DEBUG o.s.security.web.FilterChainProxy - Securing GET /categorias
2026-07-20 16:34:48 [main] DEBUG o.s.security.web.FilterChainProxy - Secured GET /categorias
2026-07-20 16:34:48 [main] DEBUG o.s.w.s.m.m.a.RequestMappingHandlerMapping - Mapped to com.ecommerce.api.controller.CategoriaController#listar(int, int, String, String)
2026-07-20 16:34:48 [main] DEBUG o.s.w.s.m.m.a.HttpEntityMethodProcessor - Using 'application/json', given [*/*] and supported [application/json, application/*+json, application/yaml]
2026-07-20 16:34:48 [main] DEBUG o.s.w.s.m.m.a.HttpEntityMethodProcessor - Nothing to write: null body
2026-07-20 16:34:48 [main] INFO  o.s.t.c.s.AnnotationConfigContextLoaderUtils - Could not detect default configuration classes for test class [com.ecommerce.ClienteControllerTest]: ClienteControllerTest does not declare any static, non-private, non-final, nested classes annotated with @Configuration.
2026-07-20 16:34:48 [main] INFO  o.s.b.t.c.SpringBootTestContextBootstrapper - Found @SpringBootConfiguration com.ecommerce.Application for test class com.ecommerce.ClienteControllerTest
2026-07-20 16:34:48 [main] INFO  o.s.b.d.r.RestartApplicationListener - Restart disabled due to context in which it is running
2026-07-20 16:34:48 [main] INFO  com.ecommerce.ClienteControllerTest - Starting ClienteControllerTest using Java 25.0.2 with PID 17932 (started by PabloBezerradaSilva in C:\Users\PabloBezerradaSilva\Documents\Java\fourcamp26-pablosilva\ecommerce-api)
2026-07-20 16:34:48 [main] DEBUG com.ecommerce.ClienteControllerTest - Running with Spring Boot v3.5.16, Spring v6.2.19
2026-07-20 16:34:48 [main] INFO  com.ecommerce.ClienteControllerTest - No active profile set, falling back to 1 default profile: "default"
2026-07-20 16:34:48 [main] DEBUG o.s.w.c.s.GenericWebApplicationContext - Refreshing org.springframework.web.context.support.GenericWebApplicationContext@16ea0bb2
2026-07-20 16:34:49 [main] INFO  o.s.d.r.c.RepositoryConfigurationDelegate - Bootstrapping Spring Data JPA repositories in DEFAULT mode.
2026-07-20 16:34:49 [main] INFO  o.s.d.r.c.RepositoryConfigurationDelegate - Finished Spring Data repository scanning in 46 ms. Found 6 JPA repository interfaces.
2026-07-20 16:34:49 [main] INFO  o.h.jpa.internal.util.LogHelper - HHH000204: Processing PersistenceUnitInfo [name: default]
2026-07-20 16:34:49 [main] INFO  o.h.c.i.RegionFactoryInitiator - HHH000026: Second-level cache disabled
2026-07-20 16:34:49 [main] INFO  o.s.o.j.p.SpringPersistenceUnitInfo - No LoadTimeWeaver setup: ignoring JPA class transformer
2026-07-20 16:34:49 [main] INFO  com.zaxxer.hikari.HikariDataSource - HikariPool-3 - Starting...
2026-07-20 16:34:49 [main] INFO  com.zaxxer.hikari.pool.HikariPool - HikariPool-3 - Added connection conn20: url=jdbc:h2:mem:ecommercedb user=SA
2026-07-20 16:34:49 [main] INFO  com.zaxxer.hikari.HikariDataSource - HikariPool-3 - Start completed.
2026-07-20 16:34:49 [main] WARN  org.hibernate.orm.deprecation - HHH90000025: H2Dialect does not need to be specified explicitly using 'hibernate.dialect' (remove the property setting and it will be selected by default)
2026-07-20 16:34:49 [main] INFO  o.hibernate.orm.connections.pooling - HHH10001005: Database info:
	Database JDBC URL [Connecting through datasource 'HikariDataSource (HikariPool-3)']
	Database driver: undefined/unknown
	Database version: 2.3.232
	Autocommit mode: undefined/unknown
	Isolation level: undefined/unknown
	Minimum pool size: undefined/unknown
	Maximum pool size: undefined/unknown
2026-07-20 16:34:50 [main] INFO  o.h.e.t.j.p.i.JtaPlatformInitiator - HHH000489: No JTA platform available (set 'hibernate.transaction.jta.platform' to enable JTA platform integration)
2026-07-20 16:34:50 [main] DEBUG org.hibernate.SQL - 
    drop table if exists categorias cascade 
2026-07-20 16:34:50 [main] DEBUG org.hibernate.SQL - 
    drop table if exists clientes cascade 
2026-07-20 16:34:50 [main] DEBUG org.hibernate.SQL - 
    drop table if exists itens_pedido cascade 
2026-07-20 16:34:50 [main] DEBUG org.hibernate.SQL - 
    drop table if exists pagamentos cascade 
2026-07-20 16:34:50 [main] DEBUG org.hibernate.SQL - 
    drop table if exists pedidos cascade 
2026-07-20 16:34:50 [main] DEBUG org.hibernate.SQL - 
    drop table if exists produtos cascade 
2026-07-20 16:34:50 [main] DEBUG org.hibernate.SQL - 
    drop table if exists usuarios cascade 
2026-07-20 16:34:50 [main] DEBUG org.hibernate.SQL - 
    create table categorias (
        ativo boolean not null,
        id bigint generated by default as identity,
        nome varchar(100) not null,
        descricao TEXT,
        primary key (id)
    )
2026-07-20 16:34:50 [main] DEBUG org.hibernate.SQL - 
    create table clientes (
        ativo boolean not null,
        data_atualizacao timestamp(6),
        data_criacao timestamp(6) not null,
        id bigint generated by default as identity,
        cpf varchar(11) not null unique,
        telefone varchar(20),
        email varchar(255) not null unique,
        endereco TEXT,
        nome varchar(255) not null,
        primary key (id)
    )
2026-07-20 16:34:50 [main] DEBUG org.hibernate.SQL - 
    create table itens_pedido (
        preco_unitario numeric(10,2) not null,
        quantidade integer not null,
        id bigint generated by default as identity,
        pedido_id bigint not null,
        produto_id bigint not null,
        primary key (id)
    )
2026-07-20 16:34:50 [main] DEBUG org.hibernate.SQL - 
    create table pagamentos (
        valor float(53) not null,
        data_criacao timestamp(6) not null,
        id bigint generated by default as identity,
        pedido_id bigint not null,
        metodo varchar(50) not null,
        status enum ('APROVADO','PENDENTE','RECUSADO','REEMBOLSADO') not null,
        primary key (id)
    )
2026-07-20 16:34:50 [main] DEBUG org.hibernate.SQL - 
    create table pedidos (
        total float(53) not null,
        cliente_id bigint not null,
        data_atualizacao timestamp(6),
        data_criacao timestamp(6) not null,
        id bigint generated by default as identity,
        status enum ('CANCELADO','CONFIRMADO','ENTREGUE','ENVIADO','PENDENTE') not null,
        primary key (id)
    )
2026-07-20 16:34:50 [main] DEBUG org.hibernate.SQL - 
    create table produtos (
        ativo boolean not null,
        estoque integer not null,
        preco numeric(38,2) not null,
        categoria_id bigint not null,
        id bigint generated by default as identity,
        descricao TEXT,
        nome varchar(255) not null,
        primary key (id)
    )
2026-07-20 16:34:50 [main] DEBUG org.hibernate.SQL - 
    create table usuarios (
        ativo boolean not null,
        id bigint generated by default as identity,
        email varchar(255) not null unique,
        nome varchar(255) not null,
        senha varchar(255) not null,
        papel enum ('ADMIN','USER') not null,
        primary key (id)
    )
2026-07-20 16:34:50 [main] DEBUG org.hibernate.SQL - 
    alter table if exists itens_pedido 
       add constraint FK42mycompce3b7yt3l6ukdwsxy 
       foreign key (pedido_id) 
       references pedidos
2026-07-20 16:34:50 [main] DEBUG org.hibernate.SQL - 
    alter table if exists itens_pedido 
       add constraint FKxytdlekpdaobqphujy9bmuhl 
       foreign key (produto_id) 
       references produtos
2026-07-20 16:34:50 [main] DEBUG org.hibernate.SQL - 
    alter table if exists pagamentos 
       add constraint FKb0dh6865y8h4irwdrl4ici3kl 
       foreign key (pedido_id) 
       references pedidos
2026-07-20 16:34:50 [main] DEBUG org.hibernate.SQL - 
    alter table if exists pedidos 
       add constraint FKg7202lk0hwxn04bmdl2thth5b 
       foreign key (cliente_id) 
       references clientes
2026-07-20 16:34:50 [main] DEBUG org.hibernate.SQL - 
    alter table if exists produtos 
       add constraint FK8rqw0ljwdaom34jr2t46bjtrn 
       foreign key (categoria_id) 
       references categorias
2026-07-20 16:34:50 [main] INFO  o.s.o.j.LocalContainerEntityManagerFactoryBean - Initialized JPA EntityManagerFactory for persistence unit 'default'
2026-07-20 16:34:50 [main] DEBUG o.s.w.s.m.m.a.RequestMappingHandlerMapping - 45 mappings in 'requestMappingHandlerMapping'
2026-07-20 16:34:50 [main] DEBUG o.s.w.s.h.SimpleUrlHandlerMapping - Patterns [/h2-console] in 'viewControllerHandlerMapping'
2026-07-20 16:34:50 [main] DEBUG o.s.w.s.h.SimpleUrlHandlerMapping - Patterns [/webjars/**, /**, /swagger-ui/**, /swagger-ui/*swagger-initializer.js, /webjars/*swagger-ui/**, /webjars/*swagger-ui/*swagger-initializer.js, /webjars/*swagger-ui/5.32.2/*swagger-initializer.js] in 'resourceHandlerMapping'
2026-07-20 16:34:50 [main] DEBUG o.s.s.c.a.a.c.AuthenticationConfiguration$DefaultPasswordEncoderAuthenticationManagerBuilder - No authenticationProviders and no parentAuthenticationManager defined. Returning null.
2026-07-20 16:34:50 [main] DEBUG o.s.s.web.DefaultSecurityFilterChain - Will secure any request with filters: DisableEncodeUrlFilter, WebAsyncManagerIntegrationFilter, SecurityContextHolderFilter, HeaderWriterFilter, LogoutFilter, JwtAuthenticationFilter, RequestCacheAwareFilter, SecurityContextHolderAwareRequestFilter, AnonymousAuthenticationFilter, SessionManagementFilter, ExceptionTranslationFilter, AuthorizationFilter
2026-07-20 16:34:50 [main] DEBUG o.s.w.s.m.m.a.RequestMappingHandlerAdapter - ControllerAdvice beans: 0 @ModelAttribute, 0 @InitBinder, 1 RequestBodyAdvice, 1 ResponseBodyAdvice
2026-07-20 16:34:50 [main] DEBUG o.s.w.s.m.m.a.ExceptionHandlerExceptionResolver - ControllerAdvice beans: 2 @ExceptionHandler, 1 ResponseBodyAdvice
2026-07-20 16:34:50 [main] DEBUG c.e.a.s.JwtAuthenticationFilter - Filter 'jwtAuthenticationFilter' configured for use
2026-07-20 16:34:50 [main] INFO  o.s.b.t.m.w.SpringBootMockServletContext - Initializing Spring TestDispatcherServlet ''
2026-07-20 16:34:50 [main] INFO  o.s.t.w.s.TestDispatcherServlet - Initializing Servlet ''
2026-07-20 16:34:50 [main] INFO  o.s.t.w.s.TestDispatcherServlet - Completed initialization in 1 ms
2026-07-20 16:34:50 [main] INFO  com.ecommerce.ClienteControllerTest - Started ClienteControllerTest in 1.645 seconds (process running for 31.34)
2026-07-20 16:34:50 [main] WARN  o.s.c.events.SpringDocAppInitializer - SpringDoc /v3/api-docs endpoint is enabled by default. To disable it in production, set the property 'springdoc.api-docs.enabled=false'
2026-07-20 16:34:50 [main] DEBUG o.s.security.web.FilterChainProxy - Securing GET /clientes/999
2026-07-20 16:34:50 [main] DEBUG o.s.security.web.FilterChainProxy - Secured GET /clientes/999
2026-07-20 16:34:50 [main] DEBUG o.s.w.s.m.m.a.RequestMappingHandlerMapping - Mapped to com.ecommerce.api.controller.ClienteController#obter(Long)
2026-07-20 16:34:50 [main] DEBUG o.s.w.s.m.m.a.ExceptionHandlerExceptionResolver - Using @ExceptionHandler com.ecommerce.api.exception.GlobalExceptionHandler#handleRecursoNaoEncontrado(RecursoNaoEncontradoException, WebRequest)
2026-07-20 16:34:50 [main] ERROR c.e.a.e.GlobalExceptionHandler - Recurso não encontrado: Cliente não encontrado
2026-07-20 16:34:50 [main] DEBUG o.s.w.s.m.m.a.HttpEntityMethodProcessor - Using 'application/json', given [*/*] and supported [application/json, application/*+json, application/yaml]
2026-07-20 16:34:50 [main] DEBUG o.s.w.s.m.m.a.HttpEntityMethodProcessor - Writing [ErrorResponse(timestamp=2026-07-20T16:34:50.596601800, status=404, erro=Recurso não encontrado, mens (truncated)...]
2026-07-20 16:34:50 [main] DEBUG o.s.w.s.m.m.a.ExceptionHandlerExceptionResolver - Resolved [com.ecommerce.api.exception.RecursoNaoEncontradoException: Cliente não encontrado]
2026-07-20 16:34:50 [main] DEBUG o.s.security.web.FilterChainProxy - Securing POST /clientes
2026-07-20 16:34:50 [main] DEBUG o.s.security.web.FilterChainProxy - Secured POST /clientes
2026-07-20 16:34:50 [main] DEBUG o.s.w.s.m.m.a.RequestMappingHandlerMapping - Mapped to com.ecommerce.api.controller.ClienteController#criar(ClienteDTO)
2026-07-20 16:34:50 [main] DEBUG o.s.w.s.m.m.a.RequestResponseBodyMethodProcessor - Read "application/json;charset=UTF-8" to [ClienteDTO(id=null, nome=João Silva, cpf=12345678901, email=email-invalido, telefone=null, endereco= (truncated)...]
2026-07-20 16:34:50 [main] DEBUG o.s.w.s.m.m.a.ExceptionHandlerExceptionResolver - Using @ExceptionHandler com.ecommerce.api.exception.GlobalExceptionHandler#handleValidationExceptions(MethodArgumentNotValidException, WebRequest)
2026-07-20 16:34:50 [main] ERROR c.e.a.e.GlobalExceptionHandler - Erro de validação: {email=Email deve ser válido}
2026-07-20 16:34:50 [main] DEBUG o.s.w.s.m.m.a.HttpEntityMethodProcessor - Using 'application/json', given [*/*] and supported [application/json, application/*+json, application/yaml]
2026-07-20 16:34:50 [main] DEBUG o.s.w.s.m.m.a.HttpEntityMethodProcessor - Writing [ErrorResponse(timestamp=2026-07-20T16:34:50.669408800, status=400, erro=Erro de validação, mensagem= (truncated)...]
2026-07-20 16:34:50 [main] DEBUG o.s.w.s.m.m.a.ExceptionHandlerExceptionResolver - Resolved [org.springframework.web.bind.MethodArgumentNotValidException: Validation failed for argument [0] in public org.springframework.http.ResponseEntity<com.ecommerce.api.dto.ClienteDTO> com.ecommerce.api.controller.ClienteController.criar(com.ecommerce.api.dto.ClienteDTO): [Field error in object 'clienteDTO' on field 'email': rejected value [email-invalido]; codes [Email.clienteDTO.email,Email.email,Email.java.lang.String,Email]; arguments [org.springframework.context.support.DefaultMessageSourceResolvable: codes [clienteDTO.email,email]; arguments []; default message [email],[Ljakarta.validation.constraints.Pattern$Flag;@7ce3acc0,.*]; default message [Email deve ser válido]] ]
2026-07-20 16:34:50 [main] DEBUG o.s.security.web.FilterChainProxy - Securing POST /clientes
2026-07-20 16:34:50 [main] DEBUG o.s.security.web.FilterChainProxy - Secured POST /clientes
2026-07-20 16:34:50 [main] DEBUG o.s.w.s.m.m.a.RequestMappingHandlerMapping - Mapped to com.ecommerce.api.controller.ClienteController#criar(ClienteDTO)
2026-07-20 16:34:50 [main] DEBUG o.s.w.s.m.m.a.RequestResponseBodyMethodProcessor - Read "application/json;charset=UTF-8" to [ClienteDTO(id=1, nome=João Silva, cpf=12345678901, email=joao@example.com, telefone=null, endereco=n (truncated)...]
2026-07-20 16:34:50 [main] DEBUG o.s.w.s.m.m.a.HttpEntityMethodProcessor - Using 'application/json', given [*/*] and supported [application/json, application/*+json, application/yaml]
2026-07-20 16:34:50 [main] DEBUG o.s.w.s.m.m.a.HttpEntityMethodProcessor - Writing [ClienteDTO(id=1, nome=João Silva, cpf=12345678901, email=joao@example.com, telefone=null, endereco=n (truncated)...]
2026-07-20 16:34:50 [main] DEBUG o.s.security.web.FilterChainProxy - Securing GET /clientes/1
2026-07-20 16:34:50 [main] DEBUG o.s.security.web.FilterChainProxy - Secured GET /clientes/1
2026-07-20 16:34:50 [main] DEBUG o.s.w.s.m.m.a.RequestMappingHandlerMapping - Mapped to com.ecommerce.api.controller.ClienteController#obter(Long)
2026-07-20 16:34:50 [main] DEBUG o.s.w.s.m.m.a.HttpEntityMethodProcessor - Using 'application/json', given [*/*] and supported [application/json, application/*+json, application/yaml]
2026-07-20 16:34:50 [main] DEBUG o.s.w.s.m.m.a.HttpEntityMethodProcessor - Writing [ClienteDTO(id=1, nome=João Silva, cpf=12345678901, email=joao@example.com, telefone=null, endereco=n (truncated)...]
2026-07-20 16:34:50 [main] DEBUG o.s.security.web.FilterChainProxy - Securing GET /clientes
2026-07-20 16:34:50 [main] DEBUG o.s.security.web.FilterChainProxy - Secured GET /clientes
2026-07-20 16:34:50 [main] DEBUG o.s.w.s.m.m.a.RequestMappingHandlerMapping - Mapped to com.ecommerce.api.controller.ClienteController#listar(int, int, String, String)
2026-07-20 16:34:50 [main] DEBUG o.s.w.s.m.m.a.HttpEntityMethodProcessor - Using 'application/json', given [*/*] and supported [application/json, application/*+json, application/yaml]
2026-07-20 16:34:50 [main] DEBUG o.s.w.s.m.m.a.HttpEntityMethodProcessor - Writing [Page 1 of 1 containing com.ecommerce.api.dto.ClienteDTO instances]
2026-07-20 16:34:50 [main] DEBUG o.s.w.s.m.m.a.ExceptionHandlerExceptionResolver - Using @ExceptionHandler com.ecommerce.api.exception.GlobalExceptionHandler#handleGlobalException(Exception, WebRequest)
2026-07-20 16:34:50 [main] ERROR c.e.a.e.GlobalExceptionHandler - Erro interno do servidor
org.springframework.http.converter.HttpMessageNotWritableException: Could not write JSON: (was java.lang.UnsupportedOperationException)
	at org.springframework.http.converter.json.AbstractJackson2HttpMessageConverter.writeInternal(AbstractJackson2HttpMessageConverter.java:494)
	at org.springframework.http.converter.AbstractGenericHttpMessageConverter.write(AbstractGenericHttpMessageConverter.java:124)
	at org.springframework.web.servlet.mvc.method.annotation.AbstractMessageConverterMethodProcessor.writeWithMessageConverters(AbstractMessageConverterMethodProcessor.java:344)
	at org.springframework.web.servlet.mvc.method.annotation.HttpEntityMethodProcessor.handleReturnValue(HttpEntityMethodProcessor.java:263)
	at org.springframework.web.servlet.mvc.method.annotation.ResponseEntityReturnValueHandler.handleReturnValue(ResponseEntityReturnValueHandler.java:79)
	at org.springframework.web.method.support.HandlerMethodReturnValueHandlerComposite.handleReturnValue(HandlerMethodReturnValueHandlerComposite.java:78)
	at org.springframework.web.servlet.mvc.method.annotation.ServletInvocableHandlerMethod.invokeAndHandle(ServletInvocableHandlerMethod.java:136)
	at org.springframework.web.servlet.mvc.method.annotation.RequestMappingHandlerAdapter.invokeHandlerMethod(RequestMappingHandlerAdapter.java:991)
	at org.springframework.web.servlet.mvc.method.annotation.RequestMappingHandlerAdapter.handleInternal(RequestMappingHandlerAdapter.java:896)
	at org.springframework.web.servlet.mvc.method.AbstractHandlerMethodAdapter.handle(AbstractHandlerMethodAdapter.java:87)
	at org.springframework.web.servlet.DispatcherServlet.doDispatch(DispatcherServlet.java:1089)
	at org.springframework.web.servlet.DispatcherServlet.doService(DispatcherServlet.java:979)
	at org.springframework.web.servlet.FrameworkServlet.processRequest(FrameworkServlet.java:1014)
	at org.springframework.web.servlet.FrameworkServlet.doGet(FrameworkServlet.java:903)
	at jakarta.servlet.http.HttpServlet.service(HttpServlet.java:564)
	at org.springframework.web.servlet.FrameworkServlet.service(FrameworkServlet.java:885)
	at org.springframework.test.web.servlet.TestDispatcherServlet.service(TestDispatcherServlet.java:72)
	at jakarta.servlet.http.HttpServlet.service(HttpServlet.java:658)
	at org.springframework.mock.web.MockFilterChain$ServletFilterProxy.doFilter(MockFilterChain.java:165)
	at org.springframework.mock.web.MockFilterChain.doFilter(MockFilterChain.java:132)
	at org.springframework.web.filter.OncePerRequestFilter.doFilter(OncePerRequestFilter.java:110)
	at org.springframework.test.web.servlet.setup.MockMvcFilterDecorator.doFilter(MockMvcFilterDecorator.java:162)
	at org.springframework.mock.web.MockFilterChain.doFilter(MockFilterChain.java:132)
	at org.springframework.web.filter.CompositeFilter$VirtualFilterChain.doFilter(CompositeFilter.java:108)
	at org.springframework.web.filter.CompositeFilter$VirtualFilterChain.doFilter(CompositeFilter.java:108)
	at org.springframework.security.web.FilterChainProxy.lambda$doFilterInternal$3(FilterChainProxy.java:231)
	at org.springframework.security.web.FilterChainProxy$VirtualFilterChain.doFilter(FilterChainProxy.java:370)
	at org.springframework.security.web.access.intercept.AuthorizationFilter.doFilter(AuthorizationFilter.java:101)
	at org.springframework.security.web.FilterChainProxy$VirtualFilterChain.doFilter(FilterChainProxy.java:379)
	at org.springframework.security.web.access.ExceptionTranslationFilter.doFilter(ExceptionTranslationFilter.java:125)
	at org.springframework.security.web.access.ExceptionTranslationFilter.doFilter(ExceptionTranslationFilter.java:119)
	at org.springframework.security.web.FilterChainProxy$VirtualFilterChain.doFilter(FilterChainProxy.java:379)
	at org.springframework.security.web.session.SessionManagementFilter.doFilter(SessionManagementFilter.java:131)
	at org.springframework.security.web.session.SessionManagementFilter.doFilter(SessionManagementFilter.java:85)
	at org.springframework.security.web.FilterChainProxy$VirtualFilterChain.doFilter(FilterChainProxy.java:379)
	at org.springframework.security.web.authentication.AnonymousAuthenticationFilter.doFilter(AnonymousAuthenticationFilter.java:100)
	at org.springframework.security.web.FilterChainProxy$VirtualFilterChain.doFilter(FilterChainProxy.java:379)
	at org.springframework.security.web.servletapi.SecurityContextHolderAwareRequestFilter.doFilter(SecurityContextHolderAwareRequestFilter.java:179)
	at org.springframework.security.web.FilterChainProxy$VirtualFilterChain.doFilter(FilterChainProxy.java:379)
	at org.springframework.security.web.savedrequest.RequestCacheAwareFilter.doFilter(RequestCacheAwareFilter.java:63)
	at org.springframework.security.web.FilterChainProxy$VirtualFilterChain.doFilter(FilterChainProxy.java:379)
	at com.ecommerce.api.security.JwtAuthenticationFilter.doFilterInternal(JwtAuthenticationFilter.java:46)
	at org.springframework.web.filter.OncePerRequestFilter.doFilter(OncePerRequestFilter.java:116)
	at org.springframework.security.web.FilterChainProxy$VirtualFilterChain.doFilter(FilterChainProxy.java:379)
	at org.springframework.security.web.authentication.logout.LogoutFilter.doFilter(LogoutFilter.java:107)
	at org.springframework.security.web.authentication.logout.LogoutFilter.doFilter(LogoutFilter.java:93)
	at org.springframework.security.web.FilterChainProxy$VirtualFilterChain.doFilter(FilterChainProxy.java:379)
	at org.springframework.security.web.header.HeaderWriterFilter.doHeadersAfter(HeaderWriterFilter.java:90)
	at org.springframework.security.web.header.HeaderWriterFilter.doFilterInternal(HeaderWriterFilter.java:75)
	at org.springframework.web.filter.OncePerRequestFilter.doFilter(OncePerRequestFilter.java:116)
	at org.springframework.security.web.FilterChainProxy$VirtualFilterChain.doFilter(FilterChainProxy.java:379)
	at org.springframework.security.web.context.SecurityContextHolderFilter.doFilter(SecurityContextHolderFilter.java:82)
	at org.springframework.security.web.context.SecurityContextHolderFilter.doFilter(SecurityContextHolderFilter.java:69)
	at org.springframework.security.web.FilterChainProxy$VirtualFilterChain.doFilter(FilterChainProxy.java:379)
	at org.springframework.security.web.context.request.async.WebAsyncManagerIntegrationFilter.doFilterInternal(WebAsyncManagerIntegrationFilter.java:62)
	at org.springframework.web.filter.OncePerRequestFilter.doFilter(OncePerRequestFilter.java:116)
	at org.springframework.security.web.FilterChainProxy$VirtualFilterChain.doFilter(FilterChainProxy.java:379)
	at org.springframework.security.web.session.DisableEncodeUrlFilter.doFilterInternal(DisableEncodeUrlFilter.java:42)
	at org.springframework.web.filter.OncePerRequestFilter.doFilter(OncePerRequestFilter.java:116)
	at org.springframework.security.web.FilterChainProxy$VirtualFilterChain.doFilter(FilterChainProxy.java:379)
	at org.springframework.security.web.FilterChainProxy.doFilterInternal(FilterChainProxy.java:233)
	at org.springframework.security.web.FilterChainProxy.doFilter(FilterChainProxy.java:191)
	at org.springframework.web.filter.CompositeFilter$VirtualFilterChain.doFilter(CompositeFilter.java:113)
	at org.springframework.web.filter.ServletRequestPathFilter.doFilter(ServletRequestPathFilter.java:52)
	at org.springframework.web.filter.CompositeFilter$VirtualFilterChain.doFilter(CompositeFilter.java:113)
	at org.springframework.web.filter.CompositeFilter.doFilter(CompositeFilter.java:74)
	at org.springframework.security.config.annotation.web.configuration.WebSecurityConfiguration$CompositeFilterChainProxy.doFilter(WebSecurityConfiguration.java:319)
	at org.springframework.web.filter.CompositeFilter$VirtualFilterChain.doFilter(CompositeFilter.java:113)
	at org.springframework.web.servlet.handler.HandlerMappingIntrospector.lambda$createCacheFilter$4(HandlerMappingIntrospector.java:267)
	at org.springframework.web.filter.CompositeFilter$VirtualFilterChain.doFilter(CompositeFilter.java:113)
	at org.springframework.web.filter.CompositeFilter.doFilter(CompositeFilter.java:74)
	at org.springframework.security.config.annotation.web.configuration.WebMvcSecurityConfiguration$CompositeFilterChainProxy.doFilter(WebMvcSecurityConfiguration.java:240)
	at org.springframework.web.filter.DelegatingFilterProxy.invokeDelegate(DelegatingFilterProxy.java:362)
	at org.springframework.web.filter.DelegatingFilterProxy.doFilter(DelegatingFilterProxy.java:278)
	at org.springframework.test.web.servlet.setup.MockMvcFilterDecorator.doFilter(MockMvcFilterDecorator.java:162)
	at org.springframework.mock.web.MockFilterChain.doFilter(MockFilterChain.java:132)
	at org.springframework.web.filter.RequestContextFilter.doFilterInternal(RequestContextFilter.java:100)
	at org.springframework.web.filter.OncePerRequestFilter.doFilter(OncePerRequestFilter.java:116)
	at org.springframework.test.web.servlet.setup.MockMvcFilterDecorator.doFilter(MockMvcFilterDecorator.java:162)
	at org.springframework.mock.web.MockFilterChain.doFilter(MockFilterChain.java:132)
	at org.springframework.web.filter.FormContentFilter.doFilterInternal(FormContentFilter.java:93)
	at org.springframework.web.filter.OncePerRequestFilter.doFilter(OncePerRequestFilter.java:116)
	at org.springframework.test.web.servlet.setup.MockMvcFilterDecorator.doFilter(MockMvcFilterDecorator.java:162)
	at org.springframework.mock.web.MockFilterChain.doFilter(MockFilterChain.java:132)
	at org.springframework.web.filter.CharacterEncodingFilter.doFilterInternal(CharacterEncodingFilter.java:201)
	at org.springframework.web.filter.OncePerRequestFilter.doFilter(OncePerRequestFilter.java:116)
	at org.springframework.test.web.servlet.setup.MockMvcFilterDecorator.doFilter(MockMvcFilterDecorator.java:162)
	at org.springframework.mock.web.MockFilterChain.doFilter(MockFilterChain.java:132)
	at org.springframework.test.web.servlet.MockMvc.perform(MockMvc.java:201)
	at com.ecommerce.ClienteControllerTest.testListarComPaginacao(ClienteControllerTest.java:123)
	at java.base/jdk.internal.reflect.DirectMethodHandleAccessor.invoke(DirectMethodHandleAccessor.java:104)
	at java.base/java.lang.reflect.Method.invoke(Method.java:565)
	at org.junit.platform.commons.util.ReflectionUtils.invokeMethod(ReflectionUtils.java:775)
	at org.junit.platform.commons.support.ReflectionSupport.invokeMethod(ReflectionSupport.java:479)
	at org.junit.jupiter.engine.execution.MethodInvocation.proceed(MethodInvocation.java:60)
	at org.junit.jupiter.engine.execution.InvocationInterceptorChain$ValidatingInvocation.proceed(InvocationInterceptorChain.java:131)
	at org.junit.jupiter.engine.extension.TimeoutExtension.intercept(TimeoutExtension.java:161)
	at org.junit.jupiter.engine.extension.TimeoutExtension.interceptTestableMethod(TimeoutExtension.java:152)
	at org.junit.jupiter.engine.extension.TimeoutExtension.interceptTestMethod(TimeoutExtension.java:91)
	at org.junit.jupiter.engine.execution.InterceptingExecutableInvoker$ReflectiveInterceptorCall.lambda$ofVoidMethod$0(InterceptingExecutableInvoker.java:112)
	at org.junit.jupiter.engine.execution.InterceptingExecutableInvoker.lambda$invoke$0(InterceptingExecutableInvoker.java:94)
	at org.junit.jupiter.engine.execution.InvocationInterceptorChain$InterceptedInvocation.proceed(InvocationInterceptorChain.java:106)
	at org.junit.jupiter.engine.execution.InvocationInterceptorChain.proceed(InvocationInterceptorChain.java:64)
	at org.junit.jupiter.engine.execution.InvocationInterceptorChain.chainAndInvoke(InvocationInterceptorChain.java:45)
	at org.junit.jupiter.engine.execution.InvocationInterceptorChain.invoke(InvocationInterceptorChain.java:37)
	at org.junit.jupiter.engine.execution.InterceptingExecutableInvoker.invoke(InterceptingExecutableInvoker.java:93)
	at org.junit.jupiter.engine.execution.InterceptingExecutableInvoker.invoke(InterceptingExecutableInvoker.java:87)
	at org.junit.jupiter.engine.descriptor.TestMethodTestDescriptor.lambda$invokeTestMethod$7(TestMethodTestDescriptor.java:216)
	at org.junit.platform.engine.support.hierarchical.ThrowableCollector.execute(ThrowableCollector.java:73)
	at org.junit.jupiter.engine.descriptor.TestMethodTestDescriptor.invokeTestMethod(TestMethodTestDescriptor.java:212)
	at org.junit.jupiter.engine.descriptor.TestMethodTestDescriptor.execute(TestMethodTestDescriptor.java:137)
	at org.junit.jupiter.engine.descriptor.TestMethodTestDescriptor.execute(TestMethodTestDescriptor.java:69)
	at org.junit.platform.engine.support.hierarchical.NodeTestTask.lambda$executeRecursively$6(NodeTestTask.java:156)
	at org.junit.platform.engine.support.hierarchical.ThrowableCollector.execute(ThrowableCollector.java:73)
	at org.junit.platform.engine.support.hierarchical.NodeTestTask.lambda$executeRecursively$8(NodeTestTask.java:146)
	at org.junit.platform.engine.support.hierarchical.Node.around(Node.java:137)
	at org.junit.platform.engine.support.hierarchical.NodeTestTask.lambda$executeRecursively$9(NodeTestTask.java:144)
	at org.junit.platform.engine.support.hierarchical.ThrowableCollector.execute(ThrowableCollector.java:73)
	at org.junit.platform.engine.support.hierarchical.NodeTestTask.executeRecursively(NodeTestTask.java:143)
	at org.junit.platform.engine.support.hierarchical.NodeTestTask.execute(NodeTestTask.java:100)
	at java.base/java.util.ArrayList.forEach(ArrayList.java:1604)
	at org.junit.platform.engine.support.hierarchical.SameThreadHierarchicalTestExecutorService.invokeAll(SameThreadHierarchicalTestExecutorService.java:41)
	at org.junit.platform.engine.support.hierarchical.NodeTestTask.lambda$executeRecursively$6(NodeTestTask.java:160)
	at org.junit.platform.engine.support.hierarchical.ThrowableCollector.execute(ThrowableCollector.java:73)
	at org.junit.platform.engine.support.hierarchical.NodeTestTask.lambda$executeRecursively$8(NodeTestTask.java:146)
	at org.junit.platform.engine.support.hierarchical.Node.around(Node.java:137)
	at org.junit.platform.engine.support.hierarchical.NodeTestTask.lambda$executeRecursively$9(NodeTestTask.java:144)
	at org.junit.platform.engine.support.hierarchical.ThrowableCollector.execute(ThrowableCollector.java:73)
	at org.junit.platform.engine.support.hierarchical.NodeTestTask.executeRecursively(NodeTestTask.java:143)
	at org.junit.platform.engine.support.hierarchical.NodeTestTask.execute(NodeTestTask.java:100)
	at java.base/java.util.ArrayList.forEach(ArrayList.java:1604)
	at org.junit.platform.engine.support.hierarchical.SameThreadHierarchicalTestExecutorService.invokeAll(SameThreadHierarchicalTestExecutorService.java:41)
	at org.junit.platform.engine.support.hierarchical.NodeTestTask.lambda$executeRecursively$6(NodeTestTask.java:160)
	at org.junit.platform.engine.support.hierarchical.ThrowableCollector.execute(ThrowableCollector.java:73)
	at org.junit.platform.engine.support.hierarchical.NodeTestTask.lambda$executeRecursively$8(NodeTestTask.java:146)
	at org.junit.platform.engine.support.hierarchical.Node.around(Node.java:137)
	at org.junit.platform.engine.support.hierarchical.NodeTestTask.lambda$executeRecursively$9(NodeTestTask.java:144)
	at org.junit.platform.engine.support.hierarchical.ThrowableCollector.execute(ThrowableCollector.java:73)
	at org.junit.platform.engine.support.hierarchical.NodeTestTask.executeRecursively(NodeTestTask.java:143)
	at org.junit.platform.engine.support.hierarchical.NodeTestTask.execute(NodeTestTask.java:100)
	at org.junit.platform.engine.support.hierarchical.SameThreadHierarchicalTestExecutorService.submit(SameThreadHierarchicalTestExecutorService.java:35)
	at org.junit.platform.engine.support.hierarchical.HierarchicalTestExecutor.execute(HierarchicalTestExecutor.java:57)
	at org.junit.platform.engine.support.hierarchical.HierarchicalTestEngine.execute(HierarchicalTestEngine.java:54)
	at org.junit.platform.launcher.core.EngineExecutionOrchestrator.execute(EngineExecutionOrchestrator.java:201)
	at org.junit.platform.launcher.core.EngineExecutionOrchestrator.execute(EngineExecutionOrchestrator.java:170)
	at org.junit.platform.launcher.core.EngineExecutionOrchestrator.execute(EngineExecutionOrchestrator.java:94)
	at org.junit.platform.launcher.core.EngineExecutionOrchestrator.lambda$execute$0(EngineExecutionOrchestrator.java:59)
	at org.junit.platform.launcher.core.EngineExecutionOrchestrator.withInterceptedStreams(EngineExecutionOrchestrator.java:142)
	at org.junit.platform.launcher.core.EngineExecutionOrchestrator.execute(EngineExecutionOrchestrator.java:58)
	at org.junit.platform.launcher.core.DefaultLauncher.execute(DefaultLauncher.java:103)
	at org.junit.platform.launcher.core.DefaultLauncher.execute(DefaultLauncher.java:85)
	at org.junit.platform.launcher.core.DelegatingLauncher.execute(DelegatingLauncher.java:47)
	at org.junit.platform.launcher.core.InterceptingLauncher.lambda$execute$1(InterceptingLauncher.java:39)
	at org.junit.platform.launcher.core.ClasspathAlignmentCheckingLauncherInterceptor.intercept(ClasspathAlignmentCheckingLauncherInterceptor.java:25)
	at org.junit.platform.launcher.core.InterceptingLauncher.execute(InterceptingLauncher.java:38)
	at org.junit.platform.launcher.core.DelegatingLauncher.execute(DelegatingLauncher.java:47)
	at org.apache.maven.surefire.junitplatform.LazyLauncher.execute(LazyLauncher.java:56)
	at org.apache.maven.surefire.junitplatform.JUnitPlatformProvider.execute(JUnitPlatformProvider.java:184)
	at org.apache.maven.surefire.junitplatform.JUnitPlatformProvider.invokeAllTests(JUnitPlatformProvider.java:148)
	at org.apache.maven.surefire.junitplatform.JUnitPlatformProvider.invoke(JUnitPlatformProvider.java:122)
	at org.apache.maven.surefire.booter.ForkedBooter.runSuitesInProcess(ForkedBooter.java:385)
	at org.apache.maven.surefire.booter.ForkedBooter.execute(ForkedBooter.java:162)
	at org.apache.maven.surefire.booter.ForkedBooter.run(ForkedBooter.java:507)
	at org.apache.maven.surefire.booter.ForkedBooter.main(ForkedBooter.java:495)
Caused by: com.fasterxml.jackson.databind.JsonMappingException: (was java.lang.UnsupportedOperationException) (through reference chain: org.springframework.data.domain.PageImpl["pageable"]->org.springframework.data.domain.Unpaged["offset"])
	at com.fasterxml.jackson.databind.JsonMappingException.wrapWithPath(JsonMappingException.java:400)
	at com.fasterxml.jackson.databind.JsonMappingException.wrapWithPath(JsonMappingException.java:359)
	at com.fasterxml.jackson.databind.ser.std.StdSerializer.wrapAndThrow(StdSerializer.java:324)
	at com.fasterxml.jackson.databind.ser.std.BeanSerializerBase.serializeFields(BeanSerializerBase.java:765)
	at com.fasterxml.jackson.databind.ser.BeanSerializer.serialize(BeanSerializer.java:183)
	at com.fasterxml.jackson.databind.ser.BeanPropertyWriter.serializeAsField(BeanPropertyWriter.java:732)
	at com.fasterxml.jackson.databind.ser.std.BeanSerializerBase.serializeFields(BeanSerializerBase.java:760)
	at com.fasterxml.jackson.databind.ser.BeanSerializer.serialize(BeanSerializer.java:183)
	at com.fasterxml.jackson.databind.ser.DefaultSerializerProvider._serialize(DefaultSerializerProvider.java:503)
	at com.fasterxml.jackson.databind.ser.DefaultSerializerProvider.serializeValue(DefaultSerializerProvider.java:342)
	at com.fasterxml.jackson.databind.ObjectWriter$Prefetch.serialize(ObjectWriter.java:1587)
	at com.fasterxml.jackson.databind.ObjectWriter.writeValue(ObjectWriter.java:1061)
	at org.springframework.http.converter.json.AbstractJackson2HttpMessageConverter.writeInternal(AbstractJackson2HttpMessageConverter.java:485)
	... 163 common frames omitted
Caused by: java.lang.UnsupportedOperationException
	at org.springframework.data.domain.Unpaged.getOffset(Unpaged.java:75)
	at java.base/jdk.internal.reflect.DirectMethodHandleAccessor.invoke(DirectMethodHandleAccessor.java:104)
	at java.base/java.lang.reflect.Method.invoke(Method.java:565)
	at com.fasterxml.jackson.databind.ser.BeanPropertyWriter.serializeAsField(BeanPropertyWriter.java:688)
	at com.fasterxml.jackson.databind.ser.std.BeanSerializerBase.serializeFields(BeanSerializerBase.java:760)
	... 172 common frames omitted
2026-07-20 16:34:50 [main] DEBUG o.s.w.s.m.m.a.HttpEntityMethodProcessor - Found 'Content-Type:application/json' in response
2026-07-20 16:34:50 [main] DEBUG o.s.w.s.m.m.a.HttpEntityMethodProcessor - Writing [ErrorResponse(timestamp=2026-07-20T16:34:50.815018100, status=500, erro=Erro interno do servidor, me (truncated)...]
2026-07-20 16:34:50 [main] DEBUG o.s.w.s.m.m.a.ExceptionHandlerExceptionResolver - Resolved [org.springframework.http.converter.HttpMessageNotWritableException: Could not write JSON: (was java.lang.UnsupportedOperationException)]
2026-07-20 16:34:50 [main] DEBUG o.s.security.web.FilterChainProxy - Securing PUT /clientes/1
2026-07-20 16:34:50 [main] DEBUG o.s.security.web.FilterChainProxy - Secured PUT /clientes/1
2026-07-20 16:34:50 [main] DEBUG o.s.w.s.m.m.a.RequestMappingHandlerMapping - Mapped to com.ecommerce.api.controller.ClienteController#atualizar(Long, ClienteDTO)
2026-07-20 16:34:50 [main] DEBUG o.s.w.s.m.m.a.RequestResponseBodyMethodProcessor - Read "application/json;charset=UTF-8" to [ClienteDTO(id=1, nome=João Silva, cpf=12345678901, email=joao@example.com, telefone=null, endereco=n (truncated)...]
2026-07-20 16:34:50 [main] DEBUG o.s.w.s.m.m.a.HttpEntityMethodProcessor - Using 'application/json', given [*/*] and supported [application/json, application/*+json, application/yaml]
2026-07-20 16:34:50 [main] DEBUG o.s.w.s.m.m.a.HttpEntityMethodProcessor - Writing [ClienteDTO(id=1, nome=João Silva, cpf=12345678901, email=joao@example.com, telefone=null, endereco=n (truncated)...]
2026-07-20 16:34:50 [main] DEBUG o.s.security.web.FilterChainProxy - Securing DELETE /clientes/1
2026-07-20 16:34:50 [main] DEBUG o.s.security.web.FilterChainProxy - Secured DELETE /clientes/1
2026-07-20 16:34:50 [main] DEBUG o.s.w.s.m.m.a.RequestMappingHandlerMapping - Mapped to com.ecommerce.api.controller.ClienteController#deletar(Long)
2026-07-20 16:34:50 [main] DEBUG o.s.w.s.m.m.a.HttpEntityMethodProcessor - Using 'application/json', given [*/*] and supported [application/json, application/*+json, application/yaml]
2026-07-20 16:34:50 [main] DEBUG o.s.w.s.m.m.a.HttpEntityMethodProcessor - Nothing to write: null body
2026-07-20 16:34:50 [main] DEBUG o.s.security.web.FilterChainProxy - Securing GET /clientes/todos
2026-07-20 16:34:50 [main] DEBUG o.s.security.web.FilterChainProxy - Secured GET /clientes/todos
2026-07-20 16:34:50 [main] DEBUG o.s.w.s.m.m.a.RequestMappingHandlerMapping - Mapped to com.ecommerce.api.controller.ClienteController#listarTodos()
2026-07-20 16:34:50 [main] DEBUG o.s.w.s.m.m.a.HttpEntityMethodProcessor - Using 'application/json', given [*/*] and supported [application/json, application/*+json, application/yaml]
2026-07-20 16:34:50 [main] DEBUG o.s.w.s.m.m.a.HttpEntityMethodProcessor - Writing [[ClienteDTO(id=1, nome=João Silva, cpf=12345678901, email=joao@example.com, telefone=null, endereco= (truncated)...]
2026-07-20 16:34:51 [main] ERROR c.e.a.e.GlobalExceptionHandler - Recurso não encontrado: Produto não encontrado
2026-07-20 16:34:51 [main] ERROR c.e.a.e.GlobalExceptionHandler - Erro de validação: {nome=não pode estar em branco}
2026-07-20 16:34:51 [main] ERROR c.e.a.e.GlobalExceptionHandler - Erro interno do servidor
java.lang.RuntimeException: Algo inesperado aconteceu
	at com.ecommerce.GlobalExceptionHandlerTest.testHandleGlobalException(GlobalExceptionHandlerTest.java:88)
	at java.base/jdk.internal.reflect.DirectMethodHandleAccessor.invoke(DirectMethodHandleAccessor.java:104)
	at java.base/java.lang.reflect.Method.invoke(Method.java:565)
	at org.junit.platform.commons.util.ReflectionUtils.invokeMethod(ReflectionUtils.java:775)
	at org.junit.platform.commons.support.ReflectionSupport.invokeMethod(ReflectionSupport.java:479)
	at org.junit.jupiter.engine.execution.MethodInvocation.proceed(MethodInvocation.java:60)
	at org.junit.jupiter.engine.execution.InvocationInterceptorChain$ValidatingInvocation.proceed(InvocationInterceptorChain.java:131)
	at org.junit.jupiter.engine.extension.TimeoutExtension.intercept(TimeoutExtension.java:161)
	at org.junit.jupiter.engine.extension.TimeoutExtension.interceptTestableMethod(TimeoutExtension.java:152)
	at org.junit.jupiter.engine.extension.TimeoutExtension.interceptTestMethod(TimeoutExtension.java:91)
	at org.junit.jupiter.engine.execution.InterceptingExecutableInvoker$ReflectiveInterceptorCall.lambda$ofVoidMethod$0(InterceptingExecutableInvoker.java:112)
	at org.junit.jupiter.engine.execution.InterceptingExecutableInvoker.lambda$invoke$0(InterceptingExecutableInvoker.java:94)
	at org.junit.jupiter.engine.execution.InvocationInterceptorChain$InterceptedInvocation.proceed(InvocationInterceptorChain.java:106)
	at org.junit.jupiter.engine.execution.InvocationInterceptorChain.proceed(InvocationInterceptorChain.java:64)
	at org.junit.jupiter.engine.execution.InvocationInterceptorChain.chainAndInvoke(InvocationInterceptorChain.java:45)
	at org.junit.jupiter.engine.execution.InvocationInterceptorChain.invoke(InvocationInterceptorChain.java:37)
	at org.junit.jupiter.engine.execution.InterceptingExecutableInvoker.invoke(InterceptingExecutableInvoker.java:93)
	at org.junit.jupiter.engine.execution.InterceptingExecutableInvoker.invoke(InterceptingExecutableInvoker.java:87)
	at org.junit.jupiter.engine.descriptor.TestMethodTestDescriptor.lambda$invokeTestMethod$7(TestMethodTestDescriptor.java:216)
	at org.junit.platform.engine.support.hierarchical.ThrowableCollector.execute(ThrowableCollector.java:73)
	at org.junit.jupiter.engine.descriptor.TestMethodTestDescriptor.invokeTestMethod(TestMethodTestDescriptor.java:212)
	at org.junit.jupiter.engine.descriptor.TestMethodTestDescriptor.execute(TestMethodTestDescriptor.java:137)
	at org.junit.jupiter.engine.descriptor.TestMethodTestDescriptor.execute(TestMethodTestDescriptor.java:69)
	at org.junit.platform.engine.support.hierarchical.NodeTestTask.lambda$executeRecursively$6(NodeTestTask.java:156)
	at org.junit.platform.engine.support.hierarchical.ThrowableCollector.execute(ThrowableCollector.java:73)
	at org.junit.platform.engine.support.hierarchical.NodeTestTask.lambda$executeRecursively$8(NodeTestTask.java:146)
	at org.junit.platform.engine.support.hierarchical.Node.around(Node.java:137)
	at org.junit.platform.engine.support.hierarchical.NodeTestTask.lambda$executeRecursively$9(NodeTestTask.java:144)
	at org.junit.platform.engine.support.hierarchical.ThrowableCollector.execute(ThrowableCollector.java:73)
	at org.junit.platform.engine.support.hierarchical.NodeTestTask.executeRecursively(NodeTestTask.java:143)
	at org.junit.platform.engine.support.hierarchical.NodeTestTask.execute(NodeTestTask.java:100)
	at java.base/java.util.ArrayList.forEach(ArrayList.java:1604)
	at org.junit.platform.engine.support.hierarchical.SameThreadHierarchicalTestExecutorService.invokeAll(SameThreadHierarchicalTestExecutorService.java:41)
	at org.junit.platform.engine.support.hierarchical.NodeTestTask.lambda$executeRecursively$6(NodeTestTask.java:160)
	at org.junit.platform.engine.support.hierarchical.ThrowableCollector.execute(ThrowableCollector.java:73)
	at org.junit.platform.engine.support.hierarchical.NodeTestTask.lambda$executeRecursively$8(NodeTestTask.java:146)
	at org.junit.platform.engine.support.hierarchical.Node.around(Node.java:137)
	at org.junit.platform.engine.support.hierarchical.NodeTestTask.lambda$executeRecursively$9(NodeTestTask.java:144)
	at org.junit.platform.engine.support.hierarchical.ThrowableCollector.execute(ThrowableCollector.java:73)
	at org.junit.platform.engine.support.hierarchical.NodeTestTask.executeRecursively(NodeTestTask.java:143)
	at org.junit.platform.engine.support.hierarchical.NodeTestTask.execute(NodeTestTask.java:100)
	at java.base/java.util.ArrayList.forEach(ArrayList.java:1604)
	at org.junit.platform.engine.support.hierarchical.SameThreadHierarchicalTestExecutorService.invokeAll(SameThreadHierarchicalTestExecutorService.java:41)
	at org.junit.platform.engine.support.hierarchical.NodeTestTask.lambda$executeRecursively$6(NodeTestTask.java:160)
	at org.junit.platform.engine.support.hierarchical.ThrowableCollector.execute(ThrowableCollector.java:73)
	at org.junit.platform.engine.support.hierarchical.NodeTestTask.lambda$executeRecursively$8(NodeTestTask.java:146)
	at org.junit.platform.engine.support.hierarchical.Node.around(Node.java:137)
	at org.junit.platform.engine.support.hierarchical.NodeTestTask.lambda$executeRecursively$9(NodeTestTask.java:144)
	at org.junit.platform.engine.support.hierarchical.ThrowableCollector.execute(ThrowableCollector.java:73)
	at org.junit.platform.engine.support.hierarchical.NodeTestTask.executeRecursively(NodeTestTask.java:143)
	at org.junit.platform.engine.support.hierarchical.NodeTestTask.execute(NodeTestTask.java:100)
	at org.junit.platform.engine.support.hierarchical.SameThreadHierarchicalTestExecutorService.submit(SameThreadHierarchicalTestExecutorService.java:35)
	at org.junit.platform.engine.support.hierarchical.HierarchicalTestExecutor.execute(HierarchicalTestExecutor.java:57)
	at org.junit.platform.engine.support.hierarchical.HierarchicalTestEngine.execute(HierarchicalTestEngine.java:54)
	at org.junit.platform.launcher.core.EngineExecutionOrchestrator.execute(EngineExecutionOrchestrator.java:201)
	at org.junit.platform.launcher.core.EngineExecutionOrchestrator.execute(EngineExecutionOrchestrator.java:170)
	at org.junit.platform.launcher.core.EngineExecutionOrchestrator.execute(EngineExecutionOrchestrator.java:94)
	at org.junit.platform.launcher.core.EngineExecutionOrchestrator.lambda$execute$0(EngineExecutionOrchestrator.java:59)
	at org.junit.platform.launcher.core.EngineExecutionOrchestrator.withInterceptedStreams(EngineExecutionOrchestrator.java:142)
	at org.junit.platform.launcher.core.EngineExecutionOrchestrator.execute(EngineExecutionOrchestrator.java:58)
	at org.junit.platform.launcher.core.DefaultLauncher.execute(DefaultLauncher.java:103)
	at org.junit.platform.launcher.core.DefaultLauncher.execute(DefaultLauncher.java:85)
	at org.junit.platform.launcher.core.DelegatingLauncher.execute(DelegatingLauncher.java:47)
	at org.junit.platform.launcher.core.InterceptingLauncher.lambda$execute$1(InterceptingLauncher.java:39)
	at org.junit.platform.launcher.core.ClasspathAlignmentCheckingLauncherInterceptor.intercept(ClasspathAlignmentCheckingLauncherInterceptor.java:25)
	at org.junit.platform.launcher.core.InterceptingLauncher.execute(InterceptingLauncher.java:38)
	at org.junit.platform.launcher.core.DelegatingLauncher.execute(DelegatingLauncher.java:47)
	at org.apache.maven.surefire.junitplatform.LazyLauncher.execute(LazyLauncher.java:56)
	at org.apache.maven.surefire.junitplatform.JUnitPlatformProvider.execute(JUnitPlatformProvider.java:184)
	at org.apache.maven.surefire.junitplatform.JUnitPlatformProvider.invokeAllTests(JUnitPlatformProvider.java:148)
	at org.apache.maven.surefire.junitplatform.JUnitPlatformProvider.invoke(JUnitPlatformProvider.java:122)
	at org.apache.maven.surefire.booter.ForkedBooter.runSuitesInProcess(ForkedBooter.java:385)
	at org.apache.maven.surefire.booter.ForkedBooter.execute(ForkedBooter.java:162)
	at org.apache.maven.surefire.booter.ForkedBooter.run(ForkedBooter.java:507)
	at org.apache.maven.surefire.booter.ForkedBooter.main(ForkedBooter.java:495)
2026-07-20 16:34:51 [main] ERROR c.e.a.e.GlobalExceptionHandler - Argumento inválido: Email já cadastrado
2026-07-20 16:34:51 [main] DEBUG c.ecommerce.api.security.JwtProvider - Gerando token JWT para usuário: usuario@teste.com
2026-07-20 16:34:52 [main] WARN  c.ecommerce.api.security.JwtProvider - Erro ao verificar expiração do token: Malformed protected header JSON: Unable to deserialize: Unexpected character ('�' (code 65533 / 0xfffd)): expected a valid value (JSON String, Number, Array, Object or token 'null', 'true' or 'false')
 at [Source: REDACTED (`StreamReadFeature.INCLUDE_SOURCE_IN_LOCATION` disabled); line: 1, column: 1]
2026-07-20 16:34:52 [main] DEBUG c.ecommerce.api.security.JwtProvider - Gerando token JWT para usuário: usuario@teste.com
2026-07-20 16:34:52 [main] WARN  c.ecommerce.api.security.JwtProvider - Token JWT inválido: Malformed protected header JSON: Unable to deserialize: Unexpected character ('�' (code 65533 / 0xfffd)): expected a valid value (JSON String, Number, Array, Object or token 'null', 'true' or 'false')
 at [Source: REDACTED (`StreamReadFeature.INCLUDE_SOURCE_IN_LOCATION` disabled); line: 1, column: 1]
2026-07-20 16:34:52 [main] DEBUG c.ecommerce.api.security.JwtProvider - Gerando token JWT para usuário: usuario@teste.com
2026-07-20 16:34:52 [main] ERROR c.ecommerce.api.security.JwtProvider - Erro ao extrair userId do token: Invalid compact JWT string: Compact JWSs must contain exactly 2 period characters, and compact JWEs must contain exactly 4.  Found: 0
2026-07-20 16:34:52 [main] DEBUG c.ecommerce.api.security.JwtProvider - Gerando token JWT para usuário: usuario@teste.com
2026-07-20 16:34:52 [main] WARN  c.ecommerce.api.security.JwtProvider - Erro ao verificar expiração do token: JWT expired 1144 milliseconds ago at 2026-07-20T19:34:51.000Z. Current time: 2026-07-20T19:34:52.144Z. Allowed clock skew: 0 milliseconds.
2026-07-20 16:34:52 [main] DEBUG c.ecommerce.api.security.JwtProvider - Gerando token JWT para usuário: usuario@teste.com
2026-07-20 16:34:52 [main] DEBUG c.ecommerce.api.security.JwtProvider - Token JWT válido
2026-07-20 16:34:52 [main] DEBUG c.ecommerce.api.security.JwtProvider - Gerando token JWT para usuário: usuario@teste.com
2026-07-20 16:34:52 [main] ERROR c.ecommerce.api.security.JwtProvider - Erro ao extrair email do token: Invalid compact JWT string: Compact JWSs must contain exactly 2 period characters, and compact JWEs must contain exactly 4.  Found: 0
2026-07-20 16:34:52 [main] INFO  o.s.t.c.s.AnnotationConfigContextLoaderUtils - Could not detect default configuration classes for test class [com.ecommerce.PagamentoControllerTest]: PagamentoControllerTest does not declare any static, non-private, non-final, nested classes annotated with @Configuration.
2026-07-20 16:34:52 [main] INFO  o.s.b.t.c.SpringBootTestContextBootstrapper - Found @SpringBootConfiguration com.ecommerce.Application for test class com.ecommerce.PagamentoControllerTest
2026-07-20 16:34:52 [main] INFO  o.s.b.d.r.RestartApplicationListener - Restart disabled due to context in which it is running
2026-07-20 16:34:52 [main] INFO  c.ecommerce.PagamentoControllerTest - Starting PagamentoControllerTest using Java 25.0.2 with PID 17932 (started by PabloBezerradaSilva in C:\Users\PabloBezerradaSilva\Documents\Java\fourcamp26-pablosilva\ecommerce-api)
2026-07-20 16:34:52 [main] DEBUG c.ecommerce.PagamentoControllerTest - Running with Spring Boot v3.5.16, Spring v6.2.19
2026-07-20 16:34:52 [main] INFO  c.ecommerce.PagamentoControllerTest - No active profile set, falling back to 1 default profile: "default"
2026-07-20 16:34:52 [main] DEBUG o.s.w.c.s.GenericWebApplicationContext - Refreshing org.springframework.web.context.support.GenericWebApplicationContext@57cc9d6f
2026-07-20 16:34:52 [main] INFO  o.s.d.r.c.RepositoryConfigurationDelegate - Bootstrapping Spring Data JPA repositories in DEFAULT mode.
2026-07-20 16:34:52 [main] INFO  o.s.d.r.c.RepositoryConfigurationDelegate - Finished Spring Data repository scanning in 45 ms. Found 6 JPA repository interfaces.
2026-07-20 16:34:53 [main] INFO  o.h.jpa.internal.util.LogHelper - HHH000204: Processing PersistenceUnitInfo [name: default]
2026-07-20 16:34:53 [main] INFO  o.h.c.i.RegionFactoryInitiator - HHH000026: Second-level cache disabled
2026-07-20 16:34:53 [main] INFO  o.s.o.j.p.SpringPersistenceUnitInfo - No LoadTimeWeaver setup: ignoring JPA class transformer
2026-07-20 16:34:53 [main] INFO  com.zaxxer.hikari.HikariDataSource - HikariPool-4 - Starting...
2026-07-20 16:34:53 [main] INFO  com.zaxxer.hikari.pool.HikariPool - HikariPool-4 - Added connection conn30: url=jdbc:h2:mem:ecommercedb user=SA
2026-07-20 16:34:53 [main] INFO  com.zaxxer.hikari.HikariDataSource - HikariPool-4 - Start completed.
2026-07-20 16:34:53 [main] WARN  org.hibernate.orm.deprecation - HHH90000025: H2Dialect does not need to be specified explicitly using 'hibernate.dialect' (remove the property setting and it will be selected by default)
2026-07-20 16:34:53 [main] INFO  o.hibernate.orm.connections.pooling - HHH10001005: Database info:
	Database JDBC URL [Connecting through datasource 'HikariDataSource (HikariPool-4)']
	Database driver: undefined/unknown
	Database version: 2.3.232
	Autocommit mode: undefined/unknown
	Isolation level: undefined/unknown
	Minimum pool size: undefined/unknown
	Maximum pool size: undefined/unknown
2026-07-20 16:34:53 [main] INFO  o.h.e.t.j.p.i.JtaPlatformInitiator - HHH000489: No JTA platform available (set 'hibernate.transaction.jta.platform' to enable JTA platform integration)
2026-07-20 16:34:53 [main] DEBUG org.hibernate.SQL - 
    drop table if exists categorias cascade 
2026-07-20 16:34:53 [main] DEBUG org.hibernate.SQL - 
    drop table if exists clientes cascade 
2026-07-20 16:34:53 [main] DEBUG org.hibernate.SQL - 
    drop table if exists itens_pedido cascade 
2026-07-20 16:34:53 [main] DEBUG org.hibernate.SQL - 
    drop table if exists pagamentos cascade 
2026-07-20 16:34:53 [main] DEBUG org.hibernate.SQL - 
    drop table if exists pedidos cascade 
2026-07-20 16:34:53 [main] DEBUG org.hibernate.SQL - 
    drop table if exists produtos cascade 
2026-07-20 16:34:53 [main] DEBUG org.hibernate.SQL - 
    drop table if exists usuarios cascade 
2026-07-20 16:34:53 [main] DEBUG org.hibernate.SQL - 
    create table categorias (
        ativo boolean not null,
        id bigint generated by default as identity,
        nome varchar(100) not null,
        descricao TEXT,
        primary key (id)
    )
2026-07-20 16:34:53 [main] DEBUG org.hibernate.SQL - 
    create table clientes (
        ativo boolean not null,
        data_atualizacao timestamp(6),
        data_criacao timestamp(6) not null,
        id bigint generated by default as identity,
        cpf varchar(11) not null unique,
        telefone varchar(20),
        email varchar(255) not null unique,
        endereco TEXT,
        nome varchar(255) not null,
        primary key (id)
    )
2026-07-20 16:34:53 [main] DEBUG org.hibernate.SQL - 
    create table itens_pedido (
        preco_unitario numeric(10,2) not null,
        quantidade integer not null,
        id bigint generated by default as identity,
        pedido_id bigint not null,
        produto_id bigint not null,
        primary key (id)
    )
2026-07-20 16:34:53 [main] DEBUG org.hibernate.SQL - 
    create table pagamentos (
        valor float(53) not null,
        data_criacao timestamp(6) not null,
        id bigint generated by default as identity,
        pedido_id bigint not null,
        metodo varchar(50) not null,
        status enum ('APROVADO','PENDENTE','RECUSADO','REEMBOLSADO') not null,
        primary key (id)
    )
2026-07-20 16:34:53 [main] DEBUG org.hibernate.SQL - 
    create table pedidos (
        total float(53) not null,
        cliente_id bigint not null,
        data_atualizacao timestamp(6),
        data_criacao timestamp(6) not null,
        id bigint generated by default as identity,
        status enum ('CANCELADO','CONFIRMADO','ENTREGUE','ENVIADO','PENDENTE') not null,
        primary key (id)
    )
2026-07-20 16:34:53 [main] DEBUG org.hibernate.SQL - 
    create table produtos (
        ativo boolean not null,
        estoque integer not null,
        preco numeric(38,2) not null,
        categoria_id bigint not null,
        id bigint generated by default as identity,
        descricao TEXT,
        nome varchar(255) not null,
        primary key (id)
    )
2026-07-20 16:34:53 [main] DEBUG org.hibernate.SQL - 
    create table usuarios (
        ativo boolean not null,
        id bigint generated by default as identity,
        email varchar(255) not null unique,
        nome varchar(255) not null,
        senha varchar(255) not null,
        papel enum ('ADMIN','USER') not null,
        primary key (id)
    )
2026-07-20 16:34:53 [main] DEBUG org.hibernate.SQL - 
    alter table if exists itens_pedido 
       add constraint FK42mycompce3b7yt3l6ukdwsxy 
       foreign key (pedido_id) 
       references pedidos
2026-07-20 16:34:53 [main] DEBUG org.hibernate.SQL - 
    alter table if exists itens_pedido 
       add constraint FKxytdlekpdaobqphujy9bmuhl 
       foreign key (produto_id) 
       references produtos
2026-07-20 16:34:53 [main] DEBUG org.hibernate.SQL - 
    alter table if exists pagamentos 
       add constraint FKb0dh6865y8h4irwdrl4ici3kl 
       foreign key (pedido_id) 
       references pedidos
2026-07-20 16:34:53 [main] DEBUG org.hibernate.SQL - 
    alter table if exists pedidos 
       add constraint FKg7202lk0hwxn04bmdl2thth5b 
       foreign key (cliente_id) 
       references clientes
2026-07-20 16:34:53 [main] DEBUG org.hibernate.SQL - 
    alter table if exists produtos 
       add constraint FK8rqw0ljwdaom34jr2t46bjtrn 
       foreign key (categoria_id) 
       references categorias
2026-07-20 16:34:53 [main] INFO  o.s.o.j.LocalContainerEntityManagerFactoryBean - Initialized JPA EntityManagerFactory for persistence unit 'default'
2026-07-20 16:34:53 [main] DEBUG o.s.w.s.m.m.a.RequestMappingHandlerMapping - 45 mappings in 'requestMappingHandlerMapping'
2026-07-20 16:34:53 [main] DEBUG o.s.w.s.h.SimpleUrlHandlerMapping - Patterns [/h2-console] in 'viewControllerHandlerMapping'
2026-07-20 16:34:53 [main] DEBUG o.s.w.s.h.SimpleUrlHandlerMapping - Patterns [/webjars/**, /**, /swagger-ui/**, /swagger-ui/*swagger-initializer.js, /webjars/*swagger-ui/**, /webjars/*swagger-ui/*swagger-initializer.js, /webjars/*swagger-ui/5.32.2/*swagger-initializer.js] in 'resourceHandlerMapping'
2026-07-20 16:34:53 [main] DEBUG o.s.s.c.a.a.c.AuthenticationConfiguration$DefaultPasswordEncoderAuthenticationManagerBuilder - No authenticationProviders and no parentAuthenticationManager defined. Returning null.
2026-07-20 16:34:53 [main] DEBUG o.s.s.web.DefaultSecurityFilterChain - Will secure any request with filters: DisableEncodeUrlFilter, WebAsyncManagerIntegrationFilter, SecurityContextHolderFilter, HeaderWriterFilter, LogoutFilter, JwtAuthenticationFilter, RequestCacheAwareFilter, SecurityContextHolderAwareRequestFilter, AnonymousAuthenticationFilter, SessionManagementFilter, ExceptionTranslationFilter, AuthorizationFilter
2026-07-20 16:34:54 [main] DEBUG o.s.w.s.m.m.a.RequestMappingHandlerAdapter - ControllerAdvice beans: 0 @ModelAttribute, 0 @InitBinder, 1 RequestBodyAdvice, 1 ResponseBodyAdvice
2026-07-20 16:34:54 [main] DEBUG o.s.w.s.m.m.a.ExceptionHandlerExceptionResolver - ControllerAdvice beans: 2 @ExceptionHandler, 1 ResponseBodyAdvice
2026-07-20 16:34:54 [main] DEBUG c.e.a.s.JwtAuthenticationFilter - Filter 'jwtAuthenticationFilter' configured for use
2026-07-20 16:34:54 [main] INFO  o.s.b.t.m.w.SpringBootMockServletContext - Initializing Spring TestDispatcherServlet ''
2026-07-20 16:34:54 [main] INFO  o.s.t.w.s.TestDispatcherServlet - Initializing Servlet ''
2026-07-20 16:34:54 [main] INFO  o.s.t.w.s.TestDispatcherServlet - Completed initialization in 1 ms
2026-07-20 16:34:54 [main] INFO  c.ecommerce.PagamentoControllerTest - Started PagamentoControllerTest in 1.977 seconds (process running for 34.99)
2026-07-20 16:34:54 [main] WARN  o.s.c.events.SpringDocAppInitializer - SpringDoc /v3/api-docs endpoint is enabled by default. To disable it in production, set the property 'springdoc.api-docs.enabled=false'
2026-07-20 16:34:54 [main] DEBUG o.s.security.web.FilterChainProxy - Securing GET /pagamentos/999
2026-07-20 16:34:54 [main] DEBUG o.s.security.web.FilterChainProxy - Secured GET /pagamentos/999
2026-07-20 16:34:54 [main] DEBUG o.s.w.s.m.m.a.RequestMappingHandlerMapping - Mapped to com.ecommerce.api.controller.PagamentoController#obterPorId(Long)
2026-07-20 16:34:54 [main] DEBUG o.s.w.s.m.m.a.ExceptionHandlerExceptionResolver - Using @ExceptionHandler com.ecommerce.api.exception.GlobalExceptionHandler#handleRecursoNaoEncontrado(RecursoNaoEncontradoException, WebRequest)
2026-07-20 16:34:54 [main] ERROR c.e.a.e.GlobalExceptionHandler - Recurso não encontrado: Pagamento não encontrado
2026-07-20 16:34:54 [main] DEBUG o.s.w.s.m.m.a.HttpEntityMethodProcessor - Using 'application/json', given [*/*] and supported [application/json, application/*+json, application/yaml]
2026-07-20 16:34:54 [main] DEBUG o.s.w.s.m.m.a.HttpEntityMethodProcessor - Writing [ErrorResponse(timestamp=2026-07-20T16:34:54.244858700, status=404, erro=Recurso não encontrado, mens (truncated)...]
2026-07-20 16:34:54 [main] DEBUG o.s.w.s.m.m.a.ExceptionHandlerExceptionResolver - Resolved [com.ecommerce.api.exception.RecursoNaoEncontradoException: Pagamento não encontrado]
2026-07-20 16:34:54 [main] DEBUG o.s.security.web.FilterChainProxy - Securing POST /pagamentos
2026-07-20 16:34:54 [main] DEBUG o.s.security.web.FilterChainProxy - Secured POST /pagamentos
2026-07-20 16:34:54 [main] DEBUG o.s.w.s.m.m.a.RequestMappingHandlerMapping - Mapped to com.ecommerce.api.controller.PagamentoController#criar(PagamentoDTO)
2026-07-20 16:34:54 [main] DEBUG o.s.w.s.m.m.a.RequestResponseBodyMethodProcessor - Read "application/json;charset=UTF-8" to [PagamentoDTO(id=1, pedidoId=10, valor=150.0, metodo=CARTAO, status=PENDENTE, dataCriacao=null)]
2026-07-20 16:34:54 [main] DEBUG o.s.w.s.m.m.a.HttpEntityMethodProcessor - Using 'application/json', given [*/*] and supported [application/json, application/*+json, application/yaml]
2026-07-20 16:34:54 [main] DEBUG o.s.w.s.m.m.a.HttpEntityMethodProcessor - Writing [PagamentoDTO(id=1, pedidoId=10, valor=150.0, metodo=CARTAO, status=PENDENTE, dataCriacao=null)]
2026-07-20 16:34:54 [main] DEBUG o.s.security.web.FilterChainProxy - Securing POST /pagamentos
2026-07-20 16:34:54 [main] DEBUG o.s.security.web.FilterChainProxy - Secured POST /pagamentos
2026-07-20 16:34:54 [main] DEBUG o.s.w.s.m.m.a.RequestMappingHandlerMapping - Mapped to com.ecommerce.api.controller.PagamentoController#criar(PagamentoDTO)
2026-07-20 16:34:54 [main] DEBUG o.s.w.s.m.m.a.RequestResponseBodyMethodProcessor - Read "application/json;charset=UTF-8" to [PagamentoDTO(id=null, pedidoId=10, valor=50.0, metodo=null, status=null, dataCriacao=null)]
2026-07-20 16:34:54 [main] DEBUG o.s.w.s.m.m.a.HttpEntityMethodProcessor - Using 'application/json', given [*/*] and supported [application/json, application/*+json, application/yaml]
2026-07-20 16:34:54 [main] DEBUG o.s.w.s.m.m.a.HttpEntityMethodProcessor - Nothing to write: null body
2026-07-20 16:34:54 [main] DEBUG o.s.security.web.FilterChainProxy - Securing GET /pagamentos
2026-07-20 16:34:54 [main] DEBUG o.s.security.web.FilterChainProxy - Secured GET /pagamentos
2026-07-20 16:34:54 [main] DEBUG o.s.w.s.m.m.a.RequestMappingHandlerMapping - Mapped to com.ecommerce.api.controller.PagamentoController#listar(int, int, String, String)
2026-07-20 16:34:54 [main] DEBUG o.s.w.s.m.m.a.HttpEntityMethodProcessor - Using 'application/json', given [*/*] and supported [application/json, application/*+json, application/yaml]
2026-07-20 16:34:54 [main] DEBUG o.s.w.s.m.m.a.HttpEntityMethodProcessor - Writing [Page 1 of 1 containing com.ecommerce.api.dto.PagamentoDTO instances]
2026-07-20 16:34:54 [main] DEBUG o.s.w.s.m.m.a.ExceptionHandlerExceptionResolver - Using @ExceptionHandler com.ecommerce.api.exception.GlobalExceptionHandler#handleGlobalException(Exception, WebRequest)
2026-07-20 16:34:54 [main] ERROR c.e.a.e.GlobalExceptionHandler - Erro interno do servidor
org.springframework.http.converter.HttpMessageNotWritableException: Could not write JSON: (was java.lang.UnsupportedOperationException)
	at org.springframework.http.converter.json.AbstractJackson2HttpMessageConverter.writeInternal(AbstractJackson2HttpMessageConverter.java:494)
	at org.springframework.http.converter.AbstractGenericHttpMessageConverter.write(AbstractGenericHttpMessageConverter.java:124)
	at org.springframework.web.servlet.mvc.method.annotation.AbstractMessageConverterMethodProcessor.writeWithMessageConverters(AbstractMessageConverterMethodProcessor.java:344)
	at org.springframework.web.servlet.mvc.method.annotation.HttpEntityMethodProcessor.handleReturnValue(HttpEntityMethodProcessor.java:263)
	at org.springframework.web.servlet.mvc.method.annotation.ResponseEntityReturnValueHandler.handleReturnValue(ResponseEntityReturnValueHandler.java:79)
	at org.springframework.web.method.support.HandlerMethodReturnValueHandlerComposite.handleReturnValue(HandlerMethodReturnValueHandlerComposite.java:78)
	at org.springframework.web.servlet.mvc.method.annotation.ServletInvocableHandlerMethod.invokeAndHandle(ServletInvocableHandlerMethod.java:136)
	at org.springframework.web.servlet.mvc.method.annotation.RequestMappingHandlerAdapter.invokeHandlerMethod(RequestMappingHandlerAdapter.java:991)
	at org.springframework.web.servlet.mvc.method.annotation.RequestMappingHandlerAdapter.handleInternal(RequestMappingHandlerAdapter.java:896)
	at org.springframework.web.servlet.mvc.method.AbstractHandlerMethodAdapter.handle(AbstractHandlerMethodAdapter.java:87)
	at org.springframework.web.servlet.DispatcherServlet.doDispatch(DispatcherServlet.java:1089)
	at org.springframework.web.servlet.DispatcherServlet.doService(DispatcherServlet.java:979)
	at org.springframework.web.servlet.FrameworkServlet.processRequest(FrameworkServlet.java:1014)
	at org.springframework.web.servlet.FrameworkServlet.doGet(FrameworkServlet.java:903)
	at jakarta.servlet.http.HttpServlet.service(HttpServlet.java:564)
	at org.springframework.web.servlet.FrameworkServlet.service(FrameworkServlet.java:885)
	at org.springframework.test.web.servlet.TestDispatcherServlet.service(TestDispatcherServlet.java:72)
	at jakarta.servlet.http.HttpServlet.service(HttpServlet.java:658)
	at org.springframework.mock.web.MockFilterChain$ServletFilterProxy.doFilter(MockFilterChain.java:165)
	at org.springframework.mock.web.MockFilterChain.doFilter(MockFilterChain.java:132)
	at org.springframework.web.filter.OncePerRequestFilter.doFilter(OncePerRequestFilter.java:110)
	at org.springframework.test.web.servlet.setup.MockMvcFilterDecorator.doFilter(MockMvcFilterDecorator.java:162)
	at org.springframework.mock.web.MockFilterChain.doFilter(MockFilterChain.java:132)
	at org.springframework.web.filter.CompositeFilter$VirtualFilterChain.doFilter(CompositeFilter.java:108)
	at org.springframework.web.filter.CompositeFilter$VirtualFilterChain.doFilter(CompositeFilter.java:108)
	at org.springframework.security.web.FilterChainProxy.lambda$doFilterInternal$3(FilterChainProxy.java:231)
	at org.springframework.security.web.FilterChainProxy$VirtualFilterChain.doFilter(FilterChainProxy.java:370)
	at org.springframework.security.web.access.intercept.AuthorizationFilter.doFilter(AuthorizationFilter.java:101)
	at org.springframework.security.web.FilterChainProxy$VirtualFilterChain.doFilter(FilterChainProxy.java:379)
	at org.springframework.security.web.access.ExceptionTranslationFilter.doFilter(ExceptionTranslationFilter.java:125)
	at org.springframework.security.web.access.ExceptionTranslationFilter.doFilter(ExceptionTranslationFilter.java:119)
	at org.springframework.security.web.FilterChainProxy$VirtualFilterChain.doFilter(FilterChainProxy.java:379)
	at org.springframework.security.web.session.SessionManagementFilter.doFilter(SessionManagementFilter.java:131)
	at org.springframework.security.web.session.SessionManagementFilter.doFilter(SessionManagementFilter.java:85)
	at org.springframework.security.web.FilterChainProxy$VirtualFilterChain.doFilter(FilterChainProxy.java:379)
	at org.springframework.security.web.authentication.AnonymousAuthenticationFilter.doFilter(AnonymousAuthenticationFilter.java:100)
	at org.springframework.security.web.FilterChainProxy$VirtualFilterChain.doFilter(FilterChainProxy.java:379)
	at org.springframework.security.web.servletapi.SecurityContextHolderAwareRequestFilter.doFilter(SecurityContextHolderAwareRequestFilter.java:179)
	at org.springframework.security.web.FilterChainProxy$VirtualFilterChain.doFilter(FilterChainProxy.java:379)
	at org.springframework.security.web.savedrequest.RequestCacheAwareFilter.doFilter(RequestCacheAwareFilter.java:63)
	at org.springframework.security.web.FilterChainProxy$VirtualFilterChain.doFilter(FilterChainProxy.java:379)
	at com.ecommerce.api.security.JwtAuthenticationFilter.doFilterInternal(JwtAuthenticationFilter.java:46)
	at org.springframework.web.filter.OncePerRequestFilter.doFilter(OncePerRequestFilter.java:116)
	at org.springframework.security.web.FilterChainProxy$VirtualFilterChain.doFilter(FilterChainProxy.java:379)
	at org.springframework.security.web.authentication.logout.LogoutFilter.doFilter(LogoutFilter.java:107)
	at org.springframework.security.web.authentication.logout.LogoutFilter.doFilter(LogoutFilter.java:93)
	at org.springframework.security.web.FilterChainProxy$VirtualFilterChain.doFilter(FilterChainProxy.java:379)
	at org.springframework.security.web.header.HeaderWriterFilter.doHeadersAfter(HeaderWriterFilter.java:90)
	at org.springframework.security.web.header.HeaderWriterFilter.doFilterInternal(HeaderWriterFilter.java:75)
	at org.springframework.web.filter.OncePerRequestFilter.doFilter(OncePerRequestFilter.java:116)
	at org.springframework.security.web.FilterChainProxy$VirtualFilterChain.doFilter(FilterChainProxy.java:379)
	at org.springframework.security.web.context.SecurityContextHolderFilter.doFilter(SecurityContextHolderFilter.java:82)
	at org.springframework.security.web.context.SecurityContextHolderFilter.doFilter(SecurityContextHolderFilter.java:69)
	at org.springframework.security.web.FilterChainProxy$VirtualFilterChain.doFilter(FilterChainProxy.java:379)
	at org.springframework.security.web.context.request.async.WebAsyncManagerIntegrationFilter.doFilterInternal(WebAsyncManagerIntegrationFilter.java:62)
	at org.springframework.web.filter.OncePerRequestFilter.doFilter(OncePerRequestFilter.java:116)
	at org.springframework.security.web.FilterChainProxy$VirtualFilterChain.doFilter(FilterChainProxy.java:379)
	at org.springframework.security.web.session.DisableEncodeUrlFilter.doFilterInternal(DisableEncodeUrlFilter.java:42)
	at org.springframework.web.filter.OncePerRequestFilter.doFilter(OncePerRequestFilter.java:116)
	at org.springframework.security.web.FilterChainProxy$VirtualFilterChain.doFilter(FilterChainProxy.java:379)
	at org.springframework.security.web.FilterChainProxy.doFilterInternal(FilterChainProxy.java:233)
	at org.springframework.security.web.FilterChainProxy.doFilter(FilterChainProxy.java:191)
	at org.springframework.web.filter.CompositeFilter$VirtualFilterChain.doFilter(CompositeFilter.java:113)
	at org.springframework.web.filter.ServletRequestPathFilter.doFilter(ServletRequestPathFilter.java:52)
	at org.springframework.web.filter.CompositeFilter$VirtualFilterChain.doFilter(CompositeFilter.java:113)
	at org.springframework.web.filter.CompositeFilter.doFilter(CompositeFilter.java:74)
	at org.springframework.security.config.annotation.web.configuration.WebSecurityConfiguration$CompositeFilterChainProxy.doFilter(WebSecurityConfiguration.java:319)
	at org.springframework.web.filter.CompositeFilter$VirtualFilterChain.doFilter(CompositeFilter.java:113)
	at org.springframework.web.servlet.handler.HandlerMappingIntrospector.lambda$createCacheFilter$4(HandlerMappingIntrospector.java:267)
	at org.springframework.web.filter.CompositeFilter$VirtualFilterChain.doFilter(CompositeFilter.java:113)
	at org.springframework.web.filter.CompositeFilter.doFilter(CompositeFilter.java:74)
	at org.springframework.security.config.annotation.web.configuration.WebMvcSecurityConfiguration$CompositeFilterChainProxy.doFilter(WebMvcSecurityConfiguration.java:240)
	at org.springframework.web.filter.DelegatingFilterProxy.invokeDelegate(DelegatingFilterProxy.java:362)
	at org.springframework.web.filter.DelegatingFilterProxy.doFilter(DelegatingFilterProxy.java:278)
	at org.springframework.test.web.servlet.setup.MockMvcFilterDecorator.doFilter(MockMvcFilterDecorator.java:162)
	at org.springframework.mock.web.MockFilterChain.doFilter(MockFilterChain.java:132)
	at org.springframework.web.filter.RequestContextFilter.doFilterInternal(RequestContextFilter.java:100)
	at org.springframework.web.filter.OncePerRequestFilter.doFilter(OncePerRequestFilter.java:116)
	at org.springframework.test.web.servlet.setup.MockMvcFilterDecorator.doFilter(MockMvcFilterDecorator.java:162)
	at org.springframework.mock.web.MockFilterChain.doFilter(MockFilterChain.java:132)
	at org.springframework.web.filter.FormContentFilter.doFilterInternal(FormContentFilter.java:93)
	at org.springframework.web.filter.OncePerRequestFilter.doFilter(OncePerRequestFilter.java:116)
	at org.springframework.test.web.servlet.setup.MockMvcFilterDecorator.doFilter(MockMvcFilterDecorator.java:162)
	at org.springframework.mock.web.MockFilterChain.doFilter(MockFilterChain.java:132)
	at org.springframework.web.filter.CharacterEncodingFilter.doFilterInternal(CharacterEncodingFilter.java:201)
	at org.springframework.web.filter.OncePerRequestFilter.doFilter(OncePerRequestFilter.java:116)
	at org.springframework.test.web.servlet.setup.MockMvcFilterDecorator.doFilter(MockMvcFilterDecorator.java:162)
	at org.springframework.mock.web.MockFilterChain.doFilter(MockFilterChain.java:132)
	at org.springframework.test.web.servlet.MockMvc.perform(MockMvc.java:201)
	at com.ecommerce.PagamentoControllerTest.testListarComPaginacao(PagamentoControllerTest.java:136)
	at java.base/jdk.internal.reflect.DirectMethodHandleAccessor.invoke(DirectMethodHandleAccessor.java:104)
	at java.base/java.lang.reflect.Method.invoke(Method.java:565)
	at org.junit.platform.commons.util.ReflectionUtils.invokeMethod(ReflectionUtils.java:775)
	at org.junit.platform.commons.support.ReflectionSupport.invokeMethod(ReflectionSupport.java:479)
	at org.junit.jupiter.engine.execution.MethodInvocation.proceed(MethodInvocation.java:60)
	at org.junit.jupiter.engine.execution.InvocationInterceptorChain$ValidatingInvocation.proceed(InvocationInterceptorChain.java:131)
	at org.junit.jupiter.engine.extension.TimeoutExtension.intercept(TimeoutExtension.java:161)
	at org.junit.jupiter.engine.extension.TimeoutExtension.interceptTestableMethod(TimeoutExtension.java:152)
	at org.junit.jupiter.engine.extension.TimeoutExtension.interceptTestMethod(TimeoutExtension.java:91)
	at org.junit.jupiter.engine.execution.InterceptingExecutableInvoker$ReflectiveInterceptorCall.lambda$ofVoidMethod$0(InterceptingExecutableInvoker.java:112)
	at org.junit.jupiter.engine.execution.InterceptingExecutableInvoker.lambda$invoke$0(InterceptingExecutableInvoker.java:94)
	at org.junit.jupiter.engine.execution.InvocationInterceptorChain$InterceptedInvocation.proceed(InvocationInterceptorChain.java:106)
	at org.junit.jupiter.engine.execution.InvocationInterceptorChain.proceed(InvocationInterceptorChain.java:64)
	at org.junit.jupiter.engine.execution.InvocationInterceptorChain.chainAndInvoke(InvocationInterceptorChain.java:45)
	at org.junit.jupiter.engine.execution.InvocationInterceptorChain.invoke(InvocationInterceptorChain.java:37)
	at org.junit.jupiter.engine.execution.InterceptingExecutableInvoker.invoke(InterceptingExecutableInvoker.java:93)
	at org.junit.jupiter.engine.execution.InterceptingExecutableInvoker.invoke(InterceptingExecutableInvoker.java:87)
	at org.junit.jupiter.engine.descriptor.TestMethodTestDescriptor.lambda$invokeTestMethod$7(TestMethodTestDescriptor.java:216)
	at org.junit.platform.engine.support.hierarchical.ThrowableCollector.execute(ThrowableCollector.java:73)
	at org.junit.jupiter.engine.descriptor.TestMethodTestDescriptor.invokeTestMethod(TestMethodTestDescriptor.java:212)
	at org.junit.jupiter.engine.descriptor.TestMethodTestDescriptor.execute(TestMethodTestDescriptor.java:137)
	at org.junit.jupiter.engine.descriptor.TestMethodTestDescriptor.execute(TestMethodTestDescriptor.java:69)
	at org.junit.platform.engine.support.hierarchical.NodeTestTask.lambda$executeRecursively$6(NodeTestTask.java:156)
	at org.junit.platform.engine.support.hierarchical.ThrowableCollector.execute(ThrowableCollector.java:73)
	at org.junit.platform.engine.support.hierarchical.NodeTestTask.lambda$executeRecursively$8(NodeTestTask.java:146)
	at org.junit.platform.engine.support.hierarchical.Node.around(Node.java:137)
	at org.junit.platform.engine.support.hierarchical.NodeTestTask.lambda$executeRecursively$9(NodeTestTask.java:144)
	at org.junit.platform.engine.support.hierarchical.ThrowableCollector.execute(ThrowableCollector.java:73)
	at org.junit.platform.engine.support.hierarchical.NodeTestTask.executeRecursively(NodeTestTask.java:143)
	at org.junit.platform.engine.support.hierarchical.NodeTestTask.execute(NodeTestTask.java:100)
	at java.base/java.util.ArrayList.forEach(ArrayList.java:1604)
	at org.junit.platform.engine.support.hierarchical.SameThreadHierarchicalTestExecutorService.invokeAll(SameThreadHierarchicalTestExecutorService.java:41)
	at org.junit.platform.engine.support.hierarchical.NodeTestTask.lambda$executeRecursively$6(NodeTestTask.java:160)
	at org.junit.platform.engine.support.hierarchical.ThrowableCollector.execute(ThrowableCollector.java:73)
	at org.junit.platform.engine.support.hierarchical.NodeTestTask.lambda$executeRecursively$8(NodeTestTask.java:146)
	at org.junit.platform.engine.support.hierarchical.Node.around(Node.java:137)
	at org.junit.platform.engine.support.hierarchical.NodeTestTask.lambda$executeRecursively$9(NodeTestTask.java:144)
	at org.junit.platform.engine.support.hierarchical.ThrowableCollector.execute(ThrowableCollector.java:73)
	at org.junit.platform.engine.support.hierarchical.NodeTestTask.executeRecursively(NodeTestTask.java:143)
	at org.junit.platform.engine.support.hierarchical.NodeTestTask.execute(NodeTestTask.java:100)
	at java.base/java.util.ArrayList.forEach(ArrayList.java:1604)
	at org.junit.platform.engine.support.hierarchical.SameThreadHierarchicalTestExecutorService.invokeAll(SameThreadHierarchicalTestExecutorService.java:41)
	at org.junit.platform.engine.support.hierarchical.NodeTestTask.lambda$executeRecursively$6(NodeTestTask.java:160)
	at org.junit.platform.engine.support.hierarchical.ThrowableCollector.execute(ThrowableCollector.java:73)
	at org.junit.platform.engine.support.hierarchical.NodeTestTask.lambda$executeRecursively$8(NodeTestTask.java:146)
	at org.junit.platform.engine.support.hierarchical.Node.around(Node.java:137)
	at org.junit.platform.engine.support.hierarchical.NodeTestTask.lambda$executeRecursively$9(NodeTestTask.java:144)
	at org.junit.platform.engine.support.hierarchical.ThrowableCollector.execute(ThrowableCollector.java:73)
	at org.junit.platform.engine.support.hierarchical.NodeTestTask.executeRecursively(NodeTestTask.java:143)
	at org.junit.platform.engine.support.hierarchical.NodeTestTask.execute(NodeTestTask.java:100)
	at org.junit.platform.engine.support.hierarchical.SameThreadHierarchicalTestExecutorService.submit(SameThreadHierarchicalTestExecutorService.java:35)
	at org.junit.platform.engine.support.hierarchical.HierarchicalTestExecutor.execute(HierarchicalTestExecutor.java:57)
	at org.junit.platform.engine.support.hierarchical.HierarchicalTestEngine.execute(HierarchicalTestEngine.java:54)
	at org.junit.platform.launcher.core.EngineExecutionOrchestrator.execute(EngineExecutionOrchestrator.java:201)
	at org.junit.platform.launcher.core.EngineExecutionOrchestrator.execute(EngineExecutionOrchestrator.java:170)
	at org.junit.platform.launcher.core.EngineExecutionOrchestrator.execute(EngineExecutionOrchestrator.java:94)
	at org.junit.platform.launcher.core.EngineExecutionOrchestrator.lambda$execute$0(EngineExecutionOrchestrator.java:59)
	at org.junit.platform.launcher.core.EngineExecutionOrchestrator.withInterceptedStreams(EngineExecutionOrchestrator.java:142)
	at org.junit.platform.launcher.core.EngineExecutionOrchestrator.execute(EngineExecutionOrchestrator.java:58)
	at org.junit.platform.launcher.core.DefaultLauncher.execute(DefaultLauncher.java:103)
	at org.junit.platform.launcher.core.DefaultLauncher.execute(DefaultLauncher.java:85)
	at org.junit.platform.launcher.core.DelegatingLauncher.execute(DelegatingLauncher.java:47)
	at org.junit.platform.launcher.core.InterceptingLauncher.lambda$execute$1(InterceptingLauncher.java:39)
	at org.junit.platform.launcher.core.ClasspathAlignmentCheckingLauncherInterceptor.intercept(ClasspathAlignmentCheckingLauncherInterceptor.java:25)
	at org.junit.platform.launcher.core.InterceptingLauncher.execute(InterceptingLauncher.java:38)
	at org.junit.platform.launcher.core.DelegatingLauncher.execute(DelegatingLauncher.java:47)
	at org.apache.maven.surefire.junitplatform.LazyLauncher.execute(LazyLauncher.java:56)
	at org.apache.maven.surefire.junitplatform.JUnitPlatformProvider.execute(JUnitPlatformProvider.java:184)
	at org.apache.maven.surefire.junitplatform.JUnitPlatformProvider.invokeAllTests(JUnitPlatformProvider.java:148)
	at org.apache.maven.surefire.junitplatform.JUnitPlatformProvider.invoke(JUnitPlatformProvider.java:122)
	at org.apache.maven.surefire.booter.ForkedBooter.runSuitesInProcess(ForkedBooter.java:385)
	at org.apache.maven.surefire.booter.ForkedBooter.execute(ForkedBooter.java:162)
	at org.apache.maven.surefire.booter.ForkedBooter.run(ForkedBooter.java:507)
	at org.apache.maven.surefire.booter.ForkedBooter.main(ForkedBooter.java:495)
Caused by: com.fasterxml.jackson.databind.JsonMappingException: (was java.lang.UnsupportedOperationException) (through reference chain: org.springframework.data.domain.PageImpl["pageable"]->org.springframework.data.domain.Unpaged["offset"])
	at com.fasterxml.jackson.databind.JsonMappingException.wrapWithPath(JsonMappingException.java:400)
	at com.fasterxml.jackson.databind.JsonMappingException.wrapWithPath(JsonMappingException.java:359)
	at com.fasterxml.jackson.databind.ser.std.StdSerializer.wrapAndThrow(StdSerializer.java:324)
	at com.fasterxml.jackson.databind.ser.std.BeanSerializerBase.serializeFields(BeanSerializerBase.java:765)
	at com.fasterxml.jackson.databind.ser.BeanSerializer.serialize(BeanSerializer.java:183)
	at com.fasterxml.jackson.databind.ser.BeanPropertyWriter.serializeAsField(BeanPropertyWriter.java:732)
	at com.fasterxml.jackson.databind.ser.std.BeanSerializerBase.serializeFields(BeanSerializerBase.java:760)
	at com.fasterxml.jackson.databind.ser.BeanSerializer.serialize(BeanSerializer.java:183)
	at com.fasterxml.jackson.databind.ser.DefaultSerializerProvider._serialize(DefaultSerializerProvider.java:503)
	at com.fasterxml.jackson.databind.ser.DefaultSerializerProvider.serializeValue(DefaultSerializerProvider.java:342)
	at com.fasterxml.jackson.databind.ObjectWriter$Prefetch.serialize(ObjectWriter.java:1587)
	at com.fasterxml.jackson.databind.ObjectWriter.writeValue(ObjectWriter.java:1061)
	at org.springframework.http.converter.json.AbstractJackson2HttpMessageConverter.writeInternal(AbstractJackson2HttpMessageConverter.java:485)
	... 163 common frames omitted
Caused by: java.lang.UnsupportedOperationException
	at org.springframework.data.domain.Unpaged.getOffset(Unpaged.java:75)
	at java.base/jdk.internal.reflect.DirectMethodHandleAccessor.invoke(DirectMethodHandleAccessor.java:104)
	at java.base/java.lang.reflect.Method.invoke(Method.java:565)
	at com.fasterxml.jackson.databind.ser.BeanPropertyWriter.serializeAsField(BeanPropertyWriter.java:688)
	at com.fasterxml.jackson.databind.ser.std.BeanSerializerBase.serializeFields(BeanSerializerBase.java:760)
	... 172 common frames omitted
2026-07-20 16:34:54 [main] DEBUG o.s.w.s.m.m.a.HttpEntityMethodProcessor - Found 'Content-Type:application/json' in response
2026-07-20 16:34:54 [main] DEBUG o.s.w.s.m.m.a.HttpEntityMethodProcessor - Writing [ErrorResponse(timestamp=2026-07-20T16:34:54.370520200, status=500, erro=Erro interno do servidor, me (truncated)...]
2026-07-20 16:34:54 [main] DEBUG o.s.w.s.m.m.a.ExceptionHandlerExceptionResolver - Resolved [org.springframework.http.converter.HttpMessageNotWritableException: Could not write JSON: (was java.lang.UnsupportedOperationException)]
2026-07-20 16:34:54 [main] DEBUG o.s.security.web.FilterChainProxy - Securing GET /pagamentos/1
2026-07-20 16:34:54 [main] DEBUG o.s.security.web.FilterChainProxy - Secured GET /pagamentos/1
2026-07-20 16:34:54 [main] DEBUG o.s.w.s.m.m.a.RequestMappingHandlerMapping - Mapped to com.ecommerce.api.controller.PagamentoController#obterPorId(Long)
2026-07-20 16:34:54 [main] DEBUG o.s.w.s.m.m.a.HttpEntityMethodProcessor - Using 'application/json', given [*/*] and supported [application/json, application/*+json, application/yaml]
2026-07-20 16:34:54 [main] DEBUG o.s.w.s.m.m.a.HttpEntityMethodProcessor - Writing [PagamentoDTO(id=1, pedidoId=10, valor=150.0, metodo=CARTAO, status=PENDENTE, dataCriacao=null)]
2026-07-20 16:34:54 [main] DEBUG o.s.security.web.FilterChainProxy - Securing PUT /pagamentos/1
2026-07-20 16:34:54 [main] DEBUG o.s.security.web.FilterChainProxy - Secured PUT /pagamentos/1
2026-07-20 16:34:54 [main] DEBUG o.s.w.s.m.m.a.RequestMappingHandlerMapping - Mapped to com.ecommerce.api.controller.PagamentoController#atualizar(Long, PagamentoDTO)
2026-07-20 16:34:54 [main] DEBUG o.s.w.s.m.m.a.RequestResponseBodyMethodProcessor - Read "application/json;charset=UTF-8" to [PagamentoDTO(id=1, pedidoId=10, valor=150.0, metodo=CARTAO, status=PENDENTE, dataCriacao=null)]
2026-07-20 16:34:54 [main] DEBUG o.s.w.s.m.m.a.HttpEntityMethodProcessor - Using 'application/json', given [*/*] and supported [application/json, application/*+json, application/yaml]
2026-07-20 16:34:54 [main] DEBUG o.s.w.s.m.m.a.HttpEntityMethodProcessor - Writing [PagamentoDTO(id=1, pedidoId=10, valor=150.0, metodo=CARTAO, status=PENDENTE, dataCriacao=null)]
2026-07-20 16:34:54 [main] DEBUG o.s.security.web.FilterChainProxy - Securing DELETE /pagamentos/1
2026-07-20 16:34:54 [main] DEBUG o.s.security.web.FilterChainProxy - Secured DELETE /pagamentos/1
2026-07-20 16:34:54 [main] DEBUG o.s.w.s.m.m.a.RequestMappingHandlerMapping - Mapped to com.ecommerce.api.controller.PagamentoController#deletar(Long)
2026-07-20 16:34:54 [main] DEBUG o.s.w.s.m.m.a.HttpEntityMethodProcessor - Using 'application/json', given [*/*] and supported [application/json, application/*+json, application/yaml]
2026-07-20 16:34:54 [main] DEBUG o.s.w.s.m.m.a.HttpEntityMethodProcessor - Nothing to write: null body
2026-07-20 16:34:54 [main] DEBUG o.s.security.web.FilterChainProxy - Securing GET /pagamentos/todos
2026-07-20 16:34:54 [main] DEBUG o.s.security.web.FilterChainProxy - Secured GET /pagamentos/todos
2026-07-20 16:34:54 [main] DEBUG o.s.w.s.m.m.a.RequestMappingHandlerMapping - Mapped to com.ecommerce.api.controller.PagamentoController#listarTodos()
2026-07-20 16:34:54 [main] DEBUG o.s.w.s.m.m.a.HttpEntityMethodProcessor - Using 'application/json', given [*/*] and supported [application/json, application/*+json, application/yaml]
2026-07-20 16:34:54 [main] DEBUG o.s.w.s.m.m.a.HttpEntityMethodProcessor - Writing [[PagamentoDTO(id=1, pedidoId=10, valor=150.0, metodo=CARTAO, status=PENDENTE, dataCriacao=null)]]
2026-07-20 16:34:54 [main] DEBUG o.s.security.web.FilterChainProxy - Securing PATCH /pagamentos/1/status
2026-07-20 16:34:54 [main] DEBUG o.s.security.web.FilterChainProxy - Secured PATCH /pagamentos/1/status
2026-07-20 16:34:54 [main] DEBUG o.s.w.s.m.m.a.RequestMappingHandlerMapping - Mapped to com.ecommerce.api.controller.PagamentoController#atualizarStatus(Long, StatusPagamento)
2026-07-20 16:34:54 [main] DEBUG o.s.w.s.m.m.a.HttpEntityMethodProcessor - Using 'application/json', given [*/*] and supported [application/json, application/*+json, application/yaml]
2026-07-20 16:34:54 [main] DEBUG o.s.w.s.m.m.a.HttpEntityMethodProcessor - Writing [PagamentoDTO(id=1, pedidoId=10, valor=150.0, metodo=CARTAO, status=PENDENTE, dataCriacao=null)]
2026-07-20 16:34:54 [main] INFO  o.s.t.c.s.AnnotationConfigContextLoaderUtils - Could not detect default configuration classes for test class [com.ecommerce.PedidoControllerTest]: PedidoControllerTest does not declare any static, non-private, non-final, nested classes annotated with @Configuration.
2026-07-20 16:34:54 [main] INFO  o.s.b.t.c.SpringBootTestContextBootstrapper - Found @SpringBootConfiguration com.ecommerce.Application for test class com.ecommerce.PedidoControllerTest
2026-07-20 16:34:54 [main] INFO  o.s.b.d.r.RestartApplicationListener - Restart disabled due to context in which it is running
2026-07-20 16:34:54 [main] INFO  com.ecommerce.PedidoControllerTest - Starting PedidoControllerTest using Java 25.0.2 with PID 17932 (started by PabloBezerradaSilva in C:\Users\PabloBezerradaSilva\Documents\Java\fourcamp26-pablosilva\ecommerce-api)
2026-07-20 16:34:54 [main] DEBUG com.ecommerce.PedidoControllerTest - Running with Spring Boot v3.5.16, Spring v6.2.19
2026-07-20 16:34:54 [main] INFO  com.ecommerce.PedidoControllerTest - No active profile set, falling back to 1 default profile: "default"
2026-07-20 16:34:54 [main] DEBUG o.s.w.c.s.GenericWebApplicationContext - Refreshing org.springframework.web.context.support.GenericWebApplicationContext@1ad221cb
2026-07-20 16:34:55 [main] INFO  o.s.d.r.c.RepositoryConfigurationDelegate - Bootstrapping Spring Data JPA repositories in DEFAULT mode.
2026-07-20 16:34:55 [main] INFO  o.s.d.r.c.RepositoryConfigurationDelegate - Finished Spring Data repository scanning in 32 ms. Found 6 JPA repository interfaces.
2026-07-20 16:34:55 [main] INFO  o.h.jpa.internal.util.LogHelper - HHH000204: Processing PersistenceUnitInfo [name: default]
2026-07-20 16:34:55 [main] INFO  o.h.c.i.RegionFactoryInitiator - HHH000026: Second-level cache disabled
2026-07-20 16:34:55 [main] INFO  o.s.o.j.p.SpringPersistenceUnitInfo - No LoadTimeWeaver setup: ignoring JPA class transformer
2026-07-20 16:34:55 [main] INFO  com.zaxxer.hikari.HikariDataSource - HikariPool-5 - Starting...
2026-07-20 16:34:55 [main] INFO  com.zaxxer.hikari.pool.HikariPool - HikariPool-5 - Added connection conn40: url=jdbc:h2:mem:ecommercedb user=SA
2026-07-20 16:34:55 [main] INFO  com.zaxxer.hikari.HikariDataSource - HikariPool-5 - Start completed.
2026-07-20 16:34:55 [main] WARN  org.hibernate.orm.deprecation - HHH90000025: H2Dialect does not need to be specified explicitly using 'hibernate.dialect' (remove the property setting and it will be selected by default)
2026-07-20 16:34:55 [main] INFO  o.hibernate.orm.connections.pooling - HHH10001005: Database info:
	Database JDBC URL [Connecting through datasource 'HikariDataSource (HikariPool-5)']
	Database driver: undefined/unknown
	Database version: 2.3.232
	Autocommit mode: undefined/unknown
	Isolation level: undefined/unknown
	Minimum pool size: undefined/unknown
	Maximum pool size: undefined/unknown
2026-07-20 16:34:55 [main] INFO  o.h.e.t.j.p.i.JtaPlatformInitiator - HHH000489: No JTA platform available (set 'hibernate.transaction.jta.platform' to enable JTA platform integration)
2026-07-20 16:34:55 [main] DEBUG org.hibernate.SQL - 
    drop table if exists categorias cascade 
2026-07-20 16:34:55 [main] DEBUG org.hibernate.SQL - 
    drop table if exists clientes cascade 
2026-07-20 16:34:55 [main] DEBUG org.hibernate.SQL - 
    drop table if exists itens_pedido cascade 
2026-07-20 16:34:55 [main] DEBUG org.hibernate.SQL - 
    drop table if exists pagamentos cascade 
2026-07-20 16:34:55 [main] DEBUG org.hibernate.SQL - 
    drop table if exists pedidos cascade 
2026-07-20 16:34:55 [main] DEBUG org.hibernate.SQL - 
    drop table if exists produtos cascade 
2026-07-20 16:34:55 [main] DEBUG org.hibernate.SQL - 
    drop table if exists usuarios cascade 
2026-07-20 16:34:55 [main] DEBUG org.hibernate.SQL - 
    create table categorias (
        ativo boolean not null,
        id bigint generated by default as identity,
        nome varchar(100) not null,
        descricao TEXT,
        primary key (id)
    )
2026-07-20 16:34:55 [main] DEBUG org.hibernate.SQL - 
    create table clientes (
        ativo boolean not null,
        data_atualizacao timestamp(6),
        data_criacao timestamp(6) not null,
        id bigint generated by default as identity,
        cpf varchar(11) not null unique,
        telefone varchar(20),
        email varchar(255) not null unique,
        endereco TEXT,
        nome varchar(255) not null,
        primary key (id)
    )
2026-07-20 16:34:55 [main] DEBUG org.hibernate.SQL - 
    create table itens_pedido (
        preco_unitario numeric(10,2) not null,
        quantidade integer not null,
        id bigint generated by default as identity,
        pedido_id bigint not null,
        produto_id bigint not null,
        primary key (id)
    )
2026-07-20 16:34:55 [main] DEBUG org.hibernate.SQL - 
    create table pagamentos (
        valor float(53) not null,
        data_criacao timestamp(6) not null,
        id bigint generated by default as identity,
        pedido_id bigint not null,
        metodo varchar(50) not null,
        status enum ('APROVADO','PENDENTE','RECUSADO','REEMBOLSADO') not null,
        primary key (id)
    )
2026-07-20 16:34:55 [main] DEBUG org.hibernate.SQL - 
    create table pedidos (
        total float(53) not null,
        cliente_id bigint not null,
        data_atualizacao timestamp(6),
        data_criacao timestamp(6) not null,
        id bigint generated by default as identity,
        status enum ('CANCELADO','CONFIRMADO','ENTREGUE','ENVIADO','PENDENTE') not null,
        primary key (id)
    )
2026-07-20 16:34:55 [main] DEBUG org.hibernate.SQL - 
    create table produtos (
        ativo boolean not null,
        estoque integer not null,
        preco numeric(38,2) not null,
        categoria_id bigint not null,
        id bigint generated by default as identity,
        descricao TEXT,
        nome varchar(255) not null,
        primary key (id)
    )
2026-07-20 16:34:55 [main] DEBUG org.hibernate.SQL - 
    create table usuarios (
        ativo boolean not null,
        id bigint generated by default as identity,
        email varchar(255) not null unique,
        nome varchar(255) not null,
        senha varchar(255) not null,
        papel enum ('ADMIN','USER') not null,
        primary key (id)
    )
2026-07-20 16:34:55 [main] DEBUG org.hibernate.SQL - 
    alter table if exists itens_pedido 
       add constraint FK42mycompce3b7yt3l6ukdwsxy 
       foreign key (pedido_id) 
       references pedidos
2026-07-20 16:34:55 [main] DEBUG org.hibernate.SQL - 
    alter table if exists itens_pedido 
       add constraint FKxytdlekpdaobqphujy9bmuhl 
       foreign key (produto_id) 
       references produtos
2026-07-20 16:34:55 [main] DEBUG org.hibernate.SQL - 
    alter table if exists pagamentos 
       add constraint FKb0dh6865y8h4irwdrl4ici3kl 
       foreign key (pedido_id) 
       references pedidos
2026-07-20 16:34:55 [main] DEBUG org.hibernate.SQL - 
    alter table if exists pedidos 
       add constraint FKg7202lk0hwxn04bmdl2thth5b 
       foreign key (cliente_id) 
       references clientes
2026-07-20 16:34:55 [main] DEBUG org.hibernate.SQL - 
    alter table if exists produtos 
       add constraint FK8rqw0ljwdaom34jr2t46bjtrn 
       foreign key (categoria_id) 
       references categorias
2026-07-20 16:34:55 [main] INFO  o.s.o.j.LocalContainerEntityManagerFactoryBean - Initialized JPA EntityManagerFactory for persistence unit 'default'
2026-07-20 16:34:55 [main] DEBUG o.s.w.s.m.m.a.RequestMappingHandlerMapping - 45 mappings in 'requestMappingHandlerMapping'
2026-07-20 16:34:55 [main] DEBUG o.s.w.s.h.SimpleUrlHandlerMapping - Patterns [/h2-console] in 'viewControllerHandlerMapping'
2026-07-20 16:34:55 [main] DEBUG o.s.w.s.h.SimpleUrlHandlerMapping - Patterns [/webjars/**, /**, /swagger-ui/**, /swagger-ui/*swagger-initializer.js, /webjars/*swagger-ui/**, /webjars/*swagger-ui/*swagger-initializer.js, /webjars/*swagger-ui/5.32.2/*swagger-initializer.js] in 'resourceHandlerMapping'
2026-07-20 16:34:55 [main] DEBUG o.s.s.c.a.a.c.AuthenticationConfiguration$DefaultPasswordEncoderAuthenticationManagerBuilder - No authenticationProviders and no parentAuthenticationManager defined. Returning null.
2026-07-20 16:34:55 [main] DEBUG o.s.s.web.DefaultSecurityFilterChain - Will secure any request with filters: DisableEncodeUrlFilter, WebAsyncManagerIntegrationFilter, SecurityContextHolderFilter, HeaderWriterFilter, LogoutFilter, JwtAuthenticationFilter, RequestCacheAwareFilter, SecurityContextHolderAwareRequestFilter, AnonymousAuthenticationFilter, SessionManagementFilter, ExceptionTranslationFilter, AuthorizationFilter
2026-07-20 16:34:55 [main] DEBUG o.s.w.s.m.m.a.RequestMappingHandlerAdapter - ControllerAdvice beans: 0 @ModelAttribute, 0 @InitBinder, 1 RequestBodyAdvice, 1 ResponseBodyAdvice
2026-07-20 16:34:55 [main] DEBUG o.s.w.s.m.m.a.ExceptionHandlerExceptionResolver - ControllerAdvice beans: 2 @ExceptionHandler, 1 ResponseBodyAdvice
2026-07-20 16:34:56 [main] DEBUG c.e.a.s.JwtAuthenticationFilter - Filter 'jwtAuthenticationFilter' configured for use
2026-07-20 16:34:56 [main] INFO  o.s.b.t.m.w.SpringBootMockServletContext - Initializing Spring TestDispatcherServlet ''
2026-07-20 16:34:56 [main] INFO  o.s.t.w.s.TestDispatcherServlet - Initializing Servlet ''
2026-07-20 16:34:56 [main] INFO  o.s.t.w.s.TestDispatcherServlet - Completed initialization in 1 ms
2026-07-20 16:34:56 [main] INFO  com.ecommerce.PedidoControllerTest - Started PedidoControllerTest in 1.209 seconds (process running for 36.788)
2026-07-20 16:34:56 [main] WARN  o.s.c.events.SpringDocAppInitializer - SpringDoc /v3/api-docs endpoint is enabled by default. To disable it in production, set the property 'springdoc.api-docs.enabled=false'
2026-07-20 16:34:56 [main] DEBUG o.s.security.web.FilterChainProxy - Securing GET /pedidos/999
2026-07-20 16:34:56 [main] DEBUG o.s.security.web.FilterChainProxy - Secured GET /pedidos/999
2026-07-20 16:34:56 [main] DEBUG o.s.w.s.m.m.a.RequestMappingHandlerMapping - Mapped to com.ecommerce.api.controller.PedidoController#obter(Long)
2026-07-20 16:34:56 [main] DEBUG o.s.w.s.m.m.a.ExceptionHandlerExceptionResolver - Using @ExceptionHandler com.ecommerce.api.exception.GlobalExceptionHandler#handleRecursoNaoEncontrado(RecursoNaoEncontradoException, WebRequest)
2026-07-20 16:34:56 [main] ERROR c.e.a.e.GlobalExceptionHandler - Recurso não encontrado: Pedido não encontrado
2026-07-20 16:34:56 [main] DEBUG o.s.w.s.m.m.a.HttpEntityMethodProcessor - Using 'application/json', given [*/*] and supported [application/json, application/*+json, application/yaml]
2026-07-20 16:34:56 [main] DEBUG o.s.w.s.m.m.a.HttpEntityMethodProcessor - Writing [ErrorResponse(timestamp=2026-07-20T16:34:56.029849300, status=404, erro=Recurso não encontrado, mens (truncated)...]
2026-07-20 16:34:56 [main] DEBUG o.s.w.s.m.m.a.ExceptionHandlerExceptionResolver - Resolved [com.ecommerce.api.exception.RecursoNaoEncontradoException: Pedido não encontrado]
2026-07-20 16:34:56 [main] DEBUG o.s.security.web.FilterChainProxy - Securing POST /pedidos
2026-07-20 16:34:56 [main] DEBUG o.s.security.web.FilterChainProxy - Secured POST /pedidos
2026-07-20 16:34:56 [main] DEBUG o.s.w.s.m.m.a.RequestMappingHandlerMapping - Mapped to com.ecommerce.api.controller.PedidoController#criar(PedidoDTO)
2026-07-20 16:34:56 [main] DEBUG o.s.w.s.m.m.a.RequestResponseBodyMethodProcessor - Read "application/json;charset=UTF-8" to [PedidoDTO(id=1, clienteId=10, total=150.0, status=PENDENTE, dataCriacao=null, dataAtualizacao=null)]
2026-07-20 16:34:56 [main] DEBUG o.s.w.s.m.m.a.HttpEntityMethodProcessor - Using 'application/json', given [*/*] and supported [application/json, application/*+json, application/yaml]
2026-07-20 16:34:56 [main] DEBUG o.s.w.s.m.m.a.HttpEntityMethodProcessor - Writing [PedidoDTO(id=1, clienteId=10, total=150.0, status=PENDENTE, dataCriacao=null, dataAtualizacao=null)]
2026-07-20 16:34:56 [main] DEBUG o.s.security.web.FilterChainProxy - Securing GET /pedidos/1
2026-07-20 16:34:56 [main] DEBUG o.s.security.web.FilterChainProxy - Secured GET /pedidos/1
2026-07-20 16:34:56 [main] DEBUG o.s.w.s.m.m.a.RequestMappingHandlerMapping - Mapped to com.ecommerce.api.controller.PedidoController#obter(Long)
2026-07-20 16:34:56 [main] DEBUG o.s.w.s.m.m.a.HttpEntityMethodProcessor - Using 'application/json', given [*/*] and supported [application/json, application/*+json, application/yaml]
2026-07-20 16:34:56 [main] DEBUG o.s.w.s.m.m.a.HttpEntityMethodProcessor - Writing [PedidoDTO(id=1, clienteId=10, total=150.0, status=PENDENTE, dataCriacao=null, dataAtualizacao=null)]
2026-07-20 16:34:56 [main] DEBUG o.s.security.web.FilterChainProxy - Securing GET /pedidos
2026-07-20 16:34:56 [main] DEBUG o.s.security.web.FilterChainProxy - Secured GET /pedidos
2026-07-20 16:34:56 [main] DEBUG o.s.w.s.m.m.a.RequestMappingHandlerMapping - Mapped to com.ecommerce.api.controller.PedidoController#listar(int, int, String, String)
2026-07-20 16:34:56 [main] DEBUG o.s.w.s.m.m.a.HttpEntityMethodProcessor - Using 'application/json', given [*/*] and supported [application/json, application/*+json, application/yaml]
2026-07-20 16:34:56 [main] DEBUG o.s.w.s.m.m.a.HttpEntityMethodProcessor - Writing [Page 1 of 1 containing com.ecommerce.api.dto.PedidoDTO instances]
2026-07-20 16:34:56 [main] DEBUG o.s.w.s.m.m.a.ExceptionHandlerExceptionResolver - Using @ExceptionHandler com.ecommerce.api.exception.GlobalExceptionHandler#handleGlobalException(Exception, WebRequest)
2026-07-20 16:34:56 [main] ERROR c.e.a.e.GlobalExceptionHandler - Erro interno do servidor
org.springframework.http.converter.HttpMessageNotWritableException: Could not write JSON: (was java.lang.UnsupportedOperationException)
	at org.springframework.http.converter.json.AbstractJackson2HttpMessageConverter.writeInternal(AbstractJackson2HttpMessageConverter.java:494)
	at org.springframework.http.converter.AbstractGenericHttpMessageConverter.write(AbstractGenericHttpMessageConverter.java:124)
	at org.springframework.web.servlet.mvc.method.annotation.AbstractMessageConverterMethodProcessor.writeWithMessageConverters(AbstractMessageConverterMethodProcessor.java:344)
	at org.springframework.web.servlet.mvc.method.annotation.HttpEntityMethodProcessor.handleReturnValue(HttpEntityMethodProcessor.java:263)
	at org.springframework.web.servlet.mvc.method.annotation.ResponseEntityReturnValueHandler.handleReturnValue(ResponseEntityReturnValueHandler.java:79)
	at org.springframework.web.method.support.HandlerMethodReturnValueHandlerComposite.handleReturnValue(HandlerMethodReturnValueHandlerComposite.java:78)
	at org.springframework.web.servlet.mvc.method.annotation.ServletInvocableHandlerMethod.invokeAndHandle(ServletInvocableHandlerMethod.java:136)
	at org.springframework.web.servlet.mvc.method.annotation.RequestMappingHandlerAdapter.invokeHandlerMethod(RequestMappingHandlerAdapter.java:991)
	at org.springframework.web.servlet.mvc.method.annotation.RequestMappingHandlerAdapter.handleInternal(RequestMappingHandlerAdapter.java:896)
	at org.springframework.web.servlet.mvc.method.AbstractHandlerMethodAdapter.handle(AbstractHandlerMethodAdapter.java:87)
	at org.springframework.web.servlet.DispatcherServlet.doDispatch(DispatcherServlet.java:1089)
	at org.springframework.web.servlet.DispatcherServlet.doService(DispatcherServlet.java:979)
	at org.springframework.web.servlet.FrameworkServlet.processRequest(FrameworkServlet.java:1014)
	at org.springframework.web.servlet.FrameworkServlet.doGet(FrameworkServlet.java:903)
	at jakarta.servlet.http.HttpServlet.service(HttpServlet.java:564)
	at org.springframework.web.servlet.FrameworkServlet.service(FrameworkServlet.java:885)
	at org.springframework.test.web.servlet.TestDispatcherServlet.service(TestDispatcherServlet.java:72)
	at jakarta.servlet.http.HttpServlet.service(HttpServlet.java:658)
	at org.springframework.mock.web.MockFilterChain$ServletFilterProxy.doFilter(MockFilterChain.java:165)
	at org.springframework.mock.web.MockFilterChain.doFilter(MockFilterChain.java:132)
	at org.springframework.web.filter.OncePerRequestFilter.doFilter(OncePerRequestFilter.java:110)
	at org.springframework.test.web.servlet.setup.MockMvcFilterDecorator.doFilter(MockMvcFilterDecorator.java:162)
	at org.springframework.mock.web.MockFilterChain.doFilter(MockFilterChain.java:132)
	at org.springframework.web.filter.CompositeFilter$VirtualFilterChain.doFilter(CompositeFilter.java:108)
	at org.springframework.web.filter.CompositeFilter$VirtualFilterChain.doFilter(CompositeFilter.java:108)
	at org.springframework.security.web.FilterChainProxy.lambda$doFilterInternal$3(FilterChainProxy.java:231)
	at org.springframework.security.web.FilterChainProxy$VirtualFilterChain.doFilter(FilterChainProxy.java:370)
	at org.springframework.security.web.access.intercept.AuthorizationFilter.doFilter(AuthorizationFilter.java:101)
	at org.springframework.security.web.FilterChainProxy$VirtualFilterChain.doFilter(FilterChainProxy.java:379)
	at org.springframework.security.web.access.ExceptionTranslationFilter.doFilter(ExceptionTranslationFilter.java:125)
	at org.springframework.security.web.access.ExceptionTranslationFilter.doFilter(ExceptionTranslationFilter.java:119)
	at org.springframework.security.web.FilterChainProxy$VirtualFilterChain.doFilter(FilterChainProxy.java:379)
	at org.springframework.security.web.session.SessionManagementFilter.doFilter(SessionManagementFilter.java:131)
	at org.springframework.security.web.session.SessionManagementFilter.doFilter(SessionManagementFilter.java:85)
	at org.springframework.security.web.FilterChainProxy$VirtualFilterChain.doFilter(FilterChainProxy.java:379)
	at org.springframework.security.web.authentication.AnonymousAuthenticationFilter.doFilter(AnonymousAuthenticationFilter.java:100)
	at org.springframework.security.web.FilterChainProxy$VirtualFilterChain.doFilter(FilterChainProxy.java:379)
	at org.springframework.security.web.servletapi.SecurityContextHolderAwareRequestFilter.doFilter(SecurityContextHolderAwareRequestFilter.java:179)
	at org.springframework.security.web.FilterChainProxy$VirtualFilterChain.doFilter(FilterChainProxy.java:379)
	at org.springframework.security.web.savedrequest.RequestCacheAwareFilter.doFilter(RequestCacheAwareFilter.java:63)
	at org.springframework.security.web.FilterChainProxy$VirtualFilterChain.doFilter(FilterChainProxy.java:379)
	at com.ecommerce.api.security.JwtAuthenticationFilter.doFilterInternal(JwtAuthenticationFilter.java:46)
	at org.springframework.web.filter.OncePerRequestFilter.doFilter(OncePerRequestFilter.java:116)
	at org.springframework.security.web.FilterChainProxy$VirtualFilterChain.doFilter(FilterChainProxy.java:379)
	at org.springframework.security.web.authentication.logout.LogoutFilter.doFilter(LogoutFilter.java:107)
	at org.springframework.security.web.authentication.logout.LogoutFilter.doFilter(LogoutFilter.java:93)
	at org.springframework.security.web.FilterChainProxy$VirtualFilterChain.doFilter(FilterChainProxy.java:379)
	at org.springframework.security.web.header.HeaderWriterFilter.doHeadersAfter(HeaderWriterFilter.java:90)
	at org.springframework.security.web.header.HeaderWriterFilter.doFilterInternal(HeaderWriterFilter.java:75)
	at org.springframework.web.filter.OncePerRequestFilter.doFilter(OncePerRequestFilter.java:116)
	at org.springframework.security.web.FilterChainProxy$VirtualFilterChain.doFilter(FilterChainProxy.java:379)
	at org.springframework.security.web.context.SecurityContextHolderFilter.doFilter(SecurityContextHolderFilter.java:82)
	at org.springframework.security.web.context.SecurityContextHolderFilter.doFilter(SecurityContextHolderFilter.java:69)
	at org.springframework.security.web.FilterChainProxy$VirtualFilterChain.doFilter(FilterChainProxy.java:379)
	at org.springframework.security.web.context.request.async.WebAsyncManagerIntegrationFilter.doFilterInternal(WebAsyncManagerIntegrationFilter.java:62)
	at org.springframework.web.filter.OncePerRequestFilter.doFilter(OncePerRequestFilter.java:116)
	at org.springframework.security.web.FilterChainProxy$VirtualFilterChain.doFilter(FilterChainProxy.java:379)
	at org.springframework.security.web.session.DisableEncodeUrlFilter.doFilterInternal(DisableEncodeUrlFilter.java:42)
	at org.springframework.web.filter.OncePerRequestFilter.doFilter(OncePerRequestFilter.java:116)
	at org.springframework.security.web.FilterChainProxy$VirtualFilterChain.doFilter(FilterChainProxy.java:379)
	at org.springframework.security.web.FilterChainProxy.doFilterInternal(FilterChainProxy.java:233)
	at org.springframework.security.web.FilterChainProxy.doFilter(FilterChainProxy.java:191)
	at org.springframework.web.filter.CompositeFilter$VirtualFilterChain.doFilter(CompositeFilter.java:113)
	at org.springframework.web.filter.ServletRequestPathFilter.doFilter(ServletRequestPathFilter.java:52)
	at org.springframework.web.filter.CompositeFilter$VirtualFilterChain.doFilter(CompositeFilter.java:113)
	at org.springframework.web.filter.CompositeFilter.doFilter(CompositeFilter.java:74)
	at org.springframework.security.config.annotation.web.configuration.WebSecurityConfiguration$CompositeFilterChainProxy.doFilter(WebSecurityConfiguration.java:319)
	at org.springframework.web.filter.CompositeFilter$VirtualFilterChain.doFilter(CompositeFilter.java:113)
	at org.springframework.web.servlet.handler.HandlerMappingIntrospector.lambda$createCacheFilter$4(HandlerMappingIntrospector.java:267)
	at org.springframework.web.filter.CompositeFilter$VirtualFilterChain.doFilter(CompositeFilter.java:113)
	at org.springframework.web.filter.CompositeFilter.doFilter(CompositeFilter.java:74)
	at org.springframework.security.config.annotation.web.configuration.WebMvcSecurityConfiguration$CompositeFilterChainProxy.doFilter(WebMvcSecurityConfiguration.java:240)
	at org.springframework.web.filter.DelegatingFilterProxy.invokeDelegate(DelegatingFilterProxy.java:362)
	at org.springframework.web.filter.DelegatingFilterProxy.doFilter(DelegatingFilterProxy.java:278)
	at org.springframework.test.web.servlet.setup.MockMvcFilterDecorator.doFilter(MockMvcFilterDecorator.java:162)
	at org.springframework.mock.web.MockFilterChain.doFilter(MockFilterChain.java:132)
	at org.springframework.web.filter.RequestContextFilter.doFilterInternal(RequestContextFilter.java:100)
	at org.springframework.web.filter.OncePerRequestFilter.doFilter(OncePerRequestFilter.java:116)
	at org.springframework.test.web.servlet.setup.MockMvcFilterDecorator.doFilter(MockMvcFilterDecorator.java:162)
	at org.springframework.mock.web.MockFilterChain.doFilter(MockFilterChain.java:132)
	at org.springframework.web.filter.FormContentFilter.doFilterInternal(FormContentFilter.java:93)
	at org.springframework.web.filter.OncePerRequestFilter.doFilter(OncePerRequestFilter.java:116)
	at org.springframework.test.web.servlet.setup.MockMvcFilterDecorator.doFilter(MockMvcFilterDecorator.java:162)
	at org.springframework.mock.web.MockFilterChain.doFilter(MockFilterChain.java:132)
	at org.springframework.web.filter.CharacterEncodingFilter.doFilterInternal(CharacterEncodingFilter.java:201)
	at org.springframework.web.filter.OncePerRequestFilter.doFilter(OncePerRequestFilter.java:116)
	at org.springframework.test.web.servlet.setup.MockMvcFilterDecorator.doFilter(MockMvcFilterDecorator.java:162)
	at org.springframework.mock.web.MockFilterChain.doFilter(MockFilterChain.java:132)
	at org.springframework.test.web.servlet.MockMvc.perform(MockMvc.java:201)
	at com.ecommerce.PedidoControllerTest.testListarComPaginacao(PedidoControllerTest.java:122)
	at java.base/jdk.internal.reflect.DirectMethodHandleAccessor.invoke(DirectMethodHandleAccessor.java:104)
	at java.base/java.lang.reflect.Method.invoke(Method.java:565)
	at org.junit.platform.commons.util.ReflectionUtils.invokeMethod(ReflectionUtils.java:775)
	at org.junit.platform.commons.support.ReflectionSupport.invokeMethod(ReflectionSupport.java:479)
	at org.junit.jupiter.engine.execution.MethodInvocation.proceed(MethodInvocation.java:60)
	at org.junit.jupiter.engine.execution.InvocationInterceptorChain$ValidatingInvocation.proceed(InvocationInterceptorChain.java:131)
	at org.junit.jupiter.engine.extension.TimeoutExtension.intercept(TimeoutExtension.java:161)
	at org.junit.jupiter.engine.extension.TimeoutExtension.interceptTestableMethod(TimeoutExtension.java:152)
	at org.junit.jupiter.engine.extension.TimeoutExtension.interceptTestMethod(TimeoutExtension.java:91)
	at org.junit.jupiter.engine.execution.InterceptingExecutableInvoker$ReflectiveInterceptorCall.lambda$ofVoidMethod$0(InterceptingExecutableInvoker.java:112)
	at org.junit.jupiter.engine.execution.InterceptingExecutableInvoker.lambda$invoke$0(InterceptingExecutableInvoker.java:94)
	at org.junit.jupiter.engine.execution.InvocationInterceptorChain$InterceptedInvocation.proceed(InvocationInterceptorChain.java:106)
	at org.junit.jupiter.engine.execution.InvocationInterceptorChain.proceed(InvocationInterceptorChain.java:64)
	at org.junit.jupiter.engine.execution.InvocationInterceptorChain.chainAndInvoke(InvocationInterceptorChain.java:45)
	at org.junit.jupiter.engine.execution.InvocationInterceptorChain.invoke(InvocationInterceptorChain.java:37)
	at org.junit.jupiter.engine.execution.InterceptingExecutableInvoker.invoke(InterceptingExecutableInvoker.java:93)
	at org.junit.jupiter.engine.execution.InterceptingExecutableInvoker.invoke(InterceptingExecutableInvoker.java:87)
	at org.junit.jupiter.engine.descriptor.TestMethodTestDescriptor.lambda$invokeTestMethod$7(TestMethodTestDescriptor.java:216)
	at org.junit.platform.engine.support.hierarchical.ThrowableCollector.execute(ThrowableCollector.java:73)
	at org.junit.jupiter.engine.descriptor.TestMethodTestDescriptor.invokeTestMethod(TestMethodTestDescriptor.java:212)
	at org.junit.jupiter.engine.descriptor.TestMethodTestDescriptor.execute(TestMethodTestDescriptor.java:137)
	at org.junit.jupiter.engine.descriptor.TestMethodTestDescriptor.execute(TestMethodTestDescriptor.java:69)
	at org.junit.platform.engine.support.hierarchical.NodeTestTask.lambda$executeRecursively$6(NodeTestTask.java:156)
	at org.junit.platform.engine.support.hierarchical.ThrowableCollector.execute(ThrowableCollector.java:73)
	at org.junit.platform.engine.support.hierarchical.NodeTestTask.lambda$executeRecursively$8(NodeTestTask.java:146)
	at org.junit.platform.engine.support.hierarchical.Node.around(Node.java:137)
	at org.junit.platform.engine.support.hierarchical.NodeTestTask.lambda$executeRecursively$9(NodeTestTask.java:144)
	at org.junit.platform.engine.support.hierarchical.ThrowableCollector.execute(ThrowableCollector.java:73)
	at org.junit.platform.engine.support.hierarchical.NodeTestTask.executeRecursively(NodeTestTask.java:143)
	at org.junit.platform.engine.support.hierarchical.NodeTestTask.execute(NodeTestTask.java:100)
	at java.base/java.util.ArrayList.forEach(ArrayList.java:1604)
	at org.junit.platform.engine.support.hierarchical.SameThreadHierarchicalTestExecutorService.invokeAll(SameThreadHierarchicalTestExecutorService.java:41)
	at org.junit.platform.engine.support.hierarchical.NodeTestTask.lambda$executeRecursively$6(NodeTestTask.java:160)
	at org.junit.platform.engine.support.hierarchical.ThrowableCollector.execute(ThrowableCollector.java:73)
	at org.junit.platform.engine.support.hierarchical.NodeTestTask.lambda$executeRecursively$8(NodeTestTask.java:146)
	at org.junit.platform.engine.support.hierarchical.Node.around(Node.java:137)
	at org.junit.platform.engine.support.hierarchical.NodeTestTask.lambda$executeRecursively$9(NodeTestTask.java:144)
	at org.junit.platform.engine.support.hierarchical.ThrowableCollector.execute(ThrowableCollector.java:73)
	at org.junit.platform.engine.support.hierarchical.NodeTestTask.executeRecursively(NodeTestTask.java:143)
	at org.junit.platform.engine.support.hierarchical.NodeTestTask.execute(NodeTestTask.java:100)
	at java.base/java.util.ArrayList.forEach(ArrayList.java:1604)
	at org.junit.platform.engine.support.hierarchical.SameThreadHierarchicalTestExecutorService.invokeAll(SameThreadHierarchicalTestExecutorService.java:41)
	at org.junit.platform.engine.support.hierarchical.NodeTestTask.lambda$executeRecursively$6(NodeTestTask.java:160)
	at org.junit.platform.engine.support.hierarchical.ThrowableCollector.execute(ThrowableCollector.java:73)
	at org.junit.platform.engine.support.hierarchical.NodeTestTask.lambda$executeRecursively$8(NodeTestTask.java:146)
	at org.junit.platform.engine.support.hierarchical.Node.around(Node.java:137)
	at org.junit.platform.engine.support.hierarchical.NodeTestTask.lambda$executeRecursively$9(NodeTestTask.java:144)
	at org.junit.platform.engine.support.hierarchical.ThrowableCollector.execute(ThrowableCollector.java:73)
	at org.junit.platform.engine.support.hierarchical.NodeTestTask.executeRecursively(NodeTestTask.java:143)
	at org.junit.platform.engine.support.hierarchical.NodeTestTask.execute(NodeTestTask.java:100)
	at org.junit.platform.engine.support.hierarchical.SameThreadHierarchicalTestExecutorService.submit(SameThreadHierarchicalTestExecutorService.java:35)
	at org.junit.platform.engine.support.hierarchical.HierarchicalTestExecutor.execute(HierarchicalTestExecutor.java:57)
	at org.junit.platform.engine.support.hierarchical.HierarchicalTestEngine.execute(HierarchicalTestEngine.java:54)
	at org.junit.platform.launcher.core.EngineExecutionOrchestrator.execute(EngineExecutionOrchestrator.java:201)
	at org.junit.platform.launcher.core.EngineExecutionOrchestrator.execute(EngineExecutionOrchestrator.java:170)
	at org.junit.platform.launcher.core.EngineExecutionOrchestrator.execute(EngineExecutionOrchestrator.java:94)
	at org.junit.platform.launcher.core.EngineExecutionOrchestrator.lambda$execute$0(EngineExecutionOrchestrator.java:59)
	at org.junit.platform.launcher.core.EngineExecutionOrchestrator.withInterceptedStreams(EngineExecutionOrchestrator.java:142)
	at org.junit.platform.launcher.core.EngineExecutionOrchestrator.execute(EngineExecutionOrchestrator.java:58)
	at org.junit.platform.launcher.core.DefaultLauncher.execute(DefaultLauncher.java:103)
	at org.junit.platform.launcher.core.DefaultLauncher.execute(DefaultLauncher.java:85)
	at org.junit.platform.launcher.core.DelegatingLauncher.execute(DelegatingLauncher.java:47)
	at org.junit.platform.launcher.core.InterceptingLauncher.lambda$execute$1(InterceptingLauncher.java:39)
	at org.junit.platform.launcher.core.ClasspathAlignmentCheckingLauncherInterceptor.intercept(ClasspathAlignmentCheckingLauncherInterceptor.java:25)
	at org.junit.platform.launcher.core.InterceptingLauncher.execute(InterceptingLauncher.java:38)
	at org.junit.platform.launcher.core.DelegatingLauncher.execute(DelegatingLauncher.java:47)
	at org.apache.maven.surefire.junitplatform.LazyLauncher.execute(LazyLauncher.java:56)
	at org.apache.maven.surefire.junitplatform.JUnitPlatformProvider.execute(JUnitPlatformProvider.java:184)
	at org.apache.maven.surefire.junitplatform.JUnitPlatformProvider.invokeAllTests(JUnitPlatformProvider.java:148)
	at org.apache.maven.surefire.junitplatform.JUnitPlatformProvider.invoke(JUnitPlatformProvider.java:122)
	at org.apache.maven.surefire.booter.ForkedBooter.runSuitesInProcess(ForkedBooter.java:385)
	at org.apache.maven.surefire.booter.ForkedBooter.execute(ForkedBooter.java:162)
	at org.apache.maven.surefire.booter.ForkedBooter.run(ForkedBooter.java:507)
	at org.apache.maven.surefire.booter.ForkedBooter.main(ForkedBooter.java:495)
Caused by: com.fasterxml.jackson.databind.JsonMappingException: (was java.lang.UnsupportedOperationException) (through reference chain: org.springframework.data.domain.PageImpl["pageable"]->org.springframework.data.domain.Unpaged["offset"])
	at com.fasterxml.jackson.databind.JsonMappingException.wrapWithPath(JsonMappingException.java:400)
	at com.fasterxml.jackson.databind.JsonMappingException.wrapWithPath(JsonMappingException.java:359)
	at com.fasterxml.jackson.databind.ser.std.StdSerializer.wrapAndThrow(StdSerializer.java:324)
	at com.fasterxml.jackson.databind.ser.std.BeanSerializerBase.serializeFields(BeanSerializerBase.java:765)
	at com.fasterxml.jackson.databind.ser.BeanSerializer.serialize(BeanSerializer.java:183)
	at com.fasterxml.jackson.databind.ser.BeanPropertyWriter.serializeAsField(BeanPropertyWriter.java:732)
	at com.fasterxml.jackson.databind.ser.std.BeanSerializerBase.serializeFields(BeanSerializerBase.java:760)
	at com.fasterxml.jackson.databind.ser.BeanSerializer.serialize(BeanSerializer.java:183)
	at com.fasterxml.jackson.databind.ser.DefaultSerializerProvider._serialize(DefaultSerializerProvider.java:503)
	at com.fasterxml.jackson.databind.ser.DefaultSerializerProvider.serializeValue(DefaultSerializerProvider.java:342)
	at com.fasterxml.jackson.databind.ObjectWriter$Prefetch.serialize(ObjectWriter.java:1587)
	at com.fasterxml.jackson.databind.ObjectWriter.writeValue(ObjectWriter.java:1061)
	at org.springframework.http.converter.json.AbstractJackson2HttpMessageConverter.writeInternal(AbstractJackson2HttpMessageConverter.java:485)
	... 163 common frames omitted
Caused by: java.lang.UnsupportedOperationException
	at org.springframework.data.domain.Unpaged.getOffset(Unpaged.java:75)
	at java.base/jdk.internal.reflect.DirectMethodHandleAccessor.invoke(DirectMethodHandleAccessor.java:104)
	at java.base/java.lang.reflect.Method.invoke(Method.java:565)
	at com.fasterxml.jackson.databind.ser.BeanPropertyWriter.serializeAsField(BeanPropertyWriter.java:688)
	at com.fasterxml.jackson.databind.ser.std.BeanSerializerBase.serializeFields(BeanSerializerBase.java:760)
	... 172 common frames omitted
2026-07-20 16:34:56 [main] DEBUG o.s.w.s.m.m.a.HttpEntityMethodProcessor - Found 'Content-Type:application/json' in response
2026-07-20 16:34:56 [main] DEBUG o.s.w.s.m.m.a.HttpEntityMethodProcessor - Writing [ErrorResponse(timestamp=2026-07-20T16:34:56.128587100, status=500, erro=Erro interno do servidor, me (truncated)...]
2026-07-20 16:34:56 [main] DEBUG o.s.w.s.m.m.a.ExceptionHandlerExceptionResolver - Resolved [org.springframework.http.converter.HttpMessageNotWritableException: Could not write JSON: (was java.lang.UnsupportedOperationException)]
2026-07-20 16:34:56 [main] DEBUG o.s.security.web.FilterChainProxy - Securing POST /pedidos
2026-07-20 16:34:56 [main] DEBUG o.s.security.web.FilterChainProxy - Secured POST /pedidos
2026-07-20 16:34:56 [main] DEBUG o.s.w.s.m.m.a.RequestMappingHandlerMapping - Mapped to com.ecommerce.api.controller.PedidoController#criar(PedidoDTO)
2026-07-20 16:34:56 [main] DEBUG o.s.w.s.m.m.a.RequestResponseBodyMethodProcessor - Read "application/json;charset=UTF-8" to [PedidoDTO(id=null, clienteId=null, total=50.0, status=null, dataCriacao=null, dataAtualizacao=null)]
2026-07-20 16:34:56 [main] DEBUG o.s.w.s.m.m.a.ExceptionHandlerExceptionResolver - Using @ExceptionHandler com.ecommerce.api.exception.GlobalExceptionHandler#handleValidationExceptions(MethodArgumentNotValidException, WebRequest)
2026-07-20 16:34:56 [main] ERROR c.e.a.e.GlobalExceptionHandler - Erro de validação: {clienteId=Cliente é obrigatório}
2026-07-20 16:34:56 [main] DEBUG o.s.w.s.m.m.a.HttpEntityMethodProcessor - Using 'application/json', given [*/*] and supported [application/json, application/*+json, application/yaml]
2026-07-20 16:34:56 [main] DEBUG o.s.w.s.m.m.a.HttpEntityMethodProcessor - Writing [ErrorResponse(timestamp=2026-07-20T16:34:56.150527800, status=400, erro=Erro de validação, mensagem= (truncated)...]
2026-07-20 16:34:56 [main] DEBUG o.s.w.s.m.m.a.ExceptionHandlerExceptionResolver - Resolved [org.springframework.web.bind.MethodArgumentNotValidException: Validation failed for argument [0] in public org.springframework.http.ResponseEntity<com.ecommerce.api.dto.PedidoDTO> com.ecommerce.api.controller.PedidoController.criar(com.ecommerce.api.dto.PedidoDTO): [Field error in object 'pedidoDTO' on field 'clienteId': rejected value [null]; codes [NotNull.pedidoDTO.clienteId,NotNull.clienteId,NotNull.java.lang.Long,NotNull]; arguments [org.springframework.context.support.DefaultMessageSourceResolvable: codes [pedidoDTO.clienteId,clienteId]; arguments []; default message [clienteId]]; default message [Cliente é obrigatório]] ]
2026-07-20 16:34:56 [main] DEBUG o.s.security.web.FilterChainProxy - Securing PUT /pedidos/1
2026-07-20 16:34:56 [main] DEBUG o.s.security.web.FilterChainProxy - Secured PUT /pedidos/1
2026-07-20 16:34:56 [main] DEBUG o.s.w.s.m.m.a.RequestMappingHandlerMapping - Mapped to com.ecommerce.api.controller.PedidoController#atualizar(Long, PedidoDTO)
2026-07-20 16:34:56 [main] DEBUG o.s.w.s.m.m.a.RequestResponseBodyMethodProcessor - Read "application/json;charset=UTF-8" to [PedidoDTO(id=1, clienteId=10, total=150.0, status=PENDENTE, dataCriacao=null, dataAtualizacao=null)]
2026-07-20 16:34:56 [main] DEBUG o.s.w.s.m.m.a.HttpEntityMethodProcessor - Using 'application/json', given [*/*] and supported [application/json, application/*+json, application/yaml]
2026-07-20 16:34:56 [main] DEBUG o.s.w.s.m.m.a.HttpEntityMethodProcessor - Writing [PedidoDTO(id=1, clienteId=10, total=150.0, status=PENDENTE, dataCriacao=null, dataAtualizacao=null)]
2026-07-20 16:34:56 [main] DEBUG o.s.security.web.FilterChainProxy - Securing DELETE /pedidos/1
2026-07-20 16:34:56 [main] DEBUG o.s.security.web.FilterChainProxy - Secured DELETE /pedidos/1
2026-07-20 16:34:56 [main] DEBUG o.s.w.s.m.m.a.RequestMappingHandlerMapping - Mapped to com.ecommerce.api.controller.PedidoController#deletar(Long)
2026-07-20 16:34:56 [main] DEBUG o.s.w.s.m.m.a.HttpEntityMethodProcessor - Using 'application/json', given [*/*] and supported [application/json, application/*+json, application/yaml]
2026-07-20 16:34:56 [main] DEBUG o.s.w.s.m.m.a.HttpEntityMethodProcessor - Nothing to write: null body
2026-07-20 16:34:56 [main] DEBUG o.s.security.web.FilterChainProxy - Securing GET /pedidos/todos
2026-07-20 16:34:56 [main] DEBUG o.s.security.web.FilterChainProxy - Secured GET /pedidos/todos
2026-07-20 16:34:56 [main] DEBUG o.s.w.s.m.m.a.RequestMappingHandlerMapping - Mapped to com.ecommerce.api.controller.PedidoController#listarTodos()
2026-07-20 16:34:56 [main] DEBUG o.s.w.s.m.m.a.HttpEntityMethodProcessor - Using 'application/json', given [*/*] and supported [application/json, application/*+json, application/yaml]
2026-07-20 16:34:56 [main] DEBUG o.s.w.s.m.m.a.HttpEntityMethodProcessor - Writing [[PedidoDTO(id=1, clienteId=10, total=150.0, status=PENDENTE, dataCriacao=null, dataAtualizacao=null) (truncated)...]
2026-07-20 16:34:56 [main] INFO  o.s.t.c.s.AnnotationConfigContextLoaderUtils - Could not detect default configuration classes for test class [com.ecommerce.ProdutoControllerTest]: ProdutoControllerTest does not declare any static, non-private, non-final, nested classes annotated with @Configuration.
2026-07-20 16:34:56 [main] INFO  o.s.b.t.c.SpringBootTestContextBootstrapper - Found @SpringBootConfiguration com.ecommerce.Application for test class com.ecommerce.ProdutoControllerTest
2026-07-20 16:34:56 [main] INFO  o.s.b.d.r.RestartApplicationListener - Restart disabled due to context in which it is running
2026-07-20 16:34:56 [main] INFO  com.ecommerce.ProdutoControllerTest - Starting ProdutoControllerTest using Java 25.0.2 with PID 17932 (started by PabloBezerradaSilva in C:\Users\PabloBezerradaSilva\Documents\Java\fourcamp26-pablosilva\ecommerce-api)
2026-07-20 16:34:56 [main] DEBUG com.ecommerce.ProdutoControllerTest - Running with Spring Boot v3.5.16, Spring v6.2.19
2026-07-20 16:34:56 [main] INFO  com.ecommerce.ProdutoControllerTest - No active profile set, falling back to 1 default profile: "default"
2026-07-20 16:34:56 [main] DEBUG o.s.w.c.s.GenericWebApplicationContext - Refreshing org.springframework.web.context.support.GenericWebApplicationContext@3b2be386
2026-07-20 16:34:56 [main] INFO  o.s.d.r.c.RepositoryConfigurationDelegate - Bootstrapping Spring Data JPA repositories in DEFAULT mode.
2026-07-20 16:34:56 [main] INFO  o.s.d.r.c.RepositoryConfigurationDelegate - Finished Spring Data repository scanning in 46 ms. Found 6 JPA repository interfaces.
2026-07-20 16:34:57 [main] INFO  o.h.jpa.internal.util.LogHelper - HHH000204: Processing PersistenceUnitInfo [name: default]
2026-07-20 16:34:57 [main] INFO  o.h.c.i.RegionFactoryInitiator - HHH000026: Second-level cache disabled
2026-07-20 16:34:57 [main] INFO  o.s.o.j.p.SpringPersistenceUnitInfo - No LoadTimeWeaver setup: ignoring JPA class transformer
2026-07-20 16:34:57 [main] INFO  com.zaxxer.hikari.HikariDataSource - HikariPool-6 - Starting...
2026-07-20 16:34:57 [main] INFO  com.zaxxer.hikari.pool.HikariPool - HikariPool-6 - Added connection conn50: url=jdbc:h2:mem:ecommercedb user=SA
2026-07-20 16:34:57 [main] INFO  com.zaxxer.hikari.HikariDataSource - HikariPool-6 - Start completed.
2026-07-20 16:34:57 [main] WARN  org.hibernate.orm.deprecation - HHH90000025: H2Dialect does not need to be specified explicitly using 'hibernate.dialect' (remove the property setting and it will be selected by default)
2026-07-20 16:34:57 [main] INFO  o.hibernate.orm.connections.pooling - HHH10001005: Database info:
	Database JDBC URL [Connecting through datasource 'HikariDataSource (HikariPool-6)']
	Database driver: undefined/unknown
	Database version: 2.3.232
	Autocommit mode: undefined/unknown
	Isolation level: undefined/unknown
	Minimum pool size: undefined/unknown
	Maximum pool size: undefined/unknown
2026-07-20 16:34:57 [main] INFO  o.h.e.t.j.p.i.JtaPlatformInitiator - HHH000489: No JTA platform available (set 'hibernate.transaction.jta.platform' to enable JTA platform integration)
2026-07-20 16:34:57 [main] DEBUG org.hibernate.SQL - 
    drop table if exists categorias cascade 
2026-07-20 16:34:57 [main] DEBUG org.hibernate.SQL - 
    drop table if exists clientes cascade 
2026-07-20 16:34:57 [main] DEBUG org.hibernate.SQL - 
    drop table if exists itens_pedido cascade 
2026-07-20 16:34:57 [main] DEBUG org.hibernate.SQL - 
    drop table if exists pagamentos cascade 
2026-07-20 16:34:57 [main] DEBUG org.hibernate.SQL - 
    drop table if exists pedidos cascade 
2026-07-20 16:34:57 [main] DEBUG org.hibernate.SQL - 
    drop table if exists produtos cascade 
2026-07-20 16:34:57 [main] DEBUG org.hibernate.SQL - 
    drop table if exists usuarios cascade 
2026-07-20 16:34:57 [main] DEBUG org.hibernate.SQL - 
    create table categorias (
        ativo boolean not null,
        id bigint generated by default as identity,
        nome varchar(100) not null,
        descricao TEXT,
        primary key (id)
    )
2026-07-20 16:34:57 [main] DEBUG org.hibernate.SQL - 
    create table clientes (
        ativo boolean not null,
        data_atualizacao timestamp(6),
        data_criacao timestamp(6) not null,
        id bigint generated by default as identity,
        cpf varchar(11) not null unique,
        telefone varchar(20),
        email varchar(255) not null unique,
        endereco TEXT,
        nome varchar(255) not null,
        primary key (id)
    )
2026-07-20 16:34:57 [main] DEBUG org.hibernate.SQL - 
    create table itens_pedido (
        preco_unitario numeric(10,2) not null,
        quantidade integer not null,
        id bigint generated by default as identity,
        pedido_id bigint not null,
        produto_id bigint not null,
        primary key (id)
    )
2026-07-20 16:34:57 [main] DEBUG org.hibernate.SQL - 
    create table pagamentos (
        valor float(53) not null,
        data_criacao timestamp(6) not null,
        id bigint generated by default as identity,
        pedido_id bigint not null,
        metodo varchar(50) not null,
        status enum ('APROVADO','PENDENTE','RECUSADO','REEMBOLSADO') not null,
        primary key (id)
    )
2026-07-20 16:34:57 [main] DEBUG org.hibernate.SQL - 
    create table pedidos (
        total float(53) not null,
        cliente_id bigint not null,
        data_atualizacao timestamp(6),
        data_criacao timestamp(6) not null,
        id bigint generated by default as identity,
        status enum ('CANCELADO','CONFIRMADO','ENTREGUE','ENVIADO','PENDENTE') not null,
        primary key (id)
    )
2026-07-20 16:34:57 [main] DEBUG org.hibernate.SQL - 
    create table produtos (
        ativo boolean not null,
        estoque integer not null,
        preco numeric(38,2) not null,
        categoria_id bigint not null,
        id bigint generated by default as identity,
        descricao TEXT,
        nome varchar(255) not null,
        primary key (id)
    )
2026-07-20 16:34:57 [main] DEBUG org.hibernate.SQL - 
    create table usuarios (
        ativo boolean not null,
        id bigint generated by default as identity,
        email varchar(255) not null unique,
        nome varchar(255) not null,
        senha varchar(255) not null,
        papel enum ('ADMIN','USER') not null,
        primary key (id)
    )
2026-07-20 16:34:57 [main] DEBUG org.hibernate.SQL - 
    alter table if exists itens_pedido 
       add constraint FK42mycompce3b7yt3l6ukdwsxy 
       foreign key (pedido_id) 
       references pedidos
2026-07-20 16:34:57 [main] DEBUG org.hibernate.SQL - 
    alter table if exists itens_pedido 
       add constraint FKxytdlekpdaobqphujy9bmuhl 
       foreign key (produto_id) 
       references produtos
2026-07-20 16:34:57 [main] DEBUG org.hibernate.SQL - 
    alter table if exists pagamentos 
       add constraint FKb0dh6865y8h4irwdrl4ici3kl 
       foreign key (pedido_id) 
       references pedidos
2026-07-20 16:34:57 [main] DEBUG org.hibernate.SQL - 
    alter table if exists pedidos 
       add constraint FKg7202lk0hwxn04bmdl2thth5b 
       foreign key (cliente_id) 
       references clientes
2026-07-20 16:34:57 [main] DEBUG org.hibernate.SQL - 
    alter table if exists produtos 
       add constraint FK8rqw0ljwdaom34jr2t46bjtrn 
       foreign key (categoria_id) 
       references categorias
2026-07-20 16:34:57 [main] INFO  o.s.o.j.LocalContainerEntityManagerFactoryBean - Initialized JPA EntityManagerFactory for persistence unit 'default'
2026-07-20 16:34:57 [main] DEBUG o.s.w.s.m.m.a.RequestMappingHandlerMapping - 45 mappings in 'requestMappingHandlerMapping'
2026-07-20 16:34:57 [main] DEBUG o.s.w.s.h.SimpleUrlHandlerMapping - Patterns [/h2-console] in 'viewControllerHandlerMapping'
2026-07-20 16:34:57 [main] DEBUG o.s.w.s.h.SimpleUrlHandlerMapping - Patterns [/webjars/**, /**, /swagger-ui/**, /swagger-ui/*swagger-initializer.js, /webjars/*swagger-ui/**, /webjars/*swagger-ui/*swagger-initializer.js, /webjars/*swagger-ui/5.32.2/*swagger-initializer.js] in 'resourceHandlerMapping'
2026-07-20 16:34:57 [main] DEBUG o.s.s.c.a.a.c.AuthenticationConfiguration$DefaultPasswordEncoderAuthenticationManagerBuilder - No authenticationProviders and no parentAuthenticationManager defined. Returning null.
2026-07-20 16:34:57 [main] DEBUG o.s.s.web.DefaultSecurityFilterChain - Will secure any request with filters: DisableEncodeUrlFilter, WebAsyncManagerIntegrationFilter, SecurityContextHolderFilter, HeaderWriterFilter, LogoutFilter, JwtAuthenticationFilter, RequestCacheAwareFilter, SecurityContextHolderAwareRequestFilter, AnonymousAuthenticationFilter, SessionManagementFilter, ExceptionTranslationFilter, AuthorizationFilter
2026-07-20 16:34:57 [main] DEBUG o.s.w.s.m.m.a.RequestMappingHandlerAdapter - ControllerAdvice beans: 0 @ModelAttribute, 0 @InitBinder, 1 RequestBodyAdvice, 1 ResponseBodyAdvice
2026-07-20 16:34:57 [main] DEBUG o.s.w.s.m.m.a.ExceptionHandlerExceptionResolver - ControllerAdvice beans: 2 @ExceptionHandler, 1 ResponseBodyAdvice
2026-07-20 16:34:57 [main] DEBUG c.e.a.s.JwtAuthenticationFilter - Filter 'jwtAuthenticationFilter' configured for use
2026-07-20 16:34:57 [main] INFO  o.s.b.t.m.w.SpringBootMockServletContext - Initializing Spring TestDispatcherServlet ''
2026-07-20 16:34:57 [main] INFO  o.s.t.w.s.TestDispatcherServlet - Initializing Servlet ''
2026-07-20 16:34:57 [main] INFO  o.s.t.w.s.TestDispatcherServlet - Completed initialization in 1 ms
2026-07-20 16:34:57 [main] INFO  com.ecommerce.ProdutoControllerTest - Started ProdutoControllerTest in 1.309 seconds (process running for 38.373)
2026-07-20 16:34:57 [main] WARN  o.s.c.events.SpringDocAppInitializer - SpringDoc /v3/api-docs endpoint is enabled by default. To disable it in production, set the property 'springdoc.api-docs.enabled=false'
2026-07-20 16:34:57 [main] DEBUG o.s.security.web.FilterChainProxy - Securing GET /produtos
2026-07-20 16:34:57 [main] DEBUG o.s.s.w.a.AnonymousAuthenticationFilter - Set SecurityContextHolder to anonymous SecurityContext
2026-07-20 16:34:57 [main] DEBUG o.s.security.web.FilterChainProxy - Securing GET /produtos/999
2026-07-20 16:34:57 [main] DEBUG o.s.security.web.FilterChainProxy - Secured GET /produtos/999
2026-07-20 16:34:57 [main] DEBUG o.s.w.s.m.m.a.RequestMappingHandlerMapping - Mapped to com.ecommerce.api.controller.ProdutoController#obterPorId(Long)
2026-07-20 16:34:57 [main] INFO  c.e.api.controller.ProdutoController - GET /api/produtos/999
2026-07-20 16:34:57 [main] DEBUG o.s.w.s.m.m.a.ExceptionHandlerExceptionResolver - Using @ExceptionHandler com.ecommerce.api.exception.GlobalExceptionHandler#handleRecursoNaoEncontrado(RecursoNaoEncontradoException, WebRequest)
2026-07-20 16:34:57 [main] ERROR c.e.a.e.GlobalExceptionHandler - Recurso não encontrado: Produto nao encontrado com ID: 999
2026-07-20 16:34:57 [main] DEBUG o.s.w.s.m.m.a.HttpEntityMethodProcessor - Using 'application/json', given [*/*] and supported [application/json, application/*+json, application/yaml]
2026-07-20 16:34:57 [main] DEBUG o.s.w.s.m.m.a.HttpEntityMethodProcessor - Writing [ErrorResponse(timestamp=2026-07-20T16:34:57.633575700, status=404, erro=Recurso não encontrado, mens (truncated)...]
2026-07-20 16:34:57 [main] DEBUG o.s.w.s.m.m.a.ExceptionHandlerExceptionResolver - Resolved [com.ecommerce.api.exception.RecursoNaoEncontradoException: Produto nao encontrado com ID: 999]
2026-07-20 16:34:57 [main] DEBUG o.s.security.web.FilterChainProxy - Securing POST /produtos
2026-07-20 16:34:57 [main] DEBUG o.s.security.web.FilterChainProxy - Secured POST /produtos
2026-07-20 16:34:57 [main] DEBUG o.s.w.s.m.m.a.RequestMappingHandlerMapping - Mapped to com.ecommerce.api.controller.ProdutoController#criar(ProdutoDTO)
2026-07-20 16:34:57 [main] DEBUG o.s.w.s.m.m.a.RequestResponseBodyMethodProcessor - Read "application/json;charset=UTF-8" to [ProdutoDTO(id=1, nome=Notebook Dell, descricao=Notebook 15 polegadas, preco=3500.00, estoque=10, cat (truncated)...]
2026-07-20 16:34:57 [main] INFO  c.e.api.controller.ProdutoController - POST /api/produtos - Criando produto: Notebook Dell
2026-07-20 16:34:57 [main] DEBUG o.s.w.s.m.m.a.HttpEntityMethodProcessor - Using 'application/json', given [*/*] and supported [application/json, application/*+json, application/yaml]
2026-07-20 16:34:57 [main] DEBUG o.s.w.s.m.m.a.HttpEntityMethodProcessor - Writing [ProdutoDTO(id=1, nome=Notebook Dell, descricao=Notebook 15 polegadas, preco=3500.00, estoque=10, cat (truncated)...]
2026-07-20 16:34:57 [main] DEBUG o.s.security.web.FilterChainProxy - Securing PATCH /produtos/1/estoque/aumentar
2026-07-20 16:34:57 [main] DEBUG o.s.security.web.FilterChainProxy - Secured PATCH /produtos/1/estoque/aumentar
2026-07-20 16:34:57 [main] DEBUG o.s.w.s.m.m.a.RequestMappingHandlerMapping - Mapped to com.ecommerce.api.controller.ProdutoController#aumentarEstoque(Long, Integer)
2026-07-20 16:34:57 [main] INFO  c.e.api.controller.ProdutoController - PATCH /api/produtos/1/estoque/aumentar?quantidade=5
2026-07-20 16:34:57 [main] DEBUG o.s.w.s.m.m.a.HttpEntityMethodProcessor - Using 'application/json', given [*/*] and supported [application/json, application/*+json, application/yaml]
2026-07-20 16:34:57 [main] DEBUG o.s.w.s.m.m.a.HttpEntityMethodProcessor - Writing [15]
2026-07-20 16:34:57 [main] DEBUG o.s.security.web.FilterChainProxy - Securing PATCH /produtos/1/estoque/diminuir
2026-07-20 16:34:57 [main] DEBUG o.s.security.web.FilterChainProxy - Secured PATCH /produtos/1/estoque/diminuir
2026-07-20 16:34:57 [main] DEBUG o.s.w.s.m.m.a.RequestMappingHandlerMapping - Mapped to com.ecommerce.api.controller.ProdutoController#diminuirEstoque(Long, Integer)
2026-07-20 16:34:57 [main] INFO  c.e.api.controller.ProdutoController - PATCH /api/produtos/1/estoque/diminuir?quantidade=5
2026-07-20 16:34:57 [main] DEBUG o.s.w.s.m.m.a.HttpEntityMethodProcessor - Using 'application/json', given [*/*] and supported [application/json, application/*+json, application/yaml]
2026-07-20 16:34:57 [main] DEBUG o.s.w.s.m.m.a.HttpEntityMethodProcessor - Writing [5]
2026-07-20 16:34:57 [main] DEBUG o.s.security.web.FilterChainProxy - Securing GET /produtos/1
2026-07-20 16:34:57 [main] DEBUG o.s.security.web.FilterChainProxy - Secured GET /produtos/1
2026-07-20 16:34:57 [main] DEBUG o.s.w.s.m.m.a.RequestMappingHandlerMapping - Mapped to com.ecommerce.api.controller.ProdutoController#obterPorId(Long)
2026-07-20 16:34:57 [main] INFO  c.e.api.controller.ProdutoController - GET /api/produtos/1
2026-07-20 16:34:57 [main] DEBUG o.s.w.s.m.m.a.HttpEntityMethodProcessor - Using 'application/json', given [*/*] and supported [application/json, application/*+json, application/yaml]
2026-07-20 16:34:57 [main] DEBUG o.s.w.s.m.m.a.HttpEntityMethodProcessor - Writing [ProdutoDTO(id=1, nome=Notebook Dell, descricao=Notebook 15 polegadas, preco=3500.00, estoque=10, cat (truncated)...]
2026-07-20 16:34:57 [main] DEBUG o.s.security.web.FilterChainProxy - Securing PUT /produtos/1
2026-07-20 16:34:57 [main] DEBUG o.s.security.web.FilterChainProxy - Secured PUT /produtos/1
2026-07-20 16:34:57 [main] DEBUG o.s.w.s.m.m.a.RequestMappingHandlerMapping - Mapped to com.ecommerce.api.controller.ProdutoController#atualizar(Long, ProdutoDTO)
2026-07-20 16:34:57 [main] DEBUG o.s.w.s.m.m.a.RequestResponseBodyMethodProcessor - Read "application/json;charset=UTF-8" to [ProdutoDTO(id=1, nome=Notebook Dell, descricao=Notebook 15 polegadas, preco=3500.00, estoque=10, cat (truncated)...]
2026-07-20 16:34:57 [main] INFO  c.e.api.controller.ProdutoController - PUT /api/produtos/1 - Atualizando produto
2026-07-20 16:34:57 [main] DEBUG o.s.w.s.m.m.a.HttpEntityMethodProcessor - Using 'application/json', given [*/*] and supported [application/json, application/*+json, application/yaml]
2026-07-20 16:34:57 [main] DEBUG o.s.w.s.m.m.a.HttpEntityMethodProcessor - Writing [ProdutoDTO(id=1, nome=Notebook Dell, descricao=Notebook 15 polegadas, preco=3500.00, estoque=10, cat (truncated)...]
2026-07-20 16:34:57 [main] DEBUG o.s.security.web.FilterChainProxy - Securing DELETE /produtos/1
2026-07-20 16:34:57 [main] DEBUG o.s.security.web.FilterChainProxy - Secured DELETE /produtos/1
2026-07-20 16:34:57 [main] DEBUG o.s.w.s.m.m.a.RequestMappingHandlerMapping - Mapped to com.ecommerce.api.controller.ProdutoController#deletar(Long)
2026-07-20 16:34:57 [main] INFO  c.e.api.controller.ProdutoController - DELETE /api/produtos/1
2026-07-20 16:34:57 [main] DEBUG o.s.w.s.m.m.a.HttpEntityMethodProcessor - Using 'application/json', given [*/*] and supported [application/json, application/*+json, application/yaml]
2026-07-20 16:34:57 [main] DEBUG o.s.w.s.m.m.a.HttpEntityMethodProcessor - Nothing to write: null body
2026-07-20 16:34:57 [main] DEBUG o.s.security.web.FilterChainProxy - Securing GET /produtos/todos
2026-07-20 16:34:57 [main] DEBUG o.s.security.web.FilterChainProxy - Secured GET /produtos/todos
2026-07-20 16:34:57 [main] DEBUG o.s.w.s.m.m.a.RequestMappingHandlerMapping - Mapped to com.ecommerce.api.controller.ProdutoController#listarTodos()
2026-07-20 16:34:57 [main] INFO  c.e.api.controller.ProdutoController - GET /api/produtos/todos
2026-07-20 16:34:57 [main] DEBUG o.s.w.s.m.m.a.HttpEntityMethodProcessor - Using 'application/json', given [*/*] and supported [application/json, application/*+json, application/yaml]
2026-07-20 16:34:57 [main] DEBUG o.s.w.s.m.m.a.HttpEntityMethodProcessor - Writing [[ProdutoDTO(id=1, nome=Notebook Dell, descricao=Notebook 15 polegadas, preco=3500.00, estoque=10, ca (truncated)...]
2026-07-20 16:34:57 [main] INFO  o.s.t.c.s.AnnotationConfigContextLoaderUtils - Could not detect default configuration classes for test class [com.ecommerce.ProdutoServiceTest]: ProdutoServiceTest does not declare any static, non-private, non-final, nested classes annotated with @Configuration.
2026-07-20 16:34:57 [main] INFO  o.s.b.t.c.SpringBootTestContextBootstrapper - Found @SpringBootConfiguration com.ecommerce.Application for test class com.ecommerce.ProdutoServiceTest
2026-07-20 16:34:57 [main] INFO  o.s.b.d.r.RestartApplicationListener - Restart disabled due to context in which it is running
2026-07-20 16:34:57 [main] INFO  com.ecommerce.ProdutoServiceTest - Starting ProdutoServiceTest using Java 25.0.2 with PID 17932 (started by PabloBezerradaSilva in C:\Users\PabloBezerradaSilva\Documents\Java\fourcamp26-pablosilva\ecommerce-api)
2026-07-20 16:34:57 [main] DEBUG com.ecommerce.ProdutoServiceTest - Running with Spring Boot v3.5.16, Spring v6.2.19
2026-07-20 16:34:57 [main] INFO  com.ecommerce.ProdutoServiceTest - No active profile set, falling back to 1 default profile: "default"
2026-07-20 16:34:57 [main] DEBUG o.s.w.c.s.GenericWebApplicationContext - Refreshing org.springframework.web.context.support.GenericWebApplicationContext@2aebe0e1
2026-07-20 16:34:58 [main] INFO  o.s.d.r.c.RepositoryConfigurationDelegate - Bootstrapping Spring Data JPA repositories in DEFAULT mode.
2026-07-20 16:34:58 [main] INFO  o.s.d.r.c.RepositoryConfigurationDelegate - Finished Spring Data repository scanning in 47 ms. Found 6 JPA repository interfaces.
2026-07-20 16:34:58 [main] INFO  o.h.jpa.internal.util.LogHelper - HHH000204: Processing PersistenceUnitInfo [name: default]
2026-07-20 16:34:58 [main] INFO  o.h.c.i.RegionFactoryInitiator - HHH000026: Second-level cache disabled
2026-07-20 16:34:58 [main] INFO  o.s.o.j.p.SpringPersistenceUnitInfo - No LoadTimeWeaver setup: ignoring JPA class transformer
2026-07-20 16:34:58 [main] INFO  com.zaxxer.hikari.HikariDataSource - HikariPool-7 - Starting...
2026-07-20 16:34:58 [main] INFO  com.zaxxer.hikari.pool.HikariPool - HikariPool-7 - Added connection conn60: url=jdbc:h2:mem:ecommercedb user=SA
2026-07-20 16:34:58 [main] INFO  com.zaxxer.hikari.HikariDataSource - HikariPool-7 - Start completed.
2026-07-20 16:34:58 [main] WARN  org.hibernate.orm.deprecation - HHH90000025: H2Dialect does not need to be specified explicitly using 'hibernate.dialect' (remove the property setting and it will be selected by default)
2026-07-20 16:34:58 [main] INFO  o.hibernate.orm.connections.pooling - HHH10001005: Database info:
	Database JDBC URL [Connecting through datasource 'HikariDataSource (HikariPool-7)']
	Database driver: undefined/unknown
	Database version: 2.3.232
	Autocommit mode: undefined/unknown
	Isolation level: undefined/unknown
	Minimum pool size: undefined/unknown
	Maximum pool size: undefined/unknown
2026-07-20 16:34:58 [main] INFO  o.h.e.t.j.p.i.JtaPlatformInitiator - HHH000489: No JTA platform available (set 'hibernate.transaction.jta.platform' to enable JTA platform integration)
2026-07-20 16:34:58 [main] DEBUG org.hibernate.SQL - 
    drop table if exists categorias cascade 
2026-07-20 16:34:58 [main] DEBUG org.hibernate.SQL - 
    drop table if exists clientes cascade 
2026-07-20 16:34:58 [main] DEBUG org.hibernate.SQL - 
    drop table if exists itens_pedido cascade 
2026-07-20 16:34:58 [main] DEBUG org.hibernate.SQL - 
    drop table if exists pagamentos cascade 
2026-07-20 16:34:58 [main] DEBUG org.hibernate.SQL - 
    drop table if exists pedidos cascade 
2026-07-20 16:34:58 [main] DEBUG org.hibernate.SQL - 
    drop table if exists produtos cascade 
2026-07-20 16:34:58 [main] DEBUG org.hibernate.SQL - 
    drop table if exists usuarios cascade 
2026-07-20 16:34:58 [main] DEBUG org.hibernate.SQL - 
    create table categorias (
        ativo boolean not null,
        id bigint generated by default as identity,
        nome varchar(100) not null,
        descricao TEXT,
        primary key (id)
    )
2026-07-20 16:34:58 [main] DEBUG org.hibernate.SQL - 
    create table clientes (
        ativo boolean not null,
        data_atualizacao timestamp(6),
        data_criacao timestamp(6) not null,
        id bigint generated by default as identity,
        cpf varchar(11) not null unique,
        telefone varchar(20),
        email varchar(255) not null unique,
        endereco TEXT,
        nome varchar(255) not null,
        primary key (id)
    )
2026-07-20 16:34:58 [main] DEBUG org.hibernate.SQL - 
    create table itens_pedido (
        preco_unitario numeric(10,2) not null,
        quantidade integer not null,
        id bigint generated by default as identity,
        pedido_id bigint not null,
        produto_id bigint not null,
        primary key (id)
    )
2026-07-20 16:34:58 [main] DEBUG org.hibernate.SQL - 
    create table pagamentos (
        valor float(53) not null,
        data_criacao timestamp(6) not null,
        id bigint generated by default as identity,
        pedido_id bigint not null,
        metodo varchar(50) not null,
        status enum ('APROVADO','PENDENTE','RECUSADO','REEMBOLSADO') not null,
        primary key (id)
    )
2026-07-20 16:34:58 [main] DEBUG org.hibernate.SQL - 
    create table pedidos (
        total float(53) not null,
        cliente_id bigint not null,
        data_atualizacao timestamp(6),
        data_criacao timestamp(6) not null,
        id bigint generated by default as identity,
        status enum ('CANCELADO','CONFIRMADO','ENTREGUE','ENVIADO','PENDENTE') not null,
        primary key (id)
    )
2026-07-20 16:34:58 [main] DEBUG org.hibernate.SQL - 
    create table produtos (
        ativo boolean not null,
        estoque integer not null,
        preco numeric(38,2) not null,
        categoria_id bigint not null,
        id bigint generated by default as identity,
        descricao TEXT,
        nome varchar(255) not null,
        primary key (id)
    )
2026-07-20 16:34:58 [main] DEBUG org.hibernate.SQL - 
    create table usuarios (
        ativo boolean not null,
        id bigint generated by default as identity,
        email varchar(255) not null unique,
        nome varchar(255) not null,
        senha varchar(255) not null,
        papel enum ('ADMIN','USER') not null,
        primary key (id)
    )
2026-07-20 16:34:58 [main] DEBUG org.hibernate.SQL - 
    alter table if exists itens_pedido 
       add constraint FK42mycompce3b7yt3l6ukdwsxy 
       foreign key (pedido_id) 
       references pedidos
2026-07-20 16:34:58 [main] DEBUG org.hibernate.SQL - 
    alter table if exists itens_pedido 
       add constraint FKxytdlekpdaobqphujy9bmuhl 
       foreign key (produto_id) 
       references produtos
2026-07-20 16:34:58 [main] DEBUG org.hibernate.SQL - 
    alter table if exists pagamentos 
       add constraint FKb0dh6865y8h4irwdrl4ici3kl 
       foreign key (pedido_id) 
       references pedidos
2026-07-20 16:34:58 [main] DEBUG org.hibernate.SQL - 
    alter table if exists pedidos 
       add constraint FKg7202lk0hwxn04bmdl2thth5b 
       foreign key (cliente_id) 
       references clientes
2026-07-20 16:34:58 [main] DEBUG org.hibernate.SQL - 
    alter table if exists produtos 
       add constraint FK8rqw0ljwdaom34jr2t46bjtrn 
       foreign key (categoria_id) 
       references categorias
2026-07-20 16:34:58 [main] INFO  o.s.o.j.LocalContainerEntityManagerFactoryBean - Initialized JPA EntityManagerFactory for persistence unit 'default'
2026-07-20 16:34:58 [main] DEBUG o.s.w.s.m.m.a.RequestMappingHandlerMapping - 45 mappings in 'requestMappingHandlerMapping'
2026-07-20 16:34:58 [main] DEBUG o.s.w.s.h.SimpleUrlHandlerMapping - Patterns [/h2-console] in 'viewControllerHandlerMapping'
2026-07-20 16:34:58 [main] DEBUG o.s.w.s.h.SimpleUrlHandlerMapping - Patterns [/webjars/**, /**, /swagger-ui/**, /swagger-ui/*swagger-initializer.js, /webjars/*swagger-ui/**, /webjars/*swagger-ui/*swagger-initializer.js, /webjars/*swagger-ui/5.32.2/*swagger-initializer.js] in 'resourceHandlerMapping'
2026-07-20 16:34:58 [main] DEBUG o.s.s.c.a.a.c.AuthenticationConfiguration$DefaultPasswordEncoderAuthenticationManagerBuilder - No authenticationProviders and no parentAuthenticationManager defined. Returning null.
2026-07-20 16:34:58 [main] DEBUG o.s.s.web.DefaultSecurityFilterChain - Will secure any request with filters: DisableEncodeUrlFilter, WebAsyncManagerIntegrationFilter, SecurityContextHolderFilter, HeaderWriterFilter, LogoutFilter, JwtAuthenticationFilter, RequestCacheAwareFilter, SecurityContextHolderAwareRequestFilter, AnonymousAuthenticationFilter, SessionManagementFilter, ExceptionTranslationFilter, AuthorizationFilter
2026-07-20 16:34:58 [main] DEBUG o.s.w.s.m.m.a.RequestMappingHandlerAdapter - ControllerAdvice beans: 0 @ModelAttribute, 0 @InitBinder, 1 RequestBodyAdvice, 1 ResponseBodyAdvice
2026-07-20 16:34:58 [main] DEBUG o.s.w.s.m.m.a.ExceptionHandlerExceptionResolver - ControllerAdvice beans: 2 @ExceptionHandler, 1 ResponseBodyAdvice
2026-07-20 16:34:58 [main] INFO  com.ecommerce.ProdutoServiceTest - Started ProdutoServiceTest in 1.149 seconds (process running for 39.728)
2026-07-20 16:34:58 [main] WARN  o.s.c.events.SpringDocAppInitializer - SpringDoc /v3/api-docs endpoint is enabled by default. To disable it in production, set the property 'springdoc.api-docs.enabled=false'
2026-07-20 16:34:59 [main] DEBUG org.hibernate.SQL - 
    /* insert for
        com.ecommerce.api.model.Categoria */insert 
    into
        categorias (ativo, descricao, nome, id) 
    values
        (?, ?, ?, default)
2026-07-20 16:34:59 [main] DEBUG org.hibernate.SQL - 
    /* insert for
        com.ecommerce.api.model.Produto */insert 
    into
        produtos (ativo, categoria_id, descricao, estoque, nome, preco, id) 
    values
        (?, ?, ?, ?, ?, ?, default)
2026-07-20 16:34:59 [main] INFO  c.e.api.service.ProdutoService - Aumentando estoque do produto 1 em 5 unidades
2026-07-20 16:34:59 [main] DEBUG org.hibernate.SQL - 
    select
        p1_0.id,
        p1_0.ativo,
        p1_0.categoria_id,
        c1_0.id,
        c1_0.ativo,
        c1_0.descricao,
        c1_0.nome,
        p1_0.descricao,
        p1_0.estoque,
        p1_0.nome,
        p1_0.preco 
    from
        produtos p1_0 
    join
        categorias c1_0 
            on c1_0.id=p1_0.categoria_id 
    where
        p1_0.id=?
2026-07-20 16:34:59 [main] DEBUG c.e.api.service.ProdutoService - Estoque aumentado com sucesso. Novo estoque: 15
2026-07-20 16:34:59 [main] DEBUG org.hibernate.SQL - 
    /* update
        for com.ecommerce.api.model.Produto */update produtos 
    set
        ativo=?,
        categoria_id=?,
        descricao=?,
        estoque=?,
        nome=?,
        preco=? 
    where
        id=?
2026-07-20 16:34:59 [main] DEBUG org.hibernate.SQL - 
    /* insert for
        com.ecommerce.api.model.Categoria */insert 
    into
        categorias (ativo, descricao, nome, id) 
    values
        (?, ?, ?, default)
2026-07-20 16:34:59 [main] DEBUG org.hibernate.SQL - 
    /* insert for
        com.ecommerce.api.model.Produto */insert 
    into
        produtos (ativo, categoria_id, descricao, estoque, nome, preco, id) 
    values
        (?, ?, ?, ?, ?, ?, default)
2026-07-20 16:34:59 [main] INFO  c.e.api.service.ProdutoService - Diminuindo estoque do produto 2 em 3 unidades
2026-07-20 16:34:59 [main] DEBUG org.hibernate.SQL - 
    select
        p1_0.id,
        p1_0.ativo,
        p1_0.categoria_id,
        c1_0.id,
        c1_0.ativo,
        c1_0.descricao,
        c1_0.nome,
        p1_0.descricao,
        p1_0.estoque,
        p1_0.nome,
        p1_0.preco 
    from
        produtos p1_0 
    join
        categorias c1_0 
            on c1_0.id=p1_0.categoria_id 
    where
        p1_0.id=?
2026-07-20 16:34:59 [main] DEBUG c.e.api.service.ProdutoService - Estoque diminuído com sucesso. Novo estoque: 7
2026-07-20 16:34:59 [main] DEBUG org.hibernate.SQL - 
    /* update
        for com.ecommerce.api.model.Produto */update produtos 
    set
        ativo=?,
        categoria_id=?,
        descricao=?,
        estoque=?,
        nome=?,
        preco=? 
    where
        id=?
2026-07-20 16:34:59 [main] DEBUG org.hibernate.SQL - 
    /* insert for
        com.ecommerce.api.model.Categoria */insert 
    into
        categorias (ativo, descricao, nome, id) 
    values
        (?, ?, ?, default)
2026-07-20 16:34:59 [main] DEBUG org.hibernate.SQL - 
    /* insert for
        com.ecommerce.api.model.Produto */insert 
    into
        produtos (ativo, categoria_id, descricao, estoque, nome, preco, id) 
    values
        (?, ?, ?, ?, ?, ?, default)
2026-07-20 16:34:59 [main] INFO  c.e.api.service.ProdutoService - Diminuindo estoque do produto 3 em 15 unidades
2026-07-20 16:34:59 [main] DEBUG org.hibernate.SQL - 
    select
        p1_0.id,
        p1_0.ativo,
        p1_0.categoria_id,
        c1_0.id,
        c1_0.ativo,
        c1_0.descricao,
        c1_0.nome,
        p1_0.descricao,
        p1_0.estoque,
        p1_0.nome,
        p1_0.preco 
    from
        produtos p1_0 
    join
        categorias c1_0 
            on c1_0.id=p1_0.categoria_id 
    where
        p1_0.id=?
2026-07-20 16:34:59 [main] WARN  c.e.api.service.ProdutoService - Estoque insuficiente para produto 3: disponível 10, solicitado 15
2026-07-20 16:34:59 [main] WARN  c.e.api.service.UsuarioService - Tentativa de login com email não encontrado: naoexiste@teste.com
2026-07-20 16:34:59 [main] WARN  c.e.api.service.UsuarioService - Tentativa de registro com email já existente: usuario@teste.com
2026-07-20 16:34:59 [main] INFO  c.e.api.service.UsuarioService - Login realizado com sucesso: usuario@teste.com
2026-07-20 16:34:59 [main] WARN  c.e.api.service.UsuarioService - Tentativa de login com senha incorreta: usuario@teste.com
2026-07-20 16:34:59 [main] INFO  c.e.api.service.UsuarioService - Novo usuário registrado: usuario@teste.com
2026-07-20 16:34:59 [main] INFO  c.e.api.service.UsuarioService - Usuário atualizado: usuario@teste.com
2026-07-20 16:34:59 [main] INFO  c.e.api.service.UsuarioService - Usuário deletado com ID: 1
2026-07-20 16:34:59 [SpringApplicationShutdownHook] DEBUG o.s.w.c.s.GenericWebApplicationContext - Closing org.springframework.web.context.support.GenericWebApplicationContext@2037f12b, started on Mon Jul 20 16:34:26 GMT-03:00 2026
2026-07-20 16:35:00 [SpringApplicationShutdownHook] INFO  o.s.o.j.LocalContainerEntityManagerFactoryBean - Closing JPA EntityManagerFactory for persistence unit 'default'
2026-07-20 16:35:00 [SpringApplicationShutdownHook] DEBUG org.hibernate.SQL - 
    drop table if exists categorias cascade 
2026-07-20 16:35:00 [SpringApplicationShutdownHook] DEBUG org.hibernate.SQL - 
    drop table if exists clientes cascade 
2026-07-20 16:35:00 [SpringApplicationShutdownHook] DEBUG org.hibernate.SQL - 
    drop table if exists itens_pedido cascade 
2026-07-20 16:35:00 [SpringApplicationShutdownHook] DEBUG org.hibernate.SQL - 
    drop table if exists pagamentos cascade 
2026-07-20 16:35:00 [SpringApplicationShutdownHook] DEBUG org.hibernate.SQL - 
    drop table if exists pedidos cascade 
2026-07-20 16:35:00 [SpringApplicationShutdownHook] DEBUG org.hibernate.SQL - 
    drop table if exists produtos cascade 
2026-07-20 16:35:00 [SpringApplicationShutdownHook] DEBUG org.hibernate.SQL - 
    drop table if exists usuarios cascade 
2026-07-20 16:35:00 [SpringApplicationShutdownHook] INFO  com.zaxxer.hikari.HikariDataSource - HikariPool-1 - Shutdown initiated...
2026-07-20 16:35:00 [SpringApplicationShutdownHook] INFO  com.zaxxer.hikari.HikariDataSource - HikariPool-1 - Shutdown completed.
2026-07-20 16:35:00 [SpringApplicationShutdownHook] DEBUG o.s.w.c.s.GenericWebApplicationContext - Closing org.springframework.web.context.support.GenericWebApplicationContext@552ae42e, started on Mon Jul 20 16:34:45 GMT-03:00 2026
2026-07-20 16:35:00 [SpringApplicationShutdownHook] INFO  o.s.o.j.LocalContainerEntityManagerFactoryBean - Closing JPA EntityManagerFactory for persistence unit 'default'
2026-07-20 16:35:00 [SpringApplicationShutdownHook] DEBUG org.hibernate.SQL - 
    drop table if exists categorias cascade 
2026-07-20 16:35:00 [SpringApplicationShutdownHook] DEBUG org.hibernate.SQL - 
    drop table if exists clientes cascade 
2026-07-20 16:35:00 [SpringApplicationShutdownHook] DEBUG org.hibernate.SQL - 
    drop table if exists itens_pedido cascade 
2026-07-20 16:35:00 [SpringApplicationShutdownHook] DEBUG org.hibernate.SQL - 
    drop table if exists pagamentos cascade 
2026-07-20 16:35:00 [SpringApplicationShutdownHook] DEBUG org.hibernate.SQL - 
    drop table if exists pedidos cascade 
2026-07-20 16:35:00 [SpringApplicationShutdownHook] DEBUG org.hibernate.SQL - 
    drop table if exists produtos cascade 
2026-07-20 16:35:00 [SpringApplicationShutdownHook] DEBUG org.hibernate.SQL - 
    drop table if exists usuarios cascade 
2026-07-20 16:35:00 [SpringApplicationShutdownHook] INFO  com.zaxxer.hikari.HikariDataSource - HikariPool-2 - Shutdown initiated...
2026-07-20 16:35:00 [SpringApplicationShutdownHook] INFO  com.zaxxer.hikari.HikariDataSource - HikariPool-2 - Shutdown completed.
2026-07-20 16:35:00 [SpringApplicationShutdownHook] DEBUG o.s.w.c.s.GenericWebApplicationContext - Closing org.springframework.web.context.support.GenericWebApplicationContext@16ea0bb2, started on Mon Jul 20 16:34:48 GMT-03:00 2026
2026-07-20 16:35:00 [SpringApplicationShutdownHook] INFO  o.s.o.j.LocalContainerEntityManagerFactoryBean - Closing JPA EntityManagerFactory for persistence unit 'default'
2026-07-20 16:35:00 [SpringApplicationShutdownHook] DEBUG org.hibernate.SQL - 
    drop table if exists categorias cascade 
2026-07-20 16:35:00 [SpringApplicationShutdownHook] DEBUG org.hibernate.SQL - 
    drop table if exists clientes cascade 
2026-07-20 16:35:00 [SpringApplicationShutdownHook] DEBUG org.hibernate.SQL - 
    drop table if exists itens_pedido cascade 
2026-07-20 16:35:00 [SpringApplicationShutdownHook] DEBUG org.hibernate.SQL - 
    drop table if exists pagamentos cascade 
2026-07-20 16:35:00 [SpringApplicationShutdownHook] DEBUG org.hibernate.SQL - 
    drop table if exists pedidos cascade 
2026-07-20 16:35:00 [SpringApplicationShutdownHook] DEBUG org.hibernate.SQL - 
    drop table if exists produtos cascade 
2026-07-20 16:35:00 [SpringApplicationShutdownHook] DEBUG org.hibernate.SQL - 
    drop table if exists usuarios cascade 
2026-07-20 16:35:00 [SpringApplicationShutdownHook] INFO  com.zaxxer.hikari.HikariDataSource - HikariPool-3 - Shutdown initiated...
2026-07-20 16:35:00 [SpringApplicationShutdownHook] INFO  com.zaxxer.hikari.HikariDataSource - HikariPool-3 - Shutdown completed.
2026-07-20 16:35:00 [SpringApplicationShutdownHook] DEBUG o.s.w.c.s.GenericWebApplicationContext - Closing org.springframework.web.context.support.GenericWebApplicationContext@57cc9d6f, started on Mon Jul 20 16:34:52 GMT-03:00 2026
2026-07-20 16:35:00 [SpringApplicationShutdownHook] INFO  o.s.o.j.LocalContainerEntityManagerFactoryBean - Closing JPA EntityManagerFactory for persistence unit 'default'
2026-07-20 16:35:00 [SpringApplicationShutdownHook] DEBUG org.hibernate.SQL - 
    drop table if exists categorias cascade 
2026-07-20 16:35:00 [SpringApplicationShutdownHook] DEBUG org.hibernate.SQL - 
    drop table if exists clientes cascade 
2026-07-20 16:35:00 [SpringApplicationShutdownHook] DEBUG org.hibernate.SQL - 
    drop table if exists itens_pedido cascade 
2026-07-20 16:35:00 [SpringApplicationShutdownHook] DEBUG org.hibernate.SQL - 
    drop table if exists pagamentos cascade 
2026-07-20 16:35:00 [SpringApplicationShutdownHook] DEBUG org.hibernate.SQL - 
    drop table if exists pedidos cascade 
2026-07-20 16:35:00 [SpringApplicationShutdownHook] DEBUG org.hibernate.SQL - 
    drop table if exists produtos cascade 
2026-07-20 16:35:00 [SpringApplicationShutdownHook] DEBUG org.hibernate.SQL - 
    drop table if exists usuarios cascade 
2026-07-20 16:35:00 [SpringApplicationShutdownHook] INFO  com.zaxxer.hikari.HikariDataSource - HikariPool-4 - Shutdown initiated...
2026-07-20 16:35:00 [SpringApplicationShutdownHook] INFO  com.zaxxer.hikari.HikariDataSource - HikariPool-4 - Shutdown completed.
2026-07-20 16:35:00 [SpringApplicationShutdownHook] DEBUG o.s.w.c.s.GenericWebApplicationContext - Closing org.springframework.web.context.support.GenericWebApplicationContext@1ad221cb, started on Mon Jul 20 16:34:54 GMT-03:00 2026
2026-07-20 16:35:00 [SpringApplicationShutdownHook] INFO  o.s.o.j.LocalContainerEntityManagerFactoryBean - Closing JPA EntityManagerFactory for persistence unit 'default'
2026-07-20 16:35:00 [SpringApplicationShutdownHook] DEBUG org.hibernate.SQL - 
    drop table if exists categorias cascade 
2026-07-20 16:35:00 [SpringApplicationShutdownHook] DEBUG org.hibernate.SQL - 
    drop table if exists clientes cascade 
2026-07-20 16:35:00 [SpringApplicationShutdownHook] DEBUG org.hibernate.SQL - 
    drop table if exists itens_pedido cascade 
2026-07-20 16:35:00 [SpringApplicationShutdownHook] DEBUG org.hibernate.SQL - 
    drop table if exists pagamentos cascade 
2026-07-20 16:35:00 [SpringApplicationShutdownHook] DEBUG org.hibernate.SQL - 
    drop table if exists pedidos cascade 
2026-07-20 16:35:00 [SpringApplicationShutdownHook] DEBUG org.hibernate.SQL - 
    drop table if exists produtos cascade 
2026-07-20 16:35:00 [SpringApplicationShutdownHook] DEBUG org.hibernate.SQL - 
    drop table if exists usuarios cascade 
2026-07-20 16:35:00 [SpringApplicationShutdownHook] INFO  com.zaxxer.hikari.HikariDataSource - HikariPool-5 - Shutdown initiated...
2026-07-20 16:35:00 [SpringApplicationShutdownHook] INFO  com.zaxxer.hikari.HikariDataSource - HikariPool-5 - Shutdown completed.
2026-07-20 16:35:00 [SpringApplicationShutdownHook] DEBUG o.s.w.c.s.GenericWebApplicationContext - Closing org.springframework.web.context.support.GenericWebApplicationContext@3b2be386, started on Mon Jul 20 16:34:56 GMT-03:00 2026
2026-07-20 16:35:00 [SpringApplicationShutdownHook] INFO  o.s.o.j.LocalContainerEntityManagerFactoryBean - Closing JPA EntityManagerFactory for persistence unit 'default'
2026-07-20 16:35:00 [SpringApplicationShutdownHook] DEBUG org.hibernate.SQL - 
    drop table if exists categorias cascade 
2026-07-20 16:35:00 [SpringApplicationShutdownHook] DEBUG org.hibernate.SQL - 
    drop table if exists clientes cascade 
2026-07-20 16:35:00 [SpringApplicationShutdownHook] DEBUG org.hibernate.SQL - 
    drop table if exists itens_pedido cascade 
2026-07-20 16:35:00 [SpringApplicationShutdownHook] DEBUG org.hibernate.SQL - 
    drop table if exists pagamentos cascade 
2026-07-20 16:35:00 [SpringApplicationShutdownHook] DEBUG org.hibernate.SQL - 
    drop table if exists pedidos cascade 
2026-07-20 16:35:00 [SpringApplicationShutdownHook] DEBUG org.hibernate.SQL - 
    drop table if exists produtos cascade 
2026-07-20 16:35:00 [SpringApplicationShutdownHook] DEBUG org.hibernate.SQL - 
    drop table if exists usuarios cascade 
2026-07-20 16:35:00 [SpringApplicationShutdownHook] INFO  com.zaxxer.hikari.HikariDataSource - HikariPool-6 - Shutdown initiated...
2026-07-20 16:35:00 [SpringApplicationShutdownHook] INFO  com.zaxxer.hikari.HikariDataSource - HikariPool-6 - Shutdown completed.
2026-07-20 16:35:00 [SpringApplicationShutdownHook] DEBUG o.s.w.c.s.GenericWebApplicationContext - Closing org.springframework.web.context.support.GenericWebApplicationContext@2aebe0e1, started on Mon Jul 20 16:34:57 GMT-03:00 2026
2026-07-20 16:35:00 [SpringApplicationShutdownHook] INFO  o.s.o.j.LocalContainerEntityManagerFactoryBean - Closing JPA EntityManagerFactory for persistence unit 'default'
2026-07-20 16:35:00 [SpringApplicationShutdownHook] DEBUG org.hibernate.SQL - 
    drop table if exists categorias cascade 
2026-07-20 16:35:00 [SpringApplicationShutdownHook] DEBUG org.hibernate.SQL - 
    drop table if exists clientes cascade 
2026-07-20 16:35:00 [SpringApplicationShutdownHook] DEBUG org.hibernate.SQL - 
    drop table if exists itens_pedido cascade 
2026-07-20 16:35:00 [SpringApplicationShutdownHook] DEBUG org.hibernate.SQL - 
    drop table if exists pagamentos cascade 
2026-07-20 16:35:00 [SpringApplicationShutdownHook] DEBUG org.hibernate.SQL - 
    drop table if exists pedidos cascade 
2026-07-20 16:35:00 [SpringApplicationShutdownHook] DEBUG org.hibernate.SQL - 
    drop table if exists produtos cascade 
2026-07-20 16:35:00 [SpringApplicationShutdownHook] DEBUG org.hibernate.SQL - 
    drop table if exists usuarios cascade 
2026-07-20 16:35:00 [SpringApplicationShutdownHook] INFO  com.zaxxer.hikari.HikariDataSource - HikariPool-7 - Shutdown initiated...
2026-07-20 16:35:00 [SpringApplicationShutdownHook] INFO  com.zaxxer.hikari.HikariDataSource - HikariPool-7 - Shutdown completed.
2026-07-20 16:52:13 [background-preinit] INFO  o.h.validator.internal.util.Version - HV000001: Hibernate Validator 8.0.3.Final
2026-07-20 16:52:13 [main] INFO  com.ecommerce.AuthControllerTest - Starting AuthControllerTest using Java 25.0.2 with PID 29920 (started by PabloBezerradaSilva in C:\Users\PabloBezerradaSilva\Documents\Java\fourcamp26-pablosilva\ecommerce-api)
2026-07-20 16:52:13 [main] DEBUG com.ecommerce.AuthControllerTest - Running with Spring Boot v3.5.16, Spring v6.2.19
2026-07-20 16:52:13 [main] INFO  com.ecommerce.AuthControllerTest - No active profile set, falling back to 1 default profile: "default"
2026-07-20 16:52:14 [main] DEBUG o.s.w.c.s.GenericWebApplicationContext - Refreshing org.springframework.web.context.support.GenericWebApplicationContext@acb5508
2026-07-20 16:52:17 [main] INFO  o.s.d.r.c.RepositoryConfigurationDelegate - Bootstrapping Spring Data JPA repositories in DEFAULT mode.
2026-07-20 16:52:17 [main] INFO  o.s.d.r.c.RepositoryConfigurationDelegate - Finished Spring Data repository scanning in 236 ms. Found 6 JPA repository interfaces.
2026-07-20 16:52:22 [main] INFO  o.h.jpa.internal.util.LogHelper - HHH000204: Processing PersistenceUnitInfo [name: default]
2026-07-20 16:52:22 [main] INFO  org.hibernate.Version - HHH000412: Hibernate ORM core version 6.6.53.Final
2026-07-20 16:52:22 [main] INFO  o.h.c.i.RegionFactoryInitiator - HHH000026: Second-level cache disabled
2026-07-20 16:52:23 [main] INFO  o.s.o.j.p.SpringPersistenceUnitInfo - No LoadTimeWeaver setup: ignoring JPA class transformer
2026-07-20 16:52:23 [main] INFO  com.zaxxer.hikari.HikariDataSource - HikariPool-1 - Starting...
2026-07-20 16:52:24 [main] INFO  com.zaxxer.hikari.pool.HikariPool - HikariPool-1 - Added connection conn0: url=jdbc:h2:mem:ecommercedb user=SA
2026-07-20 16:52:24 [main] INFO  com.zaxxer.hikari.HikariDataSource - HikariPool-1 - Start completed.
2026-07-20 16:52:25 [main] WARN  org.hibernate.orm.deprecation - HHH90000025: H2Dialect does not need to be specified explicitly using 'hibernate.dialect' (remove the property setting and it will be selected by default)
2026-07-20 16:52:25 [main] INFO  o.hibernate.orm.connections.pooling - HHH10001005: Database info:
	Database JDBC URL [Connecting through datasource 'HikariDataSource (HikariPool-1)']
	Database driver: undefined/unknown
	Database version: 2.3.232
	Autocommit mode: undefined/unknown
	Isolation level: undefined/unknown
	Minimum pool size: undefined/unknown
	Maximum pool size: undefined/unknown
2026-07-20 16:52:29 [main] INFO  o.h.e.t.j.p.i.JtaPlatformInitiator - HHH000489: No JTA platform available (set 'hibernate.transaction.jta.platform' to enable JTA platform integration)
2026-07-20 16:52:29 [main] DEBUG org.hibernate.SQL - 
    drop table if exists categorias cascade 
2026-07-20 16:52:29 [main] DEBUG org.hibernate.SQL - 
    drop table if exists clientes cascade 
2026-07-20 16:52:29 [main] DEBUG org.hibernate.SQL - 
    drop table if exists itens_pedido cascade 
2026-07-20 16:52:29 [main] DEBUG org.hibernate.SQL - 
    drop table if exists pagamentos cascade 
2026-07-20 16:52:29 [main] DEBUG org.hibernate.SQL - 
    drop table if exists pedidos cascade 
2026-07-20 16:52:29 [main] DEBUG org.hibernate.SQL - 
    drop table if exists produtos cascade 
2026-07-20 16:52:29 [main] DEBUG org.hibernate.SQL - 
    drop table if exists usuarios cascade 
2026-07-20 16:52:29 [main] DEBUG org.hibernate.SQL - 
    create table categorias (
        ativo boolean not null,
        id bigint generated by default as identity,
        nome varchar(100) not null,
        descricao TEXT,
        primary key (id)
    )
2026-07-20 16:52:29 [main] DEBUG org.hibernate.SQL - 
    create table clientes (
        ativo boolean not null,
        data_atualizacao timestamp(6),
        data_criacao timestamp(6) not null,
        id bigint generated by default as identity,
        cpf varchar(11) not null unique,
        telefone varchar(20),
        email varchar(255) not null unique,
        endereco TEXT,
        nome varchar(255) not null,
        primary key (id)
    )
2026-07-20 16:52:29 [main] DEBUG org.hibernate.SQL - 
    create table itens_pedido (
        preco_unitario numeric(10,2) not null,
        quantidade integer not null,
        id bigint generated by default as identity,
        pedido_id bigint not null,
        produto_id bigint not null,
        primary key (id)
    )
2026-07-20 16:52:29 [main] DEBUG org.hibernate.SQL - 
    create table pagamentos (
        valor float(53) not null,
        data_criacao timestamp(6) not null,
        id bigint generated by default as identity,
        pedido_id bigint not null,
        metodo varchar(50) not null,
        status enum ('APROVADO','PENDENTE','RECUSADO','REEMBOLSADO') not null,
        primary key (id)
    )
2026-07-20 16:52:29 [main] DEBUG org.hibernate.SQL - 
    create table pedidos (
        total float(53) not null,
        cliente_id bigint not null,
        data_atualizacao timestamp(6),
        data_criacao timestamp(6) not null,
        id bigint generated by default as identity,
        status enum ('CANCELADO','CONFIRMADO','ENTREGUE','ENVIADO','PENDENTE') not null,
        primary key (id)
    )
2026-07-20 16:52:30 [main] DEBUG org.hibernate.SQL - 
    create table produtos (
        ativo boolean not null,
        estoque integer not null,
        preco numeric(38,2) not null,
        categoria_id bigint not null,
        id bigint generated by default as identity,
        descricao TEXT,
        nome varchar(255) not null,
        primary key (id)
    )
2026-07-20 16:52:30 [main] DEBUG org.hibernate.SQL - 
    create table usuarios (
        ativo boolean not null,
        id bigint generated by default as identity,
        email varchar(255) not null unique,
        nome varchar(255) not null,
        senha varchar(255) not null,
        papel enum ('ADMIN','USER') not null,
        primary key (id)
    )
2026-07-20 16:52:30 [main] DEBUG org.hibernate.SQL - 
    alter table if exists itens_pedido 
       add constraint FK42mycompce3b7yt3l6ukdwsxy 
       foreign key (pedido_id) 
       references pedidos
2026-07-20 16:52:30 [main] DEBUG org.hibernate.SQL - 
    alter table if exists itens_pedido 
       add constraint FKxytdlekpdaobqphujy9bmuhl 
       foreign key (produto_id) 
       references produtos
2026-07-20 16:52:30 [main] DEBUG org.hibernate.SQL - 
    alter table if exists pagamentos 
       add constraint FKb0dh6865y8h4irwdrl4ici3kl 
       foreign key (pedido_id) 
       references pedidos
2026-07-20 16:52:30 [main] DEBUG org.hibernate.SQL - 
    alter table if exists pedidos 
       add constraint FKg7202lk0hwxn04bmdl2thth5b 
       foreign key (cliente_id) 
       references clientes
2026-07-20 16:52:30 [main] DEBUG org.hibernate.SQL - 
    alter table if exists produtos 
       add constraint FK8rqw0ljwdaom34jr2t46bjtrn 
       foreign key (categoria_id) 
       references categorias
2026-07-20 16:52:30 [main] INFO  o.s.o.j.LocalContainerEntityManagerFactoryBean - Initialized JPA EntityManagerFactory for persistence unit 'default'
2026-07-20 16:52:32 [main] DEBUG o.s.w.s.m.m.a.RequestMappingHandlerMapping - 45 mappings in 'requestMappingHandlerMapping'
2026-07-20 16:52:32 [main] DEBUG o.s.w.s.h.SimpleUrlHandlerMapping - Patterns [/h2-console] in 'viewControllerHandlerMapping'
2026-07-20 16:52:32 [main] DEBUG o.s.w.s.h.SimpleUrlHandlerMapping - Patterns [/webjars/**, /**, /swagger-ui/**, /swagger-ui/*swagger-initializer.js, /webjars/*swagger-ui/**, /webjars/*swagger-ui/*swagger-initializer.js, /webjars/*swagger-ui/5.32.2/*swagger-initializer.js] in 'resourceHandlerMapping'
2026-07-20 16:52:32 [main] DEBUG o.s.s.c.a.a.c.AuthenticationConfiguration$DefaultPasswordEncoderAuthenticationManagerBuilder - No authenticationProviders and no parentAuthenticationManager defined. Returning null.
2026-07-20 16:52:33 [main] DEBUG o.s.s.web.DefaultSecurityFilterChain - Will secure any request with filters: DisableEncodeUrlFilter, WebAsyncManagerIntegrationFilter, SecurityContextHolderFilter, HeaderWriterFilter, LogoutFilter, JwtAuthenticationFilter, RequestCacheAwareFilter, SecurityContextHolderAwareRequestFilter, AnonymousAuthenticationFilter, SessionManagementFilter, ExceptionTranslationFilter, AuthorizationFilter
2026-07-20 16:52:33 [main] DEBUG o.s.w.s.m.m.a.RequestMappingHandlerAdapter - ControllerAdvice beans: 0 @ModelAttribute, 0 @InitBinder, 1 RequestBodyAdvice, 1 ResponseBodyAdvice
2026-07-20 16:52:34 [main] DEBUG o.s.w.s.m.m.a.ExceptionHandlerExceptionResolver - ControllerAdvice beans: 2 @ExceptionHandler, 1 ResponseBodyAdvice
2026-07-20 16:52:34 [main] DEBUG c.e.a.s.JwtAuthenticationFilter - Filter 'jwtAuthenticationFilter' configured for use
2026-07-20 16:52:34 [main] INFO  o.s.b.t.m.w.SpringBootMockServletContext - Initializing Spring TestDispatcherServlet ''
2026-07-20 16:52:34 [main] INFO  o.s.t.w.s.TestDispatcherServlet - Initializing Servlet ''
2026-07-20 16:52:34 [main] INFO  o.s.t.w.s.TestDispatcherServlet - Completed initialization in 1 ms
2026-07-20 16:52:34 [main] INFO  com.ecommerce.AuthControllerTest - Started AuthControllerTest in 23.309 seconds (process running for 31.638)
2026-07-20 16:52:34 [main] WARN  o.s.c.events.SpringDocAppInitializer - SpringDoc /v3/api-docs endpoint is enabled by default. To disable it in production, set the property 'springdoc.api-docs.enabled=false'
2026-07-20 16:52:34 [main] DEBUG o.s.security.web.FilterChainProxy - Securing POST /auth/login
2026-07-20 16:52:34 [main] DEBUG o.s.s.w.a.AnonymousAuthenticationFilter - Set SecurityContextHolder to anonymous SecurityContext
2026-07-20 16:52:34 [main] DEBUG o.s.security.web.FilterChainProxy - Secured POST /auth/login
2026-07-20 16:52:34 [main] DEBUG o.s.w.s.m.m.a.RequestMappingHandlerMapping - Mapped to com.ecommerce.api.controller.AuthController#login(LoginRequest)
2026-07-20 16:52:35 [main] DEBUG o.s.w.s.m.m.a.RequestResponseBodyMethodProcessor - Read "application/json;charset=UTF-8" to [LoginRequest(email=usuario@teste.com, senha=senha123)]
2026-07-20 16:52:35 [main] INFO  c.e.api.controller.AuthController - Login realizado para: usuario@teste.com
2026-07-20 16:52:35 [main] DEBUG o.s.w.s.m.m.a.HttpEntityMethodProcessor - Using 'application/json', given [*/*] and supported [application/json, application/*+json, application/yaml]
2026-07-20 16:52:35 [main] DEBUG o.s.w.s.m.m.a.HttpEntityMethodProcessor - Writing [LoginResponse(token=token-fake, tipo=Bearer, id=1, email=usuario@teste.com, nome=Usuário Teste)]
2026-07-20 16:52:35 [main] DEBUG o.s.security.web.FilterChainProxy - Securing POST /auth/registrar
2026-07-20 16:52:35 [main] DEBUG o.s.s.w.a.AnonymousAuthenticationFilter - Set SecurityContextHolder to anonymous SecurityContext
2026-07-20 16:52:35 [main] DEBUG o.s.security.web.FilterChainProxy - Secured POST /auth/registrar
2026-07-20 16:52:35 [main] DEBUG o.s.w.s.m.m.a.RequestMappingHandlerMapping - Mapped to com.ecommerce.api.controller.AuthController#registrar(UsuarioDTO)
2026-07-20 16:52:35 [main] DEBUG o.s.w.s.m.m.a.RequestResponseBodyMethodProcessor - Read "application/json;charset=UTF-8" to [UsuarioDTO(id=null, email=novo@teste.com, senha=senha123, nome=Novo Usuário, papel=USER, ativo=true)]
2026-07-20 16:52:35 [main] INFO  c.e.api.controller.AuthController - Registrando novo usuário: novo@teste.com
2026-07-20 16:52:35 [main] DEBUG o.s.w.s.m.m.a.HttpEntityMethodProcessor - Using 'application/json', given [*/*] and supported [application/json, application/*+json, application/yaml]
2026-07-20 16:52:35 [main] DEBUG o.s.w.s.m.m.a.HttpEntityMethodProcessor - Writing [UsuarioDTO(id=null, email=novo@teste.com, senha=senha123, nome=Novo Usuário, papel=USER, ativo=true)]
2026-07-20 16:52:35 [main] INFO  o.s.t.c.s.AnnotationConfigContextLoaderUtils - Could not detect default configuration classes for test class [com.ecommerce.CategoriaControllerTest]: CategoriaControllerTest does not declare any static, non-private, non-final, nested classes annotated with @Configuration.
2026-07-20 16:52:35 [main] INFO  o.s.b.t.c.SpringBootTestContextBootstrapper - Found @SpringBootConfiguration com.ecommerce.Application for test class com.ecommerce.CategoriaControllerTest
2026-07-20 16:52:35 [main] INFO  o.s.b.d.r.RestartApplicationListener - Restart disabled due to context in which it is running
2026-07-20 16:52:35 [main] INFO  c.ecommerce.CategoriaControllerTest - Starting CategoriaControllerTest using Java 25.0.2 with PID 29920 (started by PabloBezerradaSilva in C:\Users\PabloBezerradaSilva\Documents\Java\fourcamp26-pablosilva\ecommerce-api)
2026-07-20 16:52:35 [main] DEBUG c.ecommerce.CategoriaControllerTest - Running with Spring Boot v3.5.16, Spring v6.2.19
2026-07-20 16:52:35 [main] INFO  c.ecommerce.CategoriaControllerTest - No active profile set, falling back to 1 default profile: "default"
2026-07-20 16:52:35 [main] DEBUG o.s.w.c.s.GenericWebApplicationContext - Refreshing org.springframework.web.context.support.GenericWebApplicationContext@510eb392
2026-07-20 16:52:36 [main] INFO  o.s.d.r.c.RepositoryConfigurationDelegate - Bootstrapping Spring Data JPA repositories in DEFAULT mode.
2026-07-20 16:52:36 [main] INFO  o.s.d.r.c.RepositoryConfigurationDelegate - Finished Spring Data repository scanning in 63 ms. Found 6 JPA repository interfaces.
2026-07-20 16:52:36 [main] INFO  o.h.jpa.internal.util.LogHelper - HHH000204: Processing PersistenceUnitInfo [name: default]
2026-07-20 16:52:36 [main] INFO  o.h.c.i.RegionFactoryInitiator - HHH000026: Second-level cache disabled
2026-07-20 16:52:36 [main] INFO  o.s.o.j.p.SpringPersistenceUnitInfo - No LoadTimeWeaver setup: ignoring JPA class transformer
2026-07-20 16:52:36 [main] INFO  com.zaxxer.hikari.HikariDataSource - HikariPool-2 - Starting...
2026-07-20 16:52:36 [main] INFO  com.zaxxer.hikari.pool.HikariPool - HikariPool-2 - Added connection conn10: url=jdbc:h2:mem:ecommercedb user=SA
2026-07-20 16:52:36 [main] INFO  com.zaxxer.hikari.HikariDataSource - HikariPool-2 - Start completed.
2026-07-20 16:52:36 [main] WARN  org.hibernate.orm.deprecation - HHH90000025: H2Dialect does not need to be specified explicitly using 'hibernate.dialect' (remove the property setting and it will be selected by default)
2026-07-20 16:52:36 [main] INFO  o.hibernate.orm.connections.pooling - HHH10001005: Database info:
	Database JDBC URL [Connecting through datasource 'HikariDataSource (HikariPool-2)']
	Database driver: undefined/unknown
	Database version: 2.3.232
	Autocommit mode: undefined/unknown
	Isolation level: undefined/unknown
	Minimum pool size: undefined/unknown
	Maximum pool size: undefined/unknown
2026-07-20 16:52:37 [main] INFO  o.h.e.t.j.p.i.JtaPlatformInitiator - HHH000489: No JTA platform available (set 'hibernate.transaction.jta.platform' to enable JTA platform integration)
2026-07-20 16:52:37 [main] DEBUG org.hibernate.SQL - 
    drop table if exists categorias cascade 
2026-07-20 16:52:37 [main] DEBUG org.hibernate.SQL - 
    drop table if exists clientes cascade 
2026-07-20 16:52:37 [main] DEBUG org.hibernate.SQL - 
    drop table if exists itens_pedido cascade 
2026-07-20 16:52:37 [main] DEBUG org.hibernate.SQL - 
    drop table if exists pagamentos cascade 
2026-07-20 16:52:37 [main] DEBUG org.hibernate.SQL - 
    drop table if exists pedidos cascade 
2026-07-20 16:52:37 [main] DEBUG org.hibernate.SQL - 
    drop table if exists produtos cascade 
2026-07-20 16:52:37 [main] DEBUG org.hibernate.SQL - 
    drop table if exists usuarios cascade 
2026-07-20 16:52:37 [main] DEBUG org.hibernate.SQL - 
    create table categorias (
        ativo boolean not null,
        id bigint generated by default as identity,
        nome varchar(100) not null,
        descricao TEXT,
        primary key (id)
    )
2026-07-20 16:52:37 [main] DEBUG org.hibernate.SQL - 
    create table clientes (
        ativo boolean not null,
        data_atualizacao timestamp(6),
        data_criacao timestamp(6) not null,
        id bigint generated by default as identity,
        cpf varchar(11) not null unique,
        telefone varchar(20),
        email varchar(255) not null unique,
        endereco TEXT,
        nome varchar(255) not null,
        primary key (id)
    )
2026-07-20 16:52:37 [main] DEBUG org.hibernate.SQL - 
    create table itens_pedido (
        preco_unitario numeric(10,2) not null,
        quantidade integer not null,
        id bigint generated by default as identity,
        pedido_id bigint not null,
        produto_id bigint not null,
        primary key (id)
    )
2026-07-20 16:52:37 [main] DEBUG org.hibernate.SQL - 
    create table pagamentos (
        valor float(53) not null,
        data_criacao timestamp(6) not null,
        id bigint generated by default as identity,
        pedido_id bigint not null,
        metodo varchar(50) not null,
        status enum ('APROVADO','PENDENTE','RECUSADO','REEMBOLSADO') not null,
        primary key (id)
    )
2026-07-20 16:52:37 [main] DEBUG org.hibernate.SQL - 
    create table pedidos (
        total float(53) not null,
        cliente_id bigint not null,
        data_atualizacao timestamp(6),
        data_criacao timestamp(6) not null,
        id bigint generated by default as identity,
        status enum ('CANCELADO','CONFIRMADO','ENTREGUE','ENVIADO','PENDENTE') not null,
        primary key (id)
    )
2026-07-20 16:52:37 [main] DEBUG org.hibernate.SQL - 
    create table produtos (
        ativo boolean not null,
        estoque integer not null,
        preco numeric(38,2) not null,
        categoria_id bigint not null,
        id bigint generated by default as identity,
        descricao TEXT,
        nome varchar(255) not null,
        primary key (id)
    )
2026-07-20 16:52:37 [main] DEBUG org.hibernate.SQL - 
    create table usuarios (
        ativo boolean not null,
        id bigint generated by default as identity,
        email varchar(255) not null unique,
        nome varchar(255) not null,
        senha varchar(255) not null,
        papel enum ('ADMIN','USER') not null,
        primary key (id)
    )
2026-07-20 16:52:37 [main] DEBUG org.hibernate.SQL - 
    alter table if exists itens_pedido 
       add constraint FK42mycompce3b7yt3l6ukdwsxy 
       foreign key (pedido_id) 
       references pedidos
2026-07-20 16:52:37 [main] DEBUG org.hibernate.SQL - 
    alter table if exists itens_pedido 
       add constraint FKxytdlekpdaobqphujy9bmuhl 
       foreign key (produto_id) 
       references produtos
2026-07-20 16:52:37 [main] DEBUG org.hibernate.SQL - 
    alter table if exists pagamentos 
       add constraint FKb0dh6865y8h4irwdrl4ici3kl 
       foreign key (pedido_id) 
       references pedidos
2026-07-20 16:52:37 [main] DEBUG org.hibernate.SQL - 
    alter table if exists pedidos 
       add constraint FKg7202lk0hwxn04bmdl2thth5b 
       foreign key (cliente_id) 
       references clientes
2026-07-20 16:52:37 [main] DEBUG org.hibernate.SQL - 
    alter table if exists produtos 
       add constraint FK8rqw0ljwdaom34jr2t46bjtrn 
       foreign key (categoria_id) 
       references categorias
2026-07-20 16:52:37 [main] INFO  o.s.o.j.LocalContainerEntityManagerFactoryBean - Initialized JPA EntityManagerFactory for persistence unit 'default'
2026-07-20 16:52:37 [main] DEBUG o.s.w.s.m.m.a.RequestMappingHandlerMapping - 45 mappings in 'requestMappingHandlerMapping'
2026-07-20 16:52:37 [main] DEBUG o.s.w.s.h.SimpleUrlHandlerMapping - Patterns [/h2-console] in 'viewControllerHandlerMapping'
2026-07-20 16:52:37 [main] DEBUG o.s.w.s.h.SimpleUrlHandlerMapping - Patterns [/webjars/**, /**, /swagger-ui/**, /swagger-ui/*swagger-initializer.js, /webjars/*swagger-ui/**, /webjars/*swagger-ui/*swagger-initializer.js, /webjars/*swagger-ui/5.32.2/*swagger-initializer.js] in 'resourceHandlerMapping'
2026-07-20 16:52:37 [main] DEBUG o.s.s.c.a.a.c.AuthenticationConfiguration$DefaultPasswordEncoderAuthenticationManagerBuilder - No authenticationProviders and no parentAuthenticationManager defined. Returning null.
2026-07-20 16:52:37 [main] DEBUG o.s.s.web.DefaultSecurityFilterChain - Will secure any request with filters: DisableEncodeUrlFilter, WebAsyncManagerIntegrationFilter, SecurityContextHolderFilter, HeaderWriterFilter, LogoutFilter, JwtAuthenticationFilter, RequestCacheAwareFilter, SecurityContextHolderAwareRequestFilter, AnonymousAuthenticationFilter, SessionManagementFilter, ExceptionTranslationFilter, AuthorizationFilter
2026-07-20 16:52:37 [main] DEBUG o.s.w.s.m.m.a.RequestMappingHandlerAdapter - ControllerAdvice beans: 0 @ModelAttribute, 0 @InitBinder, 1 RequestBodyAdvice, 1 ResponseBodyAdvice
2026-07-20 16:52:37 [main] DEBUG o.s.w.s.m.m.a.ExceptionHandlerExceptionResolver - ControllerAdvice beans: 2 @ExceptionHandler, 1 ResponseBodyAdvice
2026-07-20 16:52:37 [main] DEBUG c.e.a.s.JwtAuthenticationFilter - Filter 'jwtAuthenticationFilter' configured for use
2026-07-20 16:52:37 [main] INFO  o.s.b.t.m.w.SpringBootMockServletContext - Initializing Spring TestDispatcherServlet ''
2026-07-20 16:52:37 [main] INFO  o.s.t.w.s.TestDispatcherServlet - Initializing Servlet ''
2026-07-20 16:52:37 [main] INFO  o.s.t.w.s.TestDispatcherServlet - Completed initialization in 1 ms
2026-07-20 16:52:37 [main] INFO  c.ecommerce.CategoriaControllerTest - Started CategoriaControllerTest in 2.325 seconds (process running for 34.726)
2026-07-20 16:52:37 [main] WARN  o.s.c.events.SpringDocAppInitializer - SpringDoc /v3/api-docs endpoint is enabled by default. To disable it in production, set the property 'springdoc.api-docs.enabled=false'
2026-07-20 16:52:37 [main] DEBUG o.s.security.web.FilterChainProxy - Securing GET /categorias/999
2026-07-20 16:52:37 [main] DEBUG o.s.security.web.FilterChainProxy - Secured GET /categorias/999
2026-07-20 16:52:37 [main] DEBUG o.s.w.s.m.m.a.RequestMappingHandlerMapping - Mapped to com.ecommerce.api.controller.CategoriaController#obter(Long)
2026-07-20 16:52:37 [main] DEBUG o.s.w.s.m.m.a.ExceptionHandlerExceptionResolver - Using @ExceptionHandler com.ecommerce.api.exception.GlobalExceptionHandler#handleRecursoNaoEncontrado(RecursoNaoEncontradoException, WebRequest)
2026-07-20 16:52:37 [main] ERROR c.e.a.e.GlobalExceptionHandler - Recurso não encontrado: Categoria não encontrada
2026-07-20 16:52:37 [main] DEBUG o.s.w.s.m.m.a.HttpEntityMethodProcessor - Using 'application/json', given [*/*] and supported [application/json, application/*+json, application/yaml]
2026-07-20 16:52:37 [main] DEBUG o.s.w.s.m.m.a.HttpEntityMethodProcessor - Writing [ErrorResponse(timestamp=2026-07-20T16:52:37.891000900, status=404, erro=Recurso não encontrado, mens (truncated)...]
2026-07-20 16:52:37 [main] DEBUG o.s.w.s.m.m.a.ExceptionHandlerExceptionResolver - Resolved [com.ecommerce.api.exception.RecursoNaoEncontradoException: Categoria não encontrada]
2026-07-20 16:52:37 [main] DEBUG o.s.security.web.FilterChainProxy - Securing POST /categorias
2026-07-20 16:52:37 [main] DEBUG o.s.security.web.FilterChainProxy - Secured POST /categorias
2026-07-20 16:52:37 [main] DEBUG o.s.w.s.m.m.a.RequestMappingHandlerMapping - Mapped to com.ecommerce.api.controller.CategoriaController#criar(CategoriaDTO)
2026-07-20 16:52:37 [main] DEBUG o.s.w.s.m.m.a.RequestResponseBodyMethodProcessor - Read "application/json;charset=UTF-8" to [CategoriaDTO(id=1, nome=Eletrônicos, descricao=Produtos eletrônicos, ativo=true)]
2026-07-20 16:52:37 [main] DEBUG o.s.w.s.m.m.a.HttpEntityMethodProcessor - Using 'application/json', given [*/*] and supported [application/json, application/*+json, application/yaml]
2026-07-20 16:52:37 [main] DEBUG o.s.w.s.m.m.a.HttpEntityMethodProcessor - Writing [CategoriaDTO(id=1, nome=Eletrônicos, descricao=Produtos eletrônicos, ativo=true)]
2026-07-20 16:52:37 [main] DEBUG o.s.security.web.FilterChainProxy - Securing GET /categorias/1
2026-07-20 16:52:37 [main] DEBUG o.s.security.web.FilterChainProxy - Secured GET /categorias/1
2026-07-20 16:52:37 [main] DEBUG o.s.w.s.m.m.a.RequestMappingHandlerMapping - Mapped to com.ecommerce.api.controller.CategoriaController#obter(Long)
2026-07-20 16:52:37 [main] DEBUG o.s.w.s.m.m.a.HttpEntityMethodProcessor - Using 'application/json', given [*/*] and supported [application/json, application/*+json, application/yaml]
2026-07-20 16:52:37 [main] DEBUG o.s.w.s.m.m.a.HttpEntityMethodProcessor - Writing [CategoriaDTO(id=1, nome=Eletrônicos, descricao=Produtos eletrônicos, ativo=true)]
2026-07-20 16:52:38 [main] DEBUG o.s.security.web.FilterChainProxy - Securing GET /categorias
2026-07-20 16:52:38 [main] DEBUG o.s.security.web.FilterChainProxy - Secured GET /categorias
2026-07-20 16:52:38 [main] DEBUG o.s.w.s.m.m.a.RequestMappingHandlerMapping - Mapped to com.ecommerce.api.controller.CategoriaController#listar(int, int, String, String)
2026-07-20 16:52:38 [main] DEBUG o.s.w.s.m.m.a.HttpEntityMethodProcessor - Using 'application/json', given [*/*] and supported [application/json, application/*+json, application/yaml]
2026-07-20 16:52:38 [main] DEBUG o.s.w.s.m.m.a.HttpEntityMethodProcessor - Writing [Page 1 of 1 containing com.ecommerce.api.dto.CategoriaDTO instances]
2026-07-20 16:52:38 [main] DEBUG o.s.security.web.FilterChainProxy - Securing PUT /categorias/1
2026-07-20 16:52:38 [main] DEBUG o.s.security.web.FilterChainProxy - Secured PUT /categorias/1
2026-07-20 16:52:38 [main] DEBUG o.s.w.s.m.m.a.RequestMappingHandlerMapping - Mapped to com.ecommerce.api.controller.CategoriaController#atualizar(Long, CategoriaDTO)
2026-07-20 16:52:38 [main] DEBUG o.s.w.s.m.m.a.RequestResponseBodyMethodProcessor - Read "application/json;charset=UTF-8" to [CategoriaDTO(id=1, nome=Eletrônicos, descricao=Produtos eletrônicos, ativo=true)]
2026-07-20 16:52:38 [main] DEBUG o.s.w.s.m.m.a.HttpEntityMethodProcessor - Using 'application/json', given [*/*] and supported [application/json, application/*+json, application/yaml]
2026-07-20 16:52:38 [main] DEBUG o.s.w.s.m.m.a.HttpEntityMethodProcessor - Writing [CategoriaDTO(id=1, nome=Eletrônicos, descricao=Produtos eletrônicos, ativo=true)]
2026-07-20 16:52:38 [main] DEBUG o.s.security.web.FilterChainProxy - Securing DELETE /categorias/1
2026-07-20 16:52:38 [main] DEBUG o.s.security.web.FilterChainProxy - Secured DELETE /categorias/1
2026-07-20 16:52:38 [main] DEBUG o.s.w.s.m.m.a.RequestMappingHandlerMapping - Mapped to com.ecommerce.api.controller.CategoriaController#deletar(Long)
2026-07-20 16:52:38 [main] DEBUG o.s.w.s.m.m.a.HttpEntityMethodProcessor - Using 'application/json', given [*/*] and supported [application/json, application/*+json, application/yaml]
2026-07-20 16:52:38 [main] DEBUG o.s.w.s.m.m.a.HttpEntityMethodProcessor - Nothing to write: null body
2026-07-20 16:52:38 [main] DEBUG o.s.security.web.FilterChainProxy - Securing POST /categorias
2026-07-20 16:52:38 [main] DEBUG o.s.security.web.FilterChainProxy - Secured POST /categorias
2026-07-20 16:52:38 [main] DEBUG o.s.w.s.m.m.a.RequestMappingHandlerMapping - Mapped to com.ecommerce.api.controller.CategoriaController#criar(CategoriaDTO)
2026-07-20 16:52:38 [main] DEBUG o.s.w.s.m.m.a.RequestResponseBodyMethodProcessor - Read "application/json;charset=UTF-8" to [CategoriaDTO(id=null, nome=, descricao=null, ativo=true)]
2026-07-20 16:52:38 [main] DEBUG o.s.w.s.m.m.a.ExceptionHandlerExceptionResolver - Using @ExceptionHandler com.ecommerce.api.exception.GlobalExceptionHandler#handleValidationExceptions(MethodArgumentNotValidException, WebRequest)
2026-07-20 16:52:38 [main] ERROR c.e.a.e.GlobalExceptionHandler - Erro de validação: {nome=Nome é obrigatório}
2026-07-20 16:52:38 [main] DEBUG o.s.w.s.m.m.a.HttpEntityMethodProcessor - Using 'application/json', given [*/*] and supported [application/json, application/*+json, application/yaml]
2026-07-20 16:52:38 [main] DEBUG o.s.w.s.m.m.a.HttpEntityMethodProcessor - Writing [ErrorResponse(timestamp=2026-07-20T16:52:38.229103900, status=400, erro=Erro de validação, mensagem= (truncated)...]
2026-07-20 16:52:38 [main] DEBUG o.s.w.s.m.m.a.ExceptionHandlerExceptionResolver - Resolved [org.springframework.web.bind.MethodArgumentNotValidException: Validation failed for argument [0] in public org.springframework.http.ResponseEntity<com.ecommerce.api.dto.CategoriaDTO> com.ecommerce.api.controller.CategoriaController.criar(com.ecommerce.api.dto.CategoriaDTO) with 2 errors: [Field error in object 'categoriaDTO' on field 'nome': rejected value []; codes [Size.categoriaDTO.nome,Size.nome,Size.java.lang.String,Size]; arguments [org.springframework.context.support.DefaultMessageSourceResolvable: codes [categoriaDTO.nome,nome]; arguments []; default message [nome],100,2]; default message [Nome deve ter entre 2 e 100 caracteres]] [Field error in object 'categoriaDTO' on field 'nome': rejected value []; codes [NotBlank.categoriaDTO.nome,NotBlank.nome,NotBlank.java.lang.String,NotBlank]; arguments [org.springframework.context.support.DefaultMessageSourceResolvable: codes [categoriaDTO.nome,nome]; arguments []; default message [nome]]; default message [Nome é obrigatório]] ]
2026-07-20 16:52:38 [main] DEBUG o.s.security.web.FilterChainProxy - Securing GET /categorias/todas
2026-07-20 16:52:38 [main] DEBUG o.s.security.web.FilterChainProxy - Secured GET /categorias/todas
2026-07-20 16:52:38 [main] DEBUG o.s.w.s.m.m.a.RequestMappingHandlerMapping - Mapped to com.ecommerce.api.controller.CategoriaController#listarTodas()
2026-07-20 16:52:38 [main] DEBUG o.s.w.s.m.m.a.HttpEntityMethodProcessor - Using 'application/json', given [*/*] and supported [application/json, application/*+json, application/yaml]
2026-07-20 16:52:38 [main] DEBUG o.s.w.s.m.m.a.HttpEntityMethodProcessor - Writing [[CategoriaDTO(id=1, nome=Eletrônicos, descricao=Produtos eletrônicos, ativo=true)]]
2026-07-20 16:52:39 [main] INFO  o.s.t.c.s.AnnotationConfigContextLoaderUtils - Could not detect default configuration classes for test class [com.ecommerce.ClienteControllerTest]: ClienteControllerTest does not declare any static, non-private, non-final, nested classes annotated with @Configuration.
2026-07-20 16:52:39 [main] INFO  o.s.b.t.c.SpringBootTestContextBootstrapper - Found @SpringBootConfiguration com.ecommerce.Application for test class com.ecommerce.ClienteControllerTest
2026-07-20 16:52:39 [main] INFO  o.s.b.d.r.RestartApplicationListener - Restart disabled due to context in which it is running
2026-07-20 16:52:39 [main] INFO  com.ecommerce.ClienteControllerTest - Starting ClienteControllerTest using Java 25.0.2 with PID 29920 (started by PabloBezerradaSilva in C:\Users\PabloBezerradaSilva\Documents\Java\fourcamp26-pablosilva\ecommerce-api)
2026-07-20 16:52:39 [main] DEBUG com.ecommerce.ClienteControllerTest - Running with Spring Boot v3.5.16, Spring v6.2.19
2026-07-20 16:52:39 [main] INFO  com.ecommerce.ClienteControllerTest - No active profile set, falling back to 1 default profile: "default"
2026-07-20 16:52:39 [main] DEBUG o.s.w.c.s.GenericWebApplicationContext - Refreshing org.springframework.web.context.support.GenericWebApplicationContext@13dcb0ef
2026-07-20 16:52:39 [main] INFO  o.s.d.r.c.RepositoryConfigurationDelegate - Bootstrapping Spring Data JPA repositories in DEFAULT mode.
2026-07-20 16:52:40 [main] INFO  o.s.d.r.c.RepositoryConfigurationDelegate - Finished Spring Data repository scanning in 120 ms. Found 6 JPA repository interfaces.
2026-07-20 16:52:40 [main] INFO  o.h.jpa.internal.util.LogHelper - HHH000204: Processing PersistenceUnitInfo [name: default]
2026-07-20 16:52:40 [main] INFO  o.h.c.i.RegionFactoryInitiator - HHH000026: Second-level cache disabled
2026-07-20 16:52:40 [main] INFO  o.s.o.j.p.SpringPersistenceUnitInfo - No LoadTimeWeaver setup: ignoring JPA class transformer
2026-07-20 16:52:40 [main] INFO  com.zaxxer.hikari.HikariDataSource - HikariPool-3 - Starting...
2026-07-20 16:52:40 [main] INFO  com.zaxxer.hikari.pool.HikariPool - HikariPool-3 - Added connection conn20: url=jdbc:h2:mem:ecommercedb user=SA
2026-07-20 16:52:40 [main] INFO  com.zaxxer.hikari.HikariDataSource - HikariPool-3 - Start completed.
2026-07-20 16:52:40 [main] WARN  org.hibernate.orm.deprecation - HHH90000025: H2Dialect does not need to be specified explicitly using 'hibernate.dialect' (remove the property setting and it will be selected by default)
2026-07-20 16:52:40 [main] INFO  o.hibernate.orm.connections.pooling - HHH10001005: Database info:
	Database JDBC URL [Connecting through datasource 'HikariDataSource (HikariPool-3)']
	Database driver: undefined/unknown
	Database version: 2.3.232
	Autocommit mode: undefined/unknown
	Isolation level: undefined/unknown
	Minimum pool size: undefined/unknown
	Maximum pool size: undefined/unknown
2026-07-20 16:52:40 [main] INFO  o.h.e.t.j.p.i.JtaPlatformInitiator - HHH000489: No JTA platform available (set 'hibernate.transaction.jta.platform' to enable JTA platform integration)
2026-07-20 16:52:40 [main] DEBUG org.hibernate.SQL - 
    drop table if exists categorias cascade 
2026-07-20 16:52:40 [main] DEBUG org.hibernate.SQL - 
    drop table if exists clientes cascade 
2026-07-20 16:52:40 [main] DEBUG org.hibernate.SQL - 
    drop table if exists itens_pedido cascade 
2026-07-20 16:52:40 [main] DEBUG org.hibernate.SQL - 
    drop table if exists pagamentos cascade 
2026-07-20 16:52:40 [main] DEBUG org.hibernate.SQL - 
    drop table if exists pedidos cascade 
2026-07-20 16:52:40 [main] DEBUG org.hibernate.SQL - 
    drop table if exists produtos cascade 
2026-07-20 16:52:40 [main] DEBUG org.hibernate.SQL - 
    drop table if exists usuarios cascade 
2026-07-20 16:52:40 [main] DEBUG org.hibernate.SQL - 
    create table categorias (
        ativo boolean not null,
        id bigint generated by default as identity,
        nome varchar(100) not null,
        descricao TEXT,
        primary key (id)
    )
2026-07-20 16:52:40 [main] DEBUG org.hibernate.SQL - 
    create table clientes (
        ativo boolean not null,
        data_atualizacao timestamp(6),
        data_criacao timestamp(6) not null,
        id bigint generated by default as identity,
        cpf varchar(11) not null unique,
        telefone varchar(20),
        email varchar(255) not null unique,
        endereco TEXT,
        nome varchar(255) not null,
        primary key (id)
    )
2026-07-20 16:52:40 [main] DEBUG org.hibernate.SQL - 
    create table itens_pedido (
        preco_unitario numeric(10,2) not null,
        quantidade integer not null,
        id bigint generated by default as identity,
        pedido_id bigint not null,
        produto_id bigint not null,
        primary key (id)
    )
2026-07-20 16:52:40 [main] DEBUG org.hibernate.SQL - 
    create table pagamentos (
        valor float(53) not null,
        data_criacao timestamp(6) not null,
        id bigint generated by default as identity,
        pedido_id bigint not null,
        metodo varchar(50) not null,
        status enum ('APROVADO','PENDENTE','RECUSADO','REEMBOLSADO') not null,
        primary key (id)
    )
2026-07-20 16:52:40 [main] DEBUG org.hibernate.SQL - 
    create table pedidos (
        total float(53) not null,
        cliente_id bigint not null,
        data_atualizacao timestamp(6),
        data_criacao timestamp(6) not null,
        id bigint generated by default as identity,
        status enum ('CANCELADO','CONFIRMADO','ENTREGUE','ENVIADO','PENDENTE') not null,
        primary key (id)
    )
2026-07-20 16:52:40 [main] DEBUG org.hibernate.SQL - 
    create table produtos (
        ativo boolean not null,
        estoque integer not null,
        preco numeric(38,2) not null,
        categoria_id bigint not null,
        id bigint generated by default as identity,
        descricao TEXT,
        nome varchar(255) not null,
        primary key (id)
    )
2026-07-20 16:52:40 [main] DEBUG org.hibernate.SQL - 
    create table usuarios (
        ativo boolean not null,
        id bigint generated by default as identity,
        email varchar(255) not null unique,
        nome varchar(255) not null,
        senha varchar(255) not null,
        papel enum ('ADMIN','USER') not null,
        primary key (id)
    )
2026-07-20 16:52:40 [main] DEBUG org.hibernate.SQL - 
    alter table if exists itens_pedido 
       add constraint FK42mycompce3b7yt3l6ukdwsxy 
       foreign key (pedido_id) 
       references pedidos
2026-07-20 16:52:40 [main] DEBUG org.hibernate.SQL - 
    alter table if exists itens_pedido 
       add constraint FKxytdlekpdaobqphujy9bmuhl 
       foreign key (produto_id) 
       references produtos
2026-07-20 16:52:40 [main] DEBUG org.hibernate.SQL - 
    alter table if exists pagamentos 
       add constraint FKb0dh6865y8h4irwdrl4ici3kl 
       foreign key (pedido_id) 
       references pedidos
2026-07-20 16:52:40 [main] DEBUG org.hibernate.SQL - 
    alter table if exists pedidos 
       add constraint FKg7202lk0hwxn04bmdl2thth5b 
       foreign key (cliente_id) 
       references clientes
2026-07-20 16:52:40 [main] DEBUG org.hibernate.SQL - 
    alter table if exists produtos 
       add constraint FK8rqw0ljwdaom34jr2t46bjtrn 
       foreign key (categoria_id) 
       references categorias
2026-07-20 16:52:40 [main] INFO  o.s.o.j.LocalContainerEntityManagerFactoryBean - Initialized JPA EntityManagerFactory for persistence unit 'default'
2026-07-20 16:52:41 [main] DEBUG o.s.w.s.m.m.a.RequestMappingHandlerMapping - 45 mappings in 'requestMappingHandlerMapping'
2026-07-20 16:52:41 [main] DEBUG o.s.w.s.h.SimpleUrlHandlerMapping - Patterns [/h2-console] in 'viewControllerHandlerMapping'
2026-07-20 16:52:41 [main] DEBUG o.s.w.s.h.SimpleUrlHandlerMapping - Patterns [/webjars/**, /**, /swagger-ui/**, /swagger-ui/*swagger-initializer.js, /webjars/*swagger-ui/**, /webjars/*swagger-ui/*swagger-initializer.js, /webjars/*swagger-ui/5.32.2/*swagger-initializer.js] in 'resourceHandlerMapping'
2026-07-20 16:52:41 [main] DEBUG o.s.s.c.a.a.c.AuthenticationConfiguration$DefaultPasswordEncoderAuthenticationManagerBuilder - No authenticationProviders and no parentAuthenticationManager defined. Returning null.
2026-07-20 16:52:41 [main] DEBUG o.s.s.web.DefaultSecurityFilterChain - Will secure any request with filters: DisableEncodeUrlFilter, WebAsyncManagerIntegrationFilter, SecurityContextHolderFilter, HeaderWriterFilter, LogoutFilter, JwtAuthenticationFilter, RequestCacheAwareFilter, SecurityContextHolderAwareRequestFilter, AnonymousAuthenticationFilter, SessionManagementFilter, ExceptionTranslationFilter, AuthorizationFilter
2026-07-20 16:52:41 [main] DEBUG o.s.w.s.m.m.a.RequestMappingHandlerAdapter - ControllerAdvice beans: 0 @ModelAttribute, 0 @InitBinder, 1 RequestBodyAdvice, 1 ResponseBodyAdvice
2026-07-20 16:52:41 [main] DEBUG o.s.w.s.m.m.a.ExceptionHandlerExceptionResolver - ControllerAdvice beans: 2 @ExceptionHandler, 1 ResponseBodyAdvice
2026-07-20 16:52:41 [main] DEBUG c.e.a.s.JwtAuthenticationFilter - Filter 'jwtAuthenticationFilter' configured for use
2026-07-20 16:52:41 [main] INFO  o.s.b.t.m.w.SpringBootMockServletContext - Initializing Spring TestDispatcherServlet ''
2026-07-20 16:52:41 [main] INFO  o.s.t.w.s.TestDispatcherServlet - Initializing Servlet ''
2026-07-20 16:52:41 [main] INFO  o.s.t.w.s.TestDispatcherServlet - Completed initialization in 3 ms
2026-07-20 16:52:41 [main] INFO  com.ecommerce.ClienteControllerTest - Started ClienteControllerTest in 2.575 seconds (process running for 38.536)
2026-07-20 16:52:41 [main] WARN  o.s.c.events.SpringDocAppInitializer - SpringDoc /v3/api-docs endpoint is enabled by default. To disable it in production, set the property 'springdoc.api-docs.enabled=false'
2026-07-20 16:52:41 [main] DEBUG o.s.security.web.FilterChainProxy - Securing GET /clientes/999
2026-07-20 16:52:41 [main] DEBUG o.s.security.web.FilterChainProxy - Secured GET /clientes/999
2026-07-20 16:52:41 [main] DEBUG o.s.w.s.m.m.a.RequestMappingHandlerMapping - Mapped to com.ecommerce.api.controller.ClienteController#obter(Long)
2026-07-20 16:52:41 [main] DEBUG o.s.w.s.m.m.a.ExceptionHandlerExceptionResolver - Using @ExceptionHandler com.ecommerce.api.exception.GlobalExceptionHandler#handleRecursoNaoEncontrado(RecursoNaoEncontradoException, WebRequest)
2026-07-20 16:52:41 [main] ERROR c.e.a.e.GlobalExceptionHandler - Recurso não encontrado: Cliente não encontrado
2026-07-20 16:52:41 [main] DEBUG o.s.w.s.m.m.a.HttpEntityMethodProcessor - Using 'application/json', given [*/*] and supported [application/json, application/*+json, application/yaml]
2026-07-20 16:52:41 [main] DEBUG o.s.w.s.m.m.a.HttpEntityMethodProcessor - Writing [ErrorResponse(timestamp=2026-07-20T16:52:41.661965800, status=404, erro=Recurso não encontrado, mens (truncated)...]
2026-07-20 16:52:41 [main] DEBUG o.s.w.s.m.m.a.ExceptionHandlerExceptionResolver - Resolved [com.ecommerce.api.exception.RecursoNaoEncontradoException: Cliente não encontrado]
2026-07-20 16:52:41 [main] DEBUG o.s.security.web.FilterChainProxy - Securing POST /clientes
2026-07-20 16:52:41 [main] DEBUG o.s.security.web.FilterChainProxy - Secured POST /clientes
2026-07-20 16:52:41 [main] DEBUG o.s.w.s.m.m.a.RequestMappingHandlerMapping - Mapped to com.ecommerce.api.controller.ClienteController#criar(ClienteDTO)
2026-07-20 16:52:41 [main] DEBUG o.s.w.s.m.m.a.RequestResponseBodyMethodProcessor - Read "application/json;charset=UTF-8" to [ClienteDTO(id=null, nome=João Silva, cpf=12345678901, email=email-invalido, telefone=null, endereco= (truncated)...]
2026-07-20 16:52:41 [main] DEBUG o.s.w.s.m.m.a.ExceptionHandlerExceptionResolver - Using @ExceptionHandler com.ecommerce.api.exception.GlobalExceptionHandler#handleValidationExceptions(MethodArgumentNotValidException, WebRequest)
2026-07-20 16:52:41 [main] ERROR c.e.a.e.GlobalExceptionHandler - Erro de validação: {email=Email deve ser válido}
2026-07-20 16:52:41 [main] DEBUG o.s.w.s.m.m.a.HttpEntityMethodProcessor - Using 'application/json', given [*/*] and supported [application/json, application/*+json, application/yaml]
2026-07-20 16:52:41 [main] DEBUG o.s.w.s.m.m.a.HttpEntityMethodProcessor - Writing [ErrorResponse(timestamp=2026-07-20T16:52:41.720814100, status=400, erro=Erro de validação, mensagem= (truncated)...]
2026-07-20 16:52:41 [main] DEBUG o.s.w.s.m.m.a.ExceptionHandlerExceptionResolver - Resolved [org.springframework.web.bind.MethodArgumentNotValidException: Validation failed for argument [0] in public org.springframework.http.ResponseEntity<com.ecommerce.api.dto.ClienteDTO> com.ecommerce.api.controller.ClienteController.criar(com.ecommerce.api.dto.ClienteDTO): [Field error in object 'clienteDTO' on field 'email': rejected value [email-invalido]; codes [Email.clienteDTO.email,Email.email,Email.java.lang.String,Email]; arguments [org.springframework.context.support.DefaultMessageSourceResolvable: codes [clienteDTO.email,email]; arguments []; default message [email],[Ljakarta.validation.constraints.Pattern$Flag;@6b2bdbfa,.*]; default message [Email deve ser válido]] ]
2026-07-20 16:52:41 [main] DEBUG o.s.security.web.FilterChainProxy - Securing POST /clientes
2026-07-20 16:52:41 [main] DEBUG o.s.security.web.FilterChainProxy - Secured POST /clientes
2026-07-20 16:52:41 [main] DEBUG o.s.w.s.m.m.a.RequestMappingHandlerMapping - Mapped to com.ecommerce.api.controller.ClienteController#criar(ClienteDTO)
2026-07-20 16:52:41 [main] DEBUG o.s.w.s.m.m.a.RequestResponseBodyMethodProcessor - Read "application/json;charset=UTF-8" to [ClienteDTO(id=1, nome=João Silva, cpf=12345678901, email=joao@example.com, telefone=null, endereco=n (truncated)...]
2026-07-20 16:52:41 [main] DEBUG o.s.w.s.m.m.a.HttpEntityMethodProcessor - Using 'application/json', given [*/*] and supported [application/json, application/*+json, application/yaml]
2026-07-20 16:52:41 [main] DEBUG o.s.w.s.m.m.a.HttpEntityMethodProcessor - Writing [ClienteDTO(id=1, nome=João Silva, cpf=12345678901, email=joao@example.com, telefone=null, endereco=n (truncated)...]
2026-07-20 16:52:41 [main] DEBUG o.s.security.web.FilterChainProxy - Securing GET /clientes/1
2026-07-20 16:52:41 [main] DEBUG o.s.security.web.FilterChainProxy - Secured GET /clientes/1
2026-07-20 16:52:41 [main] DEBUG o.s.w.s.m.m.a.RequestMappingHandlerMapping - Mapped to com.ecommerce.api.controller.ClienteController#obter(Long)
2026-07-20 16:52:41 [main] DEBUG o.s.w.s.m.m.a.HttpEntityMethodProcessor - Using 'application/json', given [*/*] and supported [application/json, application/*+json, application/yaml]
2026-07-20 16:52:41 [main] DEBUG o.s.w.s.m.m.a.HttpEntityMethodProcessor - Writing [ClienteDTO(id=1, nome=João Silva, cpf=12345678901, email=joao@example.com, telefone=null, endereco=n (truncated)...]
2026-07-20 16:52:41 [main] DEBUG o.s.security.web.FilterChainProxy - Securing GET /clientes
2026-07-20 16:52:41 [main] DEBUG o.s.security.web.FilterChainProxy - Secured GET /clientes
2026-07-20 16:52:41 [main] DEBUG o.s.w.s.m.m.a.RequestMappingHandlerMapping - Mapped to com.ecommerce.api.controller.ClienteController#listar(int, int, String, String)
2026-07-20 16:52:41 [main] DEBUG o.s.w.s.m.m.a.HttpEntityMethodProcessor - Using 'application/json', given [*/*] and supported [application/json, application/*+json, application/yaml]
2026-07-20 16:52:41 [main] DEBUG o.s.w.s.m.m.a.HttpEntityMethodProcessor - Writing [Page 1 of 1 containing com.ecommerce.api.dto.ClienteDTO instances]
2026-07-20 16:52:41 [main] DEBUG o.s.security.web.FilterChainProxy - Securing PUT /clientes/1
2026-07-20 16:52:41 [main] DEBUG o.s.security.web.FilterChainProxy - Secured PUT /clientes/1
2026-07-20 16:52:41 [main] DEBUG o.s.w.s.m.m.a.RequestMappingHandlerMapping - Mapped to com.ecommerce.api.controller.ClienteController#atualizar(Long, ClienteDTO)
2026-07-20 16:52:41 [main] DEBUG o.s.w.s.m.m.a.RequestResponseBodyMethodProcessor - Read "application/json;charset=UTF-8" to [ClienteDTO(id=1, nome=João Silva, cpf=12345678901, email=joao@example.com, telefone=null, endereco=n (truncated)...]
2026-07-20 16:52:41 [main] DEBUG o.s.w.s.m.m.a.HttpEntityMethodProcessor - Using 'application/json', given [*/*] and supported [application/json, application/*+json, application/yaml]
2026-07-20 16:52:41 [main] DEBUG o.s.w.s.m.m.a.HttpEntityMethodProcessor - Writing [ClienteDTO(id=1, nome=João Silva, cpf=12345678901, email=joao@example.com, telefone=null, endereco=n (truncated)...]
2026-07-20 16:52:41 [main] DEBUG o.s.security.web.FilterChainProxy - Securing DELETE /clientes/1
2026-07-20 16:52:41 [main] DEBUG o.s.security.web.FilterChainProxy - Secured DELETE /clientes/1
2026-07-20 16:52:41 [main] DEBUG o.s.w.s.m.m.a.RequestMappingHandlerMapping - Mapped to com.ecommerce.api.controller.ClienteController#deletar(Long)
2026-07-20 16:52:41 [main] DEBUG o.s.w.s.m.m.a.HttpEntityMethodProcessor - Using 'application/json', given [*/*] and supported [application/json, application/*+json, application/yaml]
2026-07-20 16:52:41 [main] DEBUG o.s.w.s.m.m.a.HttpEntityMethodProcessor - Nothing to write: null body
2026-07-20 16:52:41 [main] DEBUG o.s.security.web.FilterChainProxy - Securing GET /clientes/todos
2026-07-20 16:52:41 [main] DEBUG o.s.security.web.FilterChainProxy - Secured GET /clientes/todos
2026-07-20 16:52:41 [main] DEBUG o.s.w.s.m.m.a.RequestMappingHandlerMapping - Mapped to com.ecommerce.api.controller.ClienteController#listarTodos()
2026-07-20 16:52:41 [main] DEBUG o.s.w.s.m.m.a.HttpEntityMethodProcessor - Using 'application/json', given [*/*] and supported [application/json, application/*+json, application/yaml]
2026-07-20 16:52:41 [main] DEBUG o.s.w.s.m.m.a.HttpEntityMethodProcessor - Writing [[ClienteDTO(id=1, nome=João Silva, cpf=12345678901, email=joao@example.com, telefone=null, endereco= (truncated)...]
2026-07-20 16:52:42 [main] ERROR c.e.a.e.GlobalExceptionHandler - Recurso não encontrado: Produto não encontrado
2026-07-20 16:52:42 [main] ERROR c.e.a.e.GlobalExceptionHandler - Erro de validação: {nome=não pode estar em branco}
2026-07-20 16:52:42 [main] ERROR c.e.a.e.GlobalExceptionHandler - Erro interno do servidor
java.lang.RuntimeException: Algo inesperado aconteceu
	at com.ecommerce.GlobalExceptionHandlerTest.testHandleGlobalException(GlobalExceptionHandlerTest.java:88)
	at java.base/jdk.internal.reflect.DirectMethodHandleAccessor.invoke(DirectMethodHandleAccessor.java:104)
	at java.base/java.lang.reflect.Method.invoke(Method.java:565)
	at org.junit.platform.commons.util.ReflectionUtils.invokeMethod(ReflectionUtils.java:775)
	at org.junit.platform.commons.support.ReflectionSupport.invokeMethod(ReflectionSupport.java:479)
	at org.junit.jupiter.engine.execution.MethodInvocation.proceed(MethodInvocation.java:60)
	at org.junit.jupiter.engine.execution.InvocationInterceptorChain$ValidatingInvocation.proceed(InvocationInterceptorChain.java:131)
	at org.junit.jupiter.engine.extension.TimeoutExtension.intercept(TimeoutExtension.java:161)
	at org.junit.jupiter.engine.extension.TimeoutExtension.interceptTestableMethod(TimeoutExtension.java:152)
	at org.junit.jupiter.engine.extension.TimeoutExtension.interceptTestMethod(TimeoutExtension.java:91)
	at org.junit.jupiter.engine.execution.InterceptingExecutableInvoker$ReflectiveInterceptorCall.lambda$ofVoidMethod$0(InterceptingExecutableInvoker.java:112)
	at org.junit.jupiter.engine.execution.InterceptingExecutableInvoker.lambda$invoke$0(InterceptingExecutableInvoker.java:94)
	at org.junit.jupiter.engine.execution.InvocationInterceptorChain$InterceptedInvocation.proceed(InvocationInterceptorChain.java:106)
	at org.junit.jupiter.engine.execution.InvocationInterceptorChain.proceed(InvocationInterceptorChain.java:64)
	at org.junit.jupiter.engine.execution.InvocationInterceptorChain.chainAndInvoke(InvocationInterceptorChain.java:45)
	at org.junit.jupiter.engine.execution.InvocationInterceptorChain.invoke(InvocationInterceptorChain.java:37)
	at org.junit.jupiter.engine.execution.InterceptingExecutableInvoker.invoke(InterceptingExecutableInvoker.java:93)
	at org.junit.jupiter.engine.execution.InterceptingExecutableInvoker.invoke(InterceptingExecutableInvoker.java:87)
	at org.junit.jupiter.engine.descriptor.TestMethodTestDescriptor.lambda$invokeTestMethod$7(TestMethodTestDescriptor.java:216)
	at org.junit.platform.engine.support.hierarchical.ThrowableCollector.execute(ThrowableCollector.java:73)
	at org.junit.jupiter.engine.descriptor.TestMethodTestDescriptor.invokeTestMethod(TestMethodTestDescriptor.java:212)
	at org.junit.jupiter.engine.descriptor.TestMethodTestDescriptor.execute(TestMethodTestDescriptor.java:137)
	at org.junit.jupiter.engine.descriptor.TestMethodTestDescriptor.execute(TestMethodTestDescriptor.java:69)
	at org.junit.platform.engine.support.hierarchical.NodeTestTask.lambda$executeRecursively$6(NodeTestTask.java:156)
	at org.junit.platform.engine.support.hierarchical.ThrowableCollector.execute(ThrowableCollector.java:73)
	at org.junit.platform.engine.support.hierarchical.NodeTestTask.lambda$executeRecursively$8(NodeTestTask.java:146)
	at org.junit.platform.engine.support.hierarchical.Node.around(Node.java:137)
	at org.junit.platform.engine.support.hierarchical.NodeTestTask.lambda$executeRecursively$9(NodeTestTask.java:144)
	at org.junit.platform.engine.support.hierarchical.ThrowableCollector.execute(ThrowableCollector.java:73)
	at org.junit.platform.engine.support.hierarchical.NodeTestTask.executeRecursively(NodeTestTask.java:143)
	at org.junit.platform.engine.support.hierarchical.NodeTestTask.execute(NodeTestTask.java:100)
	at java.base/java.util.ArrayList.forEach(ArrayList.java:1604)
	at org.junit.platform.engine.support.hierarchical.SameThreadHierarchicalTestExecutorService.invokeAll(SameThreadHierarchicalTestExecutorService.java:41)
	at org.junit.platform.engine.support.hierarchical.NodeTestTask.lambda$executeRecursively$6(NodeTestTask.java:160)
	at org.junit.platform.engine.support.hierarchical.ThrowableCollector.execute(ThrowableCollector.java:73)
	at org.junit.platform.engine.support.hierarchical.NodeTestTask.lambda$executeRecursively$8(NodeTestTask.java:146)
	at org.junit.platform.engine.support.hierarchical.Node.around(Node.java:137)
	at org.junit.platform.engine.support.hierarchical.NodeTestTask.lambda$executeRecursively$9(NodeTestTask.java:144)
	at org.junit.platform.engine.support.hierarchical.ThrowableCollector.execute(ThrowableCollector.java:73)
	at org.junit.platform.engine.support.hierarchical.NodeTestTask.executeRecursively(NodeTestTask.java:143)
	at org.junit.platform.engine.support.hierarchical.NodeTestTask.execute(NodeTestTask.java:100)
	at java.base/java.util.ArrayList.forEach(ArrayList.java:1604)
	at org.junit.platform.engine.support.hierarchical.SameThreadHierarchicalTestExecutorService.invokeAll(SameThreadHierarchicalTestExecutorService.java:41)
	at org.junit.platform.engine.support.hierarchical.NodeTestTask.lambda$executeRecursively$6(NodeTestTask.java:160)
	at org.junit.platform.engine.support.hierarchical.ThrowableCollector.execute(ThrowableCollector.java:73)
	at org.junit.platform.engine.support.hierarchical.NodeTestTask.lambda$executeRecursively$8(NodeTestTask.java:146)
	at org.junit.platform.engine.support.hierarchical.Node.around(Node.java:137)
	at org.junit.platform.engine.support.hierarchical.NodeTestTask.lambda$executeRecursively$9(NodeTestTask.java:144)
	at org.junit.platform.engine.support.hierarchical.ThrowableCollector.execute(ThrowableCollector.java:73)
	at org.junit.platform.engine.support.hierarchical.NodeTestTask.executeRecursively(NodeTestTask.java:143)
	at org.junit.platform.engine.support.hierarchical.NodeTestTask.execute(NodeTestTask.java:100)
	at org.junit.platform.engine.support.hierarchical.SameThreadHierarchicalTestExecutorService.submit(SameThreadHierarchicalTestExecutorService.java:35)
	at org.junit.platform.engine.support.hierarchical.HierarchicalTestExecutor.execute(HierarchicalTestExecutor.java:57)
	at org.junit.platform.engine.support.hierarchical.HierarchicalTestEngine.execute(HierarchicalTestEngine.java:54)
	at org.junit.platform.launcher.core.EngineExecutionOrchestrator.execute(EngineExecutionOrchestrator.java:201)
	at org.junit.platform.launcher.core.EngineExecutionOrchestrator.execute(EngineExecutionOrchestrator.java:170)
	at org.junit.platform.launcher.core.EngineExecutionOrchestrator.execute(EngineExecutionOrchestrator.java:94)
	at org.junit.platform.launcher.core.EngineExecutionOrchestrator.lambda$execute$0(EngineExecutionOrchestrator.java:59)
	at org.junit.platform.launcher.core.EngineExecutionOrchestrator.withInterceptedStreams(EngineExecutionOrchestrator.java:142)
	at org.junit.platform.launcher.core.EngineExecutionOrchestrator.execute(EngineExecutionOrchestrator.java:58)
	at org.junit.platform.launcher.core.DefaultLauncher.execute(DefaultLauncher.java:103)
	at org.junit.platform.launcher.core.DefaultLauncher.execute(DefaultLauncher.java:85)
	at org.junit.platform.launcher.core.DelegatingLauncher.execute(DelegatingLauncher.java:47)
	at org.junit.platform.launcher.core.InterceptingLauncher.lambda$execute$1(InterceptingLauncher.java:39)
	at org.junit.platform.launcher.core.ClasspathAlignmentCheckingLauncherInterceptor.intercept(ClasspathAlignmentCheckingLauncherInterceptor.java:25)
	at org.junit.platform.launcher.core.InterceptingLauncher.execute(InterceptingLauncher.java:38)
	at org.junit.platform.launcher.core.DelegatingLauncher.execute(DelegatingLauncher.java:47)
	at org.apache.maven.surefire.junitplatform.LazyLauncher.execute(LazyLauncher.java:56)
	at org.apache.maven.surefire.junitplatform.JUnitPlatformProvider.execute(JUnitPlatformProvider.java:184)
	at org.apache.maven.surefire.junitplatform.JUnitPlatformProvider.invokeAllTests(JUnitPlatformProvider.java:148)
	at org.apache.maven.surefire.junitplatform.JUnitPlatformProvider.invoke(JUnitPlatformProvider.java:122)
	at org.apache.maven.surefire.booter.ForkedBooter.runSuitesInProcess(ForkedBooter.java:385)
	at org.apache.maven.surefire.booter.ForkedBooter.execute(ForkedBooter.java:162)
	at org.apache.maven.surefire.booter.ForkedBooter.run(ForkedBooter.java:507)
	at org.apache.maven.surefire.booter.ForkedBooter.main(ForkedBooter.java:495)
2026-07-20 16:52:42 [main] ERROR c.e.a.e.GlobalExceptionHandler - Argumento inválido: Email já cadastrado
2026-07-20 16:52:42 [main] DEBUG c.ecommerce.api.security.JwtProvider - Gerando token JWT para usuário: usuario@teste.com
2026-07-20 16:52:43 [main] WARN  c.ecommerce.api.security.JwtProvider - Erro ao verificar expiração do token: Malformed protected header JSON: Unable to deserialize: Unexpected character ('�' (code 65533 / 0xfffd)): expected a valid value (JSON String, Number, Array, Object or token 'null', 'true' or 'false')
 at [Source: REDACTED (`StreamReadFeature.INCLUDE_SOURCE_IN_LOCATION` disabled); line: 1, column: 1]
2026-07-20 16:52:43 [main] DEBUG c.ecommerce.api.security.JwtProvider - Gerando token JWT para usuário: usuario@teste.com
2026-07-20 16:52:43 [main] WARN  c.ecommerce.api.security.JwtProvider - Token JWT inválido: Malformed protected header JSON: Unable to deserialize: Unexpected character ('�' (code 65533 / 0xfffd)): expected a valid value (JSON String, Number, Array, Object or token 'null', 'true' or 'false')
 at [Source: REDACTED (`StreamReadFeature.INCLUDE_SOURCE_IN_LOCATION` disabled); line: 1, column: 1]
2026-07-20 16:52:43 [main] DEBUG c.ecommerce.api.security.JwtProvider - Gerando token JWT para usuário: usuario@teste.com
2026-07-20 16:52:43 [main] ERROR c.ecommerce.api.security.JwtProvider - Erro ao extrair userId do token: Invalid compact JWT string: Compact JWSs must contain exactly 2 period characters, and compact JWEs must contain exactly 4.  Found: 0
2026-07-20 16:52:43 [main] DEBUG c.ecommerce.api.security.JwtProvider - Gerando token JWT para usuário: usuario@teste.com
2026-07-20 16:52:43 [main] WARN  c.ecommerce.api.security.JwtProvider - Erro ao verificar expiração do token: JWT expired 1326 milliseconds ago at 2026-07-20T19:52:42.000Z. Current time: 2026-07-20T19:52:43.326Z. Allowed clock skew: 0 milliseconds.
2026-07-20 16:52:43 [main] DEBUG c.ecommerce.api.security.JwtProvider - Gerando token JWT para usuário: usuario@teste.com
2026-07-20 16:52:43 [main] DEBUG c.ecommerce.api.security.JwtProvider - Token JWT válido
2026-07-20 16:52:43 [main] DEBUG c.ecommerce.api.security.JwtProvider - Gerando token JWT para usuário: usuario@teste.com
2026-07-20 16:52:43 [main] ERROR c.ecommerce.api.security.JwtProvider - Erro ao extrair email do token: Invalid compact JWT string: Compact JWSs must contain exactly 2 period characters, and compact JWEs must contain exactly 4.  Found: 0
2026-07-20 16:52:43 [main] INFO  o.s.t.c.s.AnnotationConfigContextLoaderUtils - Could not detect default configuration classes for test class [com.ecommerce.PagamentoControllerTest]: PagamentoControllerTest does not declare any static, non-private, non-final, nested classes annotated with @Configuration.
2026-07-20 16:52:43 [main] INFO  o.s.b.t.c.SpringBootTestContextBootstrapper - Found @SpringBootConfiguration com.ecommerce.Application for test class com.ecommerce.PagamentoControllerTest
2026-07-20 16:52:43 [main] INFO  o.s.b.d.r.RestartApplicationListener - Restart disabled due to context in which it is running
2026-07-20 16:52:43 [main] INFO  c.ecommerce.PagamentoControllerTest - Starting PagamentoControllerTest using Java 25.0.2 with PID 29920 (started by PabloBezerradaSilva in C:\Users\PabloBezerradaSilva\Documents\Java\fourcamp26-pablosilva\ecommerce-api)
2026-07-20 16:52:43 [main] DEBUG c.ecommerce.PagamentoControllerTest - Running with Spring Boot v3.5.16, Spring v6.2.19
2026-07-20 16:52:43 [main] INFO  c.ecommerce.PagamentoControllerTest - No active profile set, falling back to 1 default profile: "default"
2026-07-20 16:52:43 [main] DEBUG o.s.w.c.s.GenericWebApplicationContext - Refreshing org.springframework.web.context.support.GenericWebApplicationContext@39853799
2026-07-20 16:52:44 [main] INFO  o.s.d.r.c.RepositoryConfigurationDelegate - Bootstrapping Spring Data JPA repositories in DEFAULT mode.
2026-07-20 16:52:44 [main] INFO  o.s.d.r.c.RepositoryConfigurationDelegate - Finished Spring Data repository scanning in 72 ms. Found 6 JPA repository interfaces.
2026-07-20 16:52:45 [main] INFO  o.h.jpa.internal.util.LogHelper - HHH000204: Processing PersistenceUnitInfo [name: default]
2026-07-20 16:52:45 [main] INFO  o.h.c.i.RegionFactoryInitiator - HHH000026: Second-level cache disabled
2026-07-20 16:52:45 [main] INFO  o.s.o.j.p.SpringPersistenceUnitInfo - No LoadTimeWeaver setup: ignoring JPA class transformer
2026-07-20 16:52:45 [main] INFO  com.zaxxer.hikari.HikariDataSource - HikariPool-4 - Starting...
2026-07-20 16:52:45 [main] INFO  com.zaxxer.hikari.pool.HikariPool - HikariPool-4 - Added connection conn30: url=jdbc:h2:mem:ecommercedb user=SA
2026-07-20 16:52:45 [main] INFO  com.zaxxer.hikari.HikariDataSource - HikariPool-4 - Start completed.
2026-07-20 16:52:45 [main] WARN  org.hibernate.orm.deprecation - HHH90000025: H2Dialect does not need to be specified explicitly using 'hibernate.dialect' (remove the property setting and it will be selected by default)
2026-07-20 16:52:45 [main] INFO  o.hibernate.orm.connections.pooling - HHH10001005: Database info:
	Database JDBC URL [Connecting through datasource 'HikariDataSource (HikariPool-4)']
	Database driver: undefined/unknown
	Database version: 2.3.232
	Autocommit mode: undefined/unknown
	Isolation level: undefined/unknown
	Minimum pool size: undefined/unknown
	Maximum pool size: undefined/unknown
2026-07-20 16:52:45 [main] INFO  o.h.e.t.j.p.i.JtaPlatformInitiator - HHH000489: No JTA platform available (set 'hibernate.transaction.jta.platform' to enable JTA platform integration)
2026-07-20 16:52:45 [main] DEBUG org.hibernate.SQL - 
    drop table if exists categorias cascade 
2026-07-20 16:52:45 [main] DEBUG org.hibernate.SQL - 
    drop table if exists clientes cascade 
2026-07-20 16:52:45 [main] DEBUG org.hibernate.SQL - 
    drop table if exists itens_pedido cascade 
2026-07-20 16:52:45 [main] DEBUG org.hibernate.SQL - 
    drop table if exists pagamentos cascade 
2026-07-20 16:52:45 [main] DEBUG org.hibernate.SQL - 
    drop table if exists pedidos cascade 
2026-07-20 16:52:45 [main] DEBUG org.hibernate.SQL - 
    drop table if exists produtos cascade 
2026-07-20 16:52:45 [main] DEBUG org.hibernate.SQL - 
    drop table if exists usuarios cascade 
2026-07-20 16:52:45 [main] DEBUG org.hibernate.SQL - 
    create table categorias (
        ativo boolean not null,
        id bigint generated by default as identity,
        nome varchar(100) not null,
        descricao TEXT,
        primary key (id)
    )
2026-07-20 16:52:45 [main] DEBUG org.hibernate.SQL - 
    create table clientes (
        ativo boolean not null,
        data_atualizacao timestamp(6),
        data_criacao timestamp(6) not null,
        id bigint generated by default as identity,
        cpf varchar(11) not null unique,
        telefone varchar(20),
        email varchar(255) not null unique,
        endereco TEXT,
        nome varchar(255) not null,
        primary key (id)
    )
2026-07-20 16:52:45 [main] DEBUG org.hibernate.SQL - 
    create table itens_pedido (
        preco_unitario numeric(10,2) not null,
        quantidade integer not null,
        id bigint generated by default as identity,
        pedido_id bigint not null,
        produto_id bigint not null,
        primary key (id)
    )
2026-07-20 16:52:45 [main] DEBUG org.hibernate.SQL - 
    create table pagamentos (
        valor float(53) not null,
        data_criacao timestamp(6) not null,
        id bigint generated by default as identity,
        pedido_id bigint not null,
        metodo varchar(50) not null,
        status enum ('APROVADO','PENDENTE','RECUSADO','REEMBOLSADO') not null,
        primary key (id)
    )
2026-07-20 16:52:45 [main] DEBUG org.hibernate.SQL - 
    create table pedidos (
        total float(53) not null,
        cliente_id bigint not null,
        data_atualizacao timestamp(6),
        data_criacao timestamp(6) not null,
        id bigint generated by default as identity,
        status enum ('CANCELADO','CONFIRMADO','ENTREGUE','ENVIADO','PENDENTE') not null,
        primary key (id)
    )
2026-07-20 16:52:45 [main] DEBUG org.hibernate.SQL - 
    create table produtos (
        ativo boolean not null,
        estoque integer not null,
        preco numeric(38,2) not null,
        categoria_id bigint not null,
        id bigint generated by default as identity,
        descricao TEXT,
        nome varchar(255) not null,
        primary key (id)
    )
2026-07-20 16:52:45 [main] DEBUG org.hibernate.SQL - 
    create table usuarios (
        ativo boolean not null,
        id bigint generated by default as identity,
        email varchar(255) not null unique,
        nome varchar(255) not null,
        senha varchar(255) not null,
        papel enum ('ADMIN','USER') not null,
        primary key (id)
    )
2026-07-20 16:52:45 [main] DEBUG org.hibernate.SQL - 
    alter table if exists itens_pedido 
       add constraint FK42mycompce3b7yt3l6ukdwsxy 
       foreign key (pedido_id) 
       references pedidos
2026-07-20 16:52:45 [main] DEBUG org.hibernate.SQL - 
    alter table if exists itens_pedido 
       add constraint FKxytdlekpdaobqphujy9bmuhl 
       foreign key (produto_id) 
       references produtos
2026-07-20 16:52:45 [main] DEBUG org.hibernate.SQL - 
    alter table if exists pagamentos 
       add constraint FKb0dh6865y8h4irwdrl4ici3kl 
       foreign key (pedido_id) 
       references pedidos
2026-07-20 16:52:45 [main] DEBUG org.hibernate.SQL - 
    alter table if exists pedidos 
       add constraint FKg7202lk0hwxn04bmdl2thth5b 
       foreign key (cliente_id) 
       references clientes
2026-07-20 16:52:45 [main] DEBUG org.hibernate.SQL - 
    alter table if exists produtos 
       add constraint FK8rqw0ljwdaom34jr2t46bjtrn 
       foreign key (categoria_id) 
       references categorias
2026-07-20 16:52:45 [main] INFO  o.s.o.j.LocalContainerEntityManagerFactoryBean - Initialized JPA EntityManagerFactory for persistence unit 'default'
2026-07-20 16:52:45 [main] DEBUG o.s.w.s.m.m.a.RequestMappingHandlerMapping - 45 mappings in 'requestMappingHandlerMapping'
2026-07-20 16:52:45 [main] DEBUG o.s.w.s.h.SimpleUrlHandlerMapping - Patterns [/h2-console] in 'viewControllerHandlerMapping'
2026-07-20 16:52:45 [main] DEBUG o.s.w.s.h.SimpleUrlHandlerMapping - Patterns [/webjars/**, /**, /swagger-ui/**, /swagger-ui/*swagger-initializer.js, /webjars/*swagger-ui/**, /webjars/*swagger-ui/*swagger-initializer.js, /webjars/*swagger-ui/5.32.2/*swagger-initializer.js] in 'resourceHandlerMapping'
2026-07-20 16:52:45 [main] DEBUG o.s.s.c.a.a.c.AuthenticationConfiguration$DefaultPasswordEncoderAuthenticationManagerBuilder - No authenticationProviders and no parentAuthenticationManager defined. Returning null.
2026-07-20 16:52:45 [main] DEBUG o.s.s.web.DefaultSecurityFilterChain - Will secure any request with filters: DisableEncodeUrlFilter, WebAsyncManagerIntegrationFilter, SecurityContextHolderFilter, HeaderWriterFilter, LogoutFilter, JwtAuthenticationFilter, RequestCacheAwareFilter, SecurityContextHolderAwareRequestFilter, AnonymousAuthenticationFilter, SessionManagementFilter, ExceptionTranslationFilter, AuthorizationFilter
2026-07-20 16:52:45 [main] DEBUG o.s.w.s.m.m.a.RequestMappingHandlerAdapter - ControllerAdvice beans: 0 @ModelAttribute, 0 @InitBinder, 1 RequestBodyAdvice, 1 ResponseBodyAdvice
2026-07-20 16:52:45 [main] DEBUG o.s.w.s.m.m.a.ExceptionHandlerExceptionResolver - ControllerAdvice beans: 2 @ExceptionHandler, 1 ResponseBodyAdvice
2026-07-20 16:52:45 [main] DEBUG c.e.a.s.JwtAuthenticationFilter - Filter 'jwtAuthenticationFilter' configured for use
2026-07-20 16:52:45 [main] INFO  o.s.b.t.m.w.SpringBootMockServletContext - Initializing Spring TestDispatcherServlet ''
2026-07-20 16:52:45 [main] INFO  o.s.t.w.s.TestDispatcherServlet - Initializing Servlet ''
2026-07-20 16:52:45 [main] INFO  o.s.t.w.s.TestDispatcherServlet - Completed initialization in 1 ms
2026-07-20 16:52:45 [main] INFO  c.ecommerce.PagamentoControllerTest - Started PagamentoControllerTest in 2.309 seconds (process running for 42.79)
2026-07-20 16:52:45 [main] WARN  o.s.c.events.SpringDocAppInitializer - SpringDoc /v3/api-docs endpoint is enabled by default. To disable it in production, set the property 'springdoc.api-docs.enabled=false'
2026-07-20 16:52:45 [main] DEBUG o.s.security.web.FilterChainProxy - Securing GET /pagamentos/999
2026-07-20 16:52:45 [main] DEBUG o.s.security.web.FilterChainProxy - Secured GET /pagamentos/999
2026-07-20 16:52:45 [main] DEBUG o.s.w.s.m.m.a.RequestMappingHandlerMapping - Mapped to com.ecommerce.api.controller.PagamentoController#obterPorId(Long)
2026-07-20 16:52:45 [main] DEBUG o.s.w.s.m.m.a.ExceptionHandlerExceptionResolver - Using @ExceptionHandler com.ecommerce.api.exception.GlobalExceptionHandler#handleRecursoNaoEncontrado(RecursoNaoEncontradoException, WebRequest)
2026-07-20 16:52:45 [main] ERROR c.e.a.e.GlobalExceptionHandler - Recurso não encontrado: Pagamento não encontrado
2026-07-20 16:52:45 [main] DEBUG o.s.w.s.m.m.a.HttpEntityMethodProcessor - Using 'application/json', given [*/*] and supported [application/json, application/*+json, application/yaml]
2026-07-20 16:52:45 [main] DEBUG o.s.w.s.m.m.a.HttpEntityMethodProcessor - Writing [ErrorResponse(timestamp=2026-07-20T16:52:45.900685600, status=404, erro=Recurso não encontrado, mens (truncated)...]
2026-07-20 16:52:45 [main] DEBUG o.s.w.s.m.m.a.ExceptionHandlerExceptionResolver - Resolved [com.ecommerce.api.exception.RecursoNaoEncontradoException: Pagamento não encontrado]
2026-07-20 16:52:45 [main] DEBUG o.s.security.web.FilterChainProxy - Securing POST /pagamentos
2026-07-20 16:52:45 [main] DEBUG o.s.security.web.FilterChainProxy - Secured POST /pagamentos
2026-07-20 16:52:45 [main] DEBUG o.s.w.s.m.m.a.RequestMappingHandlerMapping - Mapped to com.ecommerce.api.controller.PagamentoController#criar(PagamentoDTO)
2026-07-20 16:52:45 [main] DEBUG o.s.w.s.m.m.a.RequestResponseBodyMethodProcessor - Read "application/json;charset=UTF-8" to [PagamentoDTO(id=1, pedidoId=10, valor=150.0, metodo=CARTAO, status=PENDENTE, dataCriacao=null)]
2026-07-20 16:52:45 [main] DEBUG o.s.w.s.m.m.a.HttpEntityMethodProcessor - Using 'application/json', given [*/*] and supported [application/json, application/*+json, application/yaml]
2026-07-20 16:52:45 [main] DEBUG o.s.w.s.m.m.a.HttpEntityMethodProcessor - Writing [PagamentoDTO(id=1, pedidoId=10, valor=150.0, metodo=CARTAO, status=PENDENTE, dataCriacao=null)]
2026-07-20 16:52:45 [main] DEBUG o.s.security.web.FilterChainProxy - Securing POST /pagamentos
2026-07-20 16:52:45 [main] DEBUG o.s.security.web.FilterChainProxy - Secured POST /pagamentos
2026-07-20 16:52:45 [main] DEBUG o.s.w.s.m.m.a.RequestMappingHandlerMapping - Mapped to com.ecommerce.api.controller.PagamentoController#criar(PagamentoDTO)
2026-07-20 16:52:45 [main] DEBUG o.s.w.s.m.m.a.RequestResponseBodyMethodProcessor - Read "application/json;charset=UTF-8" to [PagamentoDTO(id=null, pedidoId=10, valor=50.0, metodo=null, status=null, dataCriacao=null)]
2026-07-20 16:52:45 [main] DEBUG o.s.w.s.m.m.a.ExceptionHandlerExceptionResolver - Using @ExceptionHandler com.ecommerce.api.exception.GlobalExceptionHandler#handleValidationExceptions(MethodArgumentNotValidException, WebRequest)
2026-07-20 16:52:45 [main] ERROR c.e.a.e.GlobalExceptionHandler - Erro de validação: {metodo=Método de pagamento é obrigatório}
2026-07-20 16:52:45 [main] DEBUG o.s.w.s.m.m.a.HttpEntityMethodProcessor - Using 'application/json', given [*/*] and supported [application/json, application/*+json, application/yaml]
2026-07-20 16:52:45 [main] DEBUG o.s.w.s.m.m.a.HttpEntityMethodProcessor - Writing [ErrorResponse(timestamp=2026-07-20T16:52:45.985498400, status=400, erro=Erro de validação, mensagem= (truncated)...]
2026-07-20 16:52:45 [main] DEBUG o.s.w.s.m.m.a.ExceptionHandlerExceptionResolver - Resolved [org.springframework.web.bind.MethodArgumentNotValidException: Validation failed for argument [0] in public org.springframework.http.ResponseEntity<com.ecommerce.api.dto.PagamentoDTO> com.ecommerce.api.controller.PagamentoController.criar(com.ecommerce.api.dto.PagamentoDTO): [Field error in object 'pagamentoDTO' on field 'metodo': rejected value [null]; codes [NotBlank.pagamentoDTO.metodo,NotBlank.metodo,NotBlank.java.lang.String,NotBlank]; arguments [org.springframework.context.support.DefaultMessageSourceResolvable: codes [pagamentoDTO.metodo,metodo]; arguments []; default message [metodo]]; default message [Método de pagamento é obrigatório]] ]
2026-07-20 16:52:46 [main] DEBUG o.s.security.web.FilterChainProxy - Securing GET /pagamentos
2026-07-20 16:52:46 [main] DEBUG o.s.security.web.FilterChainProxy - Secured GET /pagamentos
2026-07-20 16:52:46 [main] DEBUG o.s.w.s.m.m.a.RequestMappingHandlerMapping - Mapped to com.ecommerce.api.controller.PagamentoController#listar(int, int, String, String)
2026-07-20 16:52:46 [main] DEBUG o.s.w.s.m.m.a.HttpEntityMethodProcessor - Using 'application/json', given [*/*] and supported [application/json, application/*+json, application/yaml]
2026-07-20 16:52:46 [main] DEBUG o.s.w.s.m.m.a.HttpEntityMethodProcessor - Writing [Page 1 of 1 containing com.ecommerce.api.dto.PagamentoDTO instances]
2026-07-20 16:52:46 [main] DEBUG o.s.security.web.FilterChainProxy - Securing GET /pagamentos/1
2026-07-20 16:52:46 [main] DEBUG o.s.security.web.FilterChainProxy - Secured GET /pagamentos/1
2026-07-20 16:52:46 [main] DEBUG o.s.w.s.m.m.a.RequestMappingHandlerMapping - Mapped to com.ecommerce.api.controller.PagamentoController#obterPorId(Long)
2026-07-20 16:52:46 [main] DEBUG o.s.w.s.m.m.a.HttpEntityMethodProcessor - Using 'application/json', given [*/*] and supported [application/json, application/*+json, application/yaml]
2026-07-20 16:52:46 [main] DEBUG o.s.w.s.m.m.a.HttpEntityMethodProcessor - Writing [PagamentoDTO(id=1, pedidoId=10, valor=150.0, metodo=CARTAO, status=PENDENTE, dataCriacao=null)]
2026-07-20 16:52:46 [main] DEBUG o.s.security.web.FilterChainProxy - Securing PUT /pagamentos/1
2026-07-20 16:52:46 [main] DEBUG o.s.security.web.FilterChainProxy - Secured PUT /pagamentos/1
2026-07-20 16:52:46 [main] DEBUG o.s.w.s.m.m.a.RequestMappingHandlerMapping - Mapped to com.ecommerce.api.controller.PagamentoController#atualizar(Long, PagamentoDTO)
2026-07-20 16:52:46 [main] DEBUG o.s.w.s.m.m.a.RequestResponseBodyMethodProcessor - Read "application/json;charset=UTF-8" to [PagamentoDTO(id=1, pedidoId=10, valor=150.0, metodo=CARTAO, status=PENDENTE, dataCriacao=null)]
2026-07-20 16:52:46 [main] DEBUG o.s.w.s.m.m.a.HttpEntityMethodProcessor - Using 'application/json', given [*/*] and supported [application/json, application/*+json, application/yaml]
2026-07-20 16:52:46 [main] DEBUG o.s.w.s.m.m.a.HttpEntityMethodProcessor - Writing [PagamentoDTO(id=1, pedidoId=10, valor=150.0, metodo=CARTAO, status=PENDENTE, dataCriacao=null)]
2026-07-20 16:52:46 [main] DEBUG o.s.security.web.FilterChainProxy - Securing DELETE /pagamentos/1
2026-07-20 16:52:46 [main] DEBUG o.s.security.web.FilterChainProxy - Secured DELETE /pagamentos/1
2026-07-20 16:52:46 [main] DEBUG o.s.w.s.m.m.a.RequestMappingHandlerMapping - Mapped to com.ecommerce.api.controller.PagamentoController#deletar(Long)
2026-07-20 16:52:46 [main] DEBUG o.s.w.s.m.m.a.HttpEntityMethodProcessor - Using 'application/json', given [*/*] and supported [application/json, application/*+json, application/yaml]
2026-07-20 16:52:46 [main] DEBUG o.s.w.s.m.m.a.HttpEntityMethodProcessor - Nothing to write: null body
2026-07-20 16:52:46 [main] DEBUG o.s.security.web.FilterChainProxy - Securing GET /pagamentos/todos
2026-07-20 16:52:46 [main] DEBUG o.s.security.web.FilterChainProxy - Secured GET /pagamentos/todos
2026-07-20 16:52:46 [main] DEBUG o.s.w.s.m.m.a.RequestMappingHandlerMapping - Mapped to com.ecommerce.api.controller.PagamentoController#listarTodos()
2026-07-20 16:52:46 [main] DEBUG o.s.w.s.m.m.a.HttpEntityMethodProcessor - Using 'application/json', given [*/*] and supported [application/json, application/*+json, application/yaml]
2026-07-20 16:52:46 [main] DEBUG o.s.w.s.m.m.a.HttpEntityMethodProcessor - Writing [[PagamentoDTO(id=1, pedidoId=10, valor=150.0, metodo=CARTAO, status=PENDENTE, dataCriacao=null)]]
2026-07-20 16:52:46 [main] DEBUG o.s.security.web.FilterChainProxy - Securing PATCH /pagamentos/1/status
2026-07-20 16:52:46 [main] DEBUG o.s.security.web.FilterChainProxy - Secured PATCH /pagamentos/1/status
2026-07-20 16:52:46 [main] DEBUG o.s.w.s.m.m.a.RequestMappingHandlerMapping - Mapped to com.ecommerce.api.controller.PagamentoController#atualizarStatus(Long, StatusPagamento)
2026-07-20 16:52:46 [main] DEBUG o.s.w.s.m.m.a.HttpEntityMethodProcessor - Using 'application/json', given [*/*] and supported [application/json, application/*+json, application/yaml]
2026-07-20 16:52:46 [main] DEBUG o.s.w.s.m.m.a.HttpEntityMethodProcessor - Writing [PagamentoDTO(id=1, pedidoId=10, valor=150.0, metodo=CARTAO, status=PENDENTE, dataCriacao=null)]
2026-07-20 16:52:46 [main] INFO  o.s.t.c.s.AnnotationConfigContextLoaderUtils - Could not detect default configuration classes for test class [com.ecommerce.PedidoControllerTest]: PedidoControllerTest does not declare any static, non-private, non-final, nested classes annotated with @Configuration.
2026-07-20 16:52:46 [main] INFO  o.s.b.t.c.SpringBootTestContextBootstrapper - Found @SpringBootConfiguration com.ecommerce.Application for test class com.ecommerce.PedidoControllerTest
2026-07-20 16:52:46 [main] INFO  o.s.b.d.r.RestartApplicationListener - Restart disabled due to context in which it is running
2026-07-20 16:52:46 [main] INFO  com.ecommerce.PedidoControllerTest - Starting PedidoControllerTest using Java 25.0.2 with PID 29920 (started by PabloBezerradaSilva in C:\Users\PabloBezerradaSilva\Documents\Java\fourcamp26-pablosilva\ecommerce-api)
2026-07-20 16:52:46 [main] DEBUG com.ecommerce.PedidoControllerTest - Running with Spring Boot v3.5.16, Spring v6.2.19
2026-07-20 16:52:46 [main] INFO  com.ecommerce.PedidoControllerTest - No active profile set, falling back to 1 default profile: "default"
2026-07-20 16:52:46 [main] DEBUG o.s.w.c.s.GenericWebApplicationContext - Refreshing org.springframework.web.context.support.GenericWebApplicationContext@338c4622
2026-07-20 16:52:47 [main] INFO  o.s.d.r.c.RepositoryConfigurationDelegate - Bootstrapping Spring Data JPA repositories in DEFAULT mode.
2026-07-20 16:52:47 [main] INFO  o.s.d.r.c.RepositoryConfigurationDelegate - Finished Spring Data repository scanning in 49 ms. Found 6 JPA repository interfaces.
2026-07-20 16:52:47 [main] INFO  o.h.jpa.internal.util.LogHelper - HHH000204: Processing PersistenceUnitInfo [name: default]
2026-07-20 16:52:47 [main] INFO  o.h.c.i.RegionFactoryInitiator - HHH000026: Second-level cache disabled
2026-07-20 16:52:47 [main] INFO  o.s.o.j.p.SpringPersistenceUnitInfo - No LoadTimeWeaver setup: ignoring JPA class transformer
2026-07-20 16:52:47 [main] INFO  com.zaxxer.hikari.HikariDataSource - HikariPool-5 - Starting...
2026-07-20 16:52:47 [main] INFO  com.zaxxer.hikari.pool.HikariPool - HikariPool-5 - Added connection conn40: url=jdbc:h2:mem:ecommercedb user=SA
2026-07-20 16:52:47 [main] INFO  com.zaxxer.hikari.HikariDataSource - HikariPool-5 - Start completed.
2026-07-20 16:52:47 [main] WARN  org.hibernate.orm.deprecation - HHH90000025: H2Dialect does not need to be specified explicitly using 'hibernate.dialect' (remove the property setting and it will be selected by default)
2026-07-20 16:52:47 [main] INFO  o.hibernate.orm.connections.pooling - HHH10001005: Database info:
	Database JDBC URL [Connecting through datasource 'HikariDataSource (HikariPool-5)']
	Database driver: undefined/unknown
	Database version: 2.3.232
	Autocommit mode: undefined/unknown
	Isolation level: undefined/unknown
	Minimum pool size: undefined/unknown
	Maximum pool size: undefined/unknown
2026-07-20 16:52:47 [main] INFO  o.h.e.t.j.p.i.JtaPlatformInitiator - HHH000489: No JTA platform available (set 'hibernate.transaction.jta.platform' to enable JTA platform integration)
2026-07-20 16:52:47 [main] DEBUG org.hibernate.SQL - 
    drop table if exists categorias cascade 
2026-07-20 16:52:47 [main] DEBUG org.hibernate.SQL - 
    drop table if exists clientes cascade 
2026-07-20 16:52:47 [main] DEBUG org.hibernate.SQL - 
    drop table if exists itens_pedido cascade 
2026-07-20 16:52:47 [main] DEBUG org.hibernate.SQL - 
    drop table if exists pagamentos cascade 
2026-07-20 16:52:47 [main] DEBUG org.hibernate.SQL - 
    drop table if exists pedidos cascade 
2026-07-20 16:52:47 [main] DEBUG org.hibernate.SQL - 
    drop table if exists produtos cascade 
2026-07-20 16:52:47 [main] DEBUG org.hibernate.SQL - 
    drop table if exists usuarios cascade 
2026-07-20 16:52:47 [main] DEBUG org.hibernate.SQL - 
    create table categorias (
        ativo boolean not null,
        id bigint generated by default as identity,
        nome varchar(100) not null,
        descricao TEXT,
        primary key (id)
    )
2026-07-20 16:52:47 [main] DEBUG org.hibernate.SQL - 
    create table clientes (
        ativo boolean not null,
        data_atualizacao timestamp(6),
        data_criacao timestamp(6) not null,
        id bigint generated by default as identity,
        cpf varchar(11) not null unique,
        telefone varchar(20),
        email varchar(255) not null unique,
        endereco TEXT,
        nome varchar(255) not null,
        primary key (id)
    )
2026-07-20 16:52:47 [main] DEBUG org.hibernate.SQL - 
    create table itens_pedido (
        preco_unitario numeric(10,2) not null,
        quantidade integer not null,
        id bigint generated by default as identity,
        pedido_id bigint not null,
        produto_id bigint not null,
        primary key (id)
    )
2026-07-20 16:52:47 [main] DEBUG org.hibernate.SQL - 
    create table pagamentos (
        valor float(53) not null,
        data_criacao timestamp(6) not null,
        id bigint generated by default as identity,
        pedido_id bigint not null,
        metodo varchar(50) not null,
        status enum ('APROVADO','PENDENTE','RECUSADO','REEMBOLSADO') not null,
        primary key (id)
    )
2026-07-20 16:52:47 [main] DEBUG org.hibernate.SQL - 
    create table pedidos (
        total float(53) not null,
        cliente_id bigint not null,
        data_atualizacao timestamp(6),
        data_criacao timestamp(6) not null,
        id bigint generated by default as identity,
        status enum ('CANCELADO','CONFIRMADO','ENTREGUE','ENVIADO','PENDENTE') not null,
        primary key (id)
    )
2026-07-20 16:52:47 [main] DEBUG org.hibernate.SQL - 
    create table produtos (
        ativo boolean not null,
        estoque integer not null,
        preco numeric(38,2) not null,
        categoria_id bigint not null,
        id bigint generated by default as identity,
        descricao TEXT,
        nome varchar(255) not null,
        primary key (id)
    )
2026-07-20 16:52:47 [main] DEBUG org.hibernate.SQL - 
    create table usuarios (
        ativo boolean not null,
        id bigint generated by default as identity,
        email varchar(255) not null unique,
        nome varchar(255) not null,
        senha varchar(255) not null,
        papel enum ('ADMIN','USER') not null,
        primary key (id)
    )
2026-07-20 16:52:47 [main] DEBUG org.hibernate.SQL - 
    alter table if exists itens_pedido 
       add constraint FK42mycompce3b7yt3l6ukdwsxy 
       foreign key (pedido_id) 
       references pedidos
2026-07-20 16:52:47 [main] DEBUG org.hibernate.SQL - 
    alter table if exists itens_pedido 
       add constraint FKxytdlekpdaobqphujy9bmuhl 
       foreign key (produto_id) 
       references produtos
2026-07-20 16:52:47 [main] DEBUG org.hibernate.SQL - 
    alter table if exists pagamentos 
       add constraint FKb0dh6865y8h4irwdrl4ici3kl 
       foreign key (pedido_id) 
       references pedidos
2026-07-20 16:52:47 [main] DEBUG org.hibernate.SQL - 
    alter table if exists pedidos 
       add constraint FKg7202lk0hwxn04bmdl2thth5b 
       foreign key (cliente_id) 
       references clientes
2026-07-20 16:52:47 [main] DEBUG org.hibernate.SQL - 
    alter table if exists produtos 
       add constraint FK8rqw0ljwdaom34jr2t46bjtrn 
       foreign key (categoria_id) 
       references categorias
2026-07-20 16:52:47 [main] INFO  o.s.o.j.LocalContainerEntityManagerFactoryBean - Initialized JPA EntityManagerFactory for persistence unit 'default'
2026-07-20 16:52:48 [main] DEBUG o.s.w.s.m.m.a.RequestMappingHandlerMapping - 45 mappings in 'requestMappingHandlerMapping'
2026-07-20 16:52:48 [main] DEBUG o.s.w.s.h.SimpleUrlHandlerMapping - Patterns [/h2-console] in 'viewControllerHandlerMapping'
2026-07-20 16:52:48 [main] DEBUG o.s.w.s.h.SimpleUrlHandlerMapping - Patterns [/webjars/**, /**, /swagger-ui/**, /swagger-ui/*swagger-initializer.js, /webjars/*swagger-ui/**, /webjars/*swagger-ui/*swagger-initializer.js, /webjars/*swagger-ui/5.32.2/*swagger-initializer.js] in 'resourceHandlerMapping'
2026-07-20 16:52:48 [main] DEBUG o.s.s.c.a.a.c.AuthenticationConfiguration$DefaultPasswordEncoderAuthenticationManagerBuilder - No authenticationProviders and no parentAuthenticationManager defined. Returning null.
2026-07-20 16:52:48 [main] DEBUG o.s.s.web.DefaultSecurityFilterChain - Will secure any request with filters: DisableEncodeUrlFilter, WebAsyncManagerIntegrationFilter, SecurityContextHolderFilter, HeaderWriterFilter, LogoutFilter, JwtAuthenticationFilter, RequestCacheAwareFilter, SecurityContextHolderAwareRequestFilter, AnonymousAuthenticationFilter, SessionManagementFilter, ExceptionTranslationFilter, AuthorizationFilter
2026-07-20 16:52:48 [main] DEBUG o.s.w.s.m.m.a.RequestMappingHandlerAdapter - ControllerAdvice beans: 0 @ModelAttribute, 0 @InitBinder, 1 RequestBodyAdvice, 1 ResponseBodyAdvice
2026-07-20 16:52:48 [main] DEBUG o.s.w.s.m.m.a.ExceptionHandlerExceptionResolver - ControllerAdvice beans: 2 @ExceptionHandler, 1 ResponseBodyAdvice
2026-07-20 16:52:48 [main] DEBUG c.e.a.s.JwtAuthenticationFilter - Filter 'jwtAuthenticationFilter' configured for use
2026-07-20 16:52:48 [main] INFO  o.s.b.t.m.w.SpringBootMockServletContext - Initializing Spring TestDispatcherServlet ''
2026-07-20 16:52:48 [main] INFO  o.s.t.w.s.TestDispatcherServlet - Initializing Servlet ''
2026-07-20 16:52:48 [main] INFO  o.s.t.w.s.TestDispatcherServlet - Completed initialization in 1 ms
2026-07-20 16:52:48 [main] INFO  com.ecommerce.PedidoControllerTest - Started PedidoControllerTest in 1.823 seconds (process running for 45.289)
2026-07-20 16:52:48 [main] WARN  o.s.c.events.SpringDocAppInitializer - SpringDoc /v3/api-docs endpoint is enabled by default. To disable it in production, set the property 'springdoc.api-docs.enabled=false'
2026-07-20 16:52:48 [main] DEBUG o.s.security.web.FilterChainProxy - Securing GET /pedidos/999
2026-07-20 16:52:48 [main] DEBUG o.s.security.web.FilterChainProxy - Secured GET /pedidos/999
2026-07-20 16:52:48 [main] DEBUG o.s.w.s.m.m.a.RequestMappingHandlerMapping - Mapped to com.ecommerce.api.controller.PedidoController#obter(Long)
2026-07-20 16:52:48 [main] DEBUG o.s.w.s.m.m.a.ExceptionHandlerExceptionResolver - Using @ExceptionHandler com.ecommerce.api.exception.GlobalExceptionHandler#handleRecursoNaoEncontrado(RecursoNaoEncontradoException, WebRequest)
2026-07-20 16:52:48 [main] ERROR c.e.a.e.GlobalExceptionHandler - Recurso não encontrado: Pedido não encontrado
2026-07-20 16:52:48 [main] DEBUG o.s.w.s.m.m.a.HttpEntityMethodProcessor - Using 'application/json', given [*/*] and supported [application/json, application/*+json, application/yaml]
2026-07-20 16:52:48 [main] DEBUG o.s.w.s.m.m.a.HttpEntityMethodProcessor - Writing [ErrorResponse(timestamp=2026-07-20T16:52:48.401030800, status=404, erro=Recurso não encontrado, mens (truncated)...]
2026-07-20 16:52:48 [main] DEBUG o.s.w.s.m.m.a.ExceptionHandlerExceptionResolver - Resolved [com.ecommerce.api.exception.RecursoNaoEncontradoException: Pedido não encontrado]
2026-07-20 16:52:48 [main] DEBUG o.s.security.web.FilterChainProxy - Securing POST /pedidos
2026-07-20 16:52:48 [main] DEBUG o.s.security.web.FilterChainProxy - Secured POST /pedidos
2026-07-20 16:52:48 [main] DEBUG o.s.w.s.m.m.a.RequestMappingHandlerMapping - Mapped to com.ecommerce.api.controller.PedidoController#criar(PedidoDTO)
2026-07-20 16:52:48 [main] DEBUG o.s.w.s.m.m.a.RequestResponseBodyMethodProcessor - Read "application/json;charset=UTF-8" to [PedidoDTO(id=1, clienteId=10, total=150.0, status=PENDENTE, dataCriacao=null, dataAtualizacao=null)]
2026-07-20 16:52:48 [main] DEBUG o.s.w.s.m.m.a.HttpEntityMethodProcessor - Using 'application/json', given [*/*] and supported [application/json, application/*+json, application/yaml]
2026-07-20 16:52:48 [main] DEBUG o.s.w.s.m.m.a.HttpEntityMethodProcessor - Writing [PedidoDTO(id=1, clienteId=10, total=150.0, status=PENDENTE, dataCriacao=null, dataAtualizacao=null)]
2026-07-20 16:52:48 [main] DEBUG o.s.security.web.FilterChainProxy - Securing GET /pedidos/1
2026-07-20 16:52:48 [main] DEBUG o.s.security.web.FilterChainProxy - Secured GET /pedidos/1
2026-07-20 16:52:48 [main] DEBUG o.s.w.s.m.m.a.RequestMappingHandlerMapping - Mapped to com.ecommerce.api.controller.PedidoController#obter(Long)
2026-07-20 16:52:48 [main] DEBUG o.s.w.s.m.m.a.HttpEntityMethodProcessor - Using 'application/json', given [*/*] and supported [application/json, application/*+json, application/yaml]
2026-07-20 16:52:48 [main] DEBUG o.s.w.s.m.m.a.HttpEntityMethodProcessor - Writing [PedidoDTO(id=1, clienteId=10, total=150.0, status=PENDENTE, dataCriacao=null, dataAtualizacao=null)]
2026-07-20 16:52:48 [main] DEBUG o.s.security.web.FilterChainProxy - Securing GET /pedidos
2026-07-20 16:52:48 [main] DEBUG o.s.security.web.FilterChainProxy - Secured GET /pedidos
2026-07-20 16:52:48 [main] DEBUG o.s.w.s.m.m.a.RequestMappingHandlerMapping - Mapped to com.ecommerce.api.controller.PedidoController#listar(int, int, String, String)
2026-07-20 16:52:48 [main] DEBUG o.s.w.s.m.m.a.HttpEntityMethodProcessor - Using 'application/json', given [*/*] and supported [application/json, application/*+json, application/yaml]
2026-07-20 16:52:48 [main] DEBUG o.s.w.s.m.m.a.HttpEntityMethodProcessor - Writing [Page 1 of 1 containing com.ecommerce.api.dto.PedidoDTO instances]
2026-07-20 16:52:48 [main] DEBUG o.s.security.web.FilterChainProxy - Securing POST /pedidos
2026-07-20 16:52:48 [main] DEBUG o.s.security.web.FilterChainProxy - Secured POST /pedidos
2026-07-20 16:52:48 [main] DEBUG o.s.w.s.m.m.a.RequestMappingHandlerMapping - Mapped to com.ecommerce.api.controller.PedidoController#criar(PedidoDTO)
2026-07-20 16:52:48 [main] DEBUG o.s.w.s.m.m.a.RequestResponseBodyMethodProcessor - Read "application/json;charset=UTF-8" to [PedidoDTO(id=null, clienteId=null, total=50.0, status=null, dataCriacao=null, dataAtualizacao=null)]
2026-07-20 16:52:48 [main] DEBUG o.s.w.s.m.m.a.ExceptionHandlerExceptionResolver - Using @ExceptionHandler com.ecommerce.api.exception.GlobalExceptionHandler#handleValidationExceptions(MethodArgumentNotValidException, WebRequest)
2026-07-20 16:52:48 [main] ERROR c.e.a.e.GlobalExceptionHandler - Erro de validação: {clienteId=Cliente é obrigatório}
2026-07-20 16:52:48 [main] DEBUG o.s.w.s.m.m.a.HttpEntityMethodProcessor - Using 'application/json', given [*/*] and supported [application/json, application/*+json, application/yaml]
2026-07-20 16:52:48 [main] DEBUG o.s.w.s.m.m.a.HttpEntityMethodProcessor - Writing [ErrorResponse(timestamp=2026-07-20T16:52:48.521711500, status=400, erro=Erro de validação, mensagem= (truncated)...]
2026-07-20 16:52:48 [main] DEBUG o.s.w.s.m.m.a.ExceptionHandlerExceptionResolver - Resolved [org.springframework.web.bind.MethodArgumentNotValidException: Validation failed for argument [0] in public org.springframework.http.ResponseEntity<com.ecommerce.api.dto.PedidoDTO> com.ecommerce.api.controller.PedidoController.criar(com.ecommerce.api.dto.PedidoDTO): [Field error in object 'pedidoDTO' on field 'clienteId': rejected value [null]; codes [NotNull.pedidoDTO.clienteId,NotNull.clienteId,NotNull.java.lang.Long,NotNull]; arguments [org.springframework.context.support.DefaultMessageSourceResolvable: codes [pedidoDTO.clienteId,clienteId]; arguments []; default message [clienteId]]; default message [Cliente é obrigatório]] ]
2026-07-20 16:52:48 [main] DEBUG o.s.security.web.FilterChainProxy - Securing PUT /pedidos/1
2026-07-20 16:52:48 [main] DEBUG o.s.security.web.FilterChainProxy - Secured PUT /pedidos/1
2026-07-20 16:52:48 [main] DEBUG o.s.w.s.m.m.a.RequestMappingHandlerMapping - Mapped to com.ecommerce.api.controller.PedidoController#atualizar(Long, PedidoDTO)
2026-07-20 16:52:48 [main] DEBUG o.s.w.s.m.m.a.RequestResponseBodyMethodProcessor - Read "application/json;charset=UTF-8" to [PedidoDTO(id=1, clienteId=10, total=150.0, status=PENDENTE, dataCriacao=null, dataAtualizacao=null)]
2026-07-20 16:52:48 [main] DEBUG o.s.w.s.m.m.a.HttpEntityMethodProcessor - Using 'application/json', given [*/*] and supported [application/json, application/*+json, application/yaml]
2026-07-20 16:52:48 [main] DEBUG o.s.w.s.m.m.a.HttpEntityMethodProcessor - Writing [PedidoDTO(id=1, clienteId=10, total=150.0, status=PENDENTE, dataCriacao=null, dataAtualizacao=null)]
2026-07-20 16:52:48 [main] DEBUG o.s.security.web.FilterChainProxy - Securing DELETE /pedidos/1
2026-07-20 16:52:48 [main] DEBUG o.s.security.web.FilterChainProxy - Secured DELETE /pedidos/1
2026-07-20 16:52:48 [main] DEBUG o.s.w.s.m.m.a.RequestMappingHandlerMapping - Mapped to com.ecommerce.api.controller.PedidoController#deletar(Long)
2026-07-20 16:52:48 [main] DEBUG o.s.w.s.m.m.a.HttpEntityMethodProcessor - Using 'application/json', given [*/*] and supported [application/json, application/*+json, application/yaml]
2026-07-20 16:52:48 [main] DEBUG o.s.w.s.m.m.a.HttpEntityMethodProcessor - Nothing to write: null body
2026-07-20 16:52:48 [main] DEBUG o.s.security.web.FilterChainProxy - Securing GET /pedidos/todos
2026-07-20 16:52:48 [main] DEBUG o.s.security.web.FilterChainProxy - Secured GET /pedidos/todos
2026-07-20 16:52:48 [main] DEBUG o.s.w.s.m.m.a.RequestMappingHandlerMapping - Mapped to com.ecommerce.api.controller.PedidoController#listarTodos()
2026-07-20 16:52:48 [main] DEBUG o.s.w.s.m.m.a.HttpEntityMethodProcessor - Using 'application/json', given [*/*] and supported [application/json, application/*+json, application/yaml]
2026-07-20 16:52:48 [main] DEBUG o.s.w.s.m.m.a.HttpEntityMethodProcessor - Writing [[PedidoDTO(id=1, clienteId=10, total=150.0, status=PENDENTE, dataCriacao=null, dataAtualizacao=null) (truncated)...]
2026-07-20 16:52:48 [main] INFO  o.s.t.c.s.AnnotationConfigContextLoaderUtils - Could not detect default configuration classes for test class [com.ecommerce.ProdutoControllerTest]: ProdutoControllerTest does not declare any static, non-private, non-final, nested classes annotated with @Configuration.
2026-07-20 16:52:48 [main] INFO  o.s.b.t.c.SpringBootTestContextBootstrapper - Found @SpringBootConfiguration com.ecommerce.Application for test class com.ecommerce.ProdutoControllerTest
2026-07-20 16:52:48 [main] INFO  o.s.b.d.r.RestartApplicationListener - Restart disabled due to context in which it is running
2026-07-20 16:52:48 [main] INFO  com.ecommerce.ProdutoControllerTest - Starting ProdutoControllerTest using Java 25.0.2 with PID 29920 (started by PabloBezerradaSilva in C:\Users\PabloBezerradaSilva\Documents\Java\fourcamp26-pablosilva\ecommerce-api)
2026-07-20 16:52:48 [main] DEBUG com.ecommerce.ProdutoControllerTest - Running with Spring Boot v3.5.16, Spring v6.2.19
2026-07-20 16:52:48 [main] INFO  com.ecommerce.ProdutoControllerTest - No active profile set, falling back to 1 default profile: "default"
2026-07-20 16:52:48 [main] DEBUG o.s.w.c.s.GenericWebApplicationContext - Refreshing org.springframework.web.context.support.GenericWebApplicationContext@3fb0b269
2026-07-20 16:52:49 [main] INFO  o.s.d.r.c.RepositoryConfigurationDelegate - Bootstrapping Spring Data JPA repositories in DEFAULT mode.
2026-07-20 16:52:49 [main] INFO  o.s.d.r.c.RepositoryConfigurationDelegate - Finished Spring Data repository scanning in 55 ms. Found 6 JPA repository interfaces.
2026-07-20 16:52:49 [main] INFO  o.h.jpa.internal.util.LogHelper - HHH000204: Processing PersistenceUnitInfo [name: default]
2026-07-20 16:52:49 [main] INFO  o.h.c.i.RegionFactoryInitiator - HHH000026: Second-level cache disabled
2026-07-20 16:52:49 [main] INFO  o.s.o.j.p.SpringPersistenceUnitInfo - No LoadTimeWeaver setup: ignoring JPA class transformer
2026-07-20 16:52:49 [main] INFO  com.zaxxer.hikari.HikariDataSource - HikariPool-6 - Starting...
2026-07-20 16:52:49 [main] INFO  com.zaxxer.hikari.pool.HikariPool - HikariPool-6 - Added connection conn50: url=jdbc:h2:mem:ecommercedb user=SA
2026-07-20 16:52:49 [main] INFO  com.zaxxer.hikari.HikariDataSource - HikariPool-6 - Start completed.
2026-07-20 16:52:49 [main] WARN  org.hibernate.orm.deprecation - HHH90000025: H2Dialect does not need to be specified explicitly using 'hibernate.dialect' (remove the property setting and it will be selected by default)
2026-07-20 16:52:49 [main] INFO  o.hibernate.orm.connections.pooling - HHH10001005: Database info:
	Database JDBC URL [Connecting through datasource 'HikariDataSource (HikariPool-6)']
	Database driver: undefined/unknown
	Database version: 2.3.232
	Autocommit mode: undefined/unknown
	Isolation level: undefined/unknown
	Minimum pool size: undefined/unknown
	Maximum pool size: undefined/unknown
2026-07-20 16:52:49 [main] INFO  o.h.e.t.j.p.i.JtaPlatformInitiator - HHH000489: No JTA platform available (set 'hibernate.transaction.jta.platform' to enable JTA platform integration)
2026-07-20 16:52:49 [main] DEBUG org.hibernate.SQL - 
    drop table if exists categorias cascade 
2026-07-20 16:52:49 [main] DEBUG org.hibernate.SQL - 
    drop table if exists clientes cascade 
2026-07-20 16:52:49 [main] DEBUG org.hibernate.SQL - 
    drop table if exists itens_pedido cascade 
2026-07-20 16:52:49 [main] DEBUG org.hibernate.SQL - 
    drop table if exists pagamentos cascade 
2026-07-20 16:52:49 [main] DEBUG org.hibernate.SQL - 
    drop table if exists pedidos cascade 
2026-07-20 16:52:49 [main] DEBUG org.hibernate.SQL - 
    drop table if exists produtos cascade 
2026-07-20 16:52:49 [main] DEBUG org.hibernate.SQL - 
    drop table if exists usuarios cascade 
2026-07-20 16:52:49 [main] DEBUG org.hibernate.SQL - 
    create table categorias (
        ativo boolean not null,
        id bigint generated by default as identity,
        nome varchar(100) not null,
        descricao TEXT,
        primary key (id)
    )
2026-07-20 16:52:49 [main] DEBUG org.hibernate.SQL - 
    create table clientes (
        ativo boolean not null,
        data_atualizacao timestamp(6),
        data_criacao timestamp(6) not null,
        id bigint generated by default as identity,
        cpf varchar(11) not null unique,
        telefone varchar(20),
        email varchar(255) not null unique,
        endereco TEXT,
        nome varchar(255) not null,
        primary key (id)
    )
2026-07-20 16:52:49 [main] DEBUG org.hibernate.SQL - 
    create table itens_pedido (
        preco_unitario numeric(10,2) not null,
        quantidade integer not null,
        id bigint generated by default as identity,
        pedido_id bigint not null,
        produto_id bigint not null,
        primary key (id)
    )
2026-07-20 16:52:49 [main] DEBUG org.hibernate.SQL - 
    create table pagamentos (
        valor float(53) not null,
        data_criacao timestamp(6) not null,
        id bigint generated by default as identity,
        pedido_id bigint not null,
        metodo varchar(50) not null,
        status enum ('APROVADO','PENDENTE','RECUSADO','REEMBOLSADO') not null,
        primary key (id)
    )
2026-07-20 16:52:49 [main] DEBUG org.hibernate.SQL - 
    create table pedidos (
        total float(53) not null,
        cliente_id bigint not null,
        data_atualizacao timestamp(6),
        data_criacao timestamp(6) not null,
        id bigint generated by default as identity,
        status enum ('CANCELADO','CONFIRMADO','ENTREGUE','ENVIADO','PENDENTE') not null,
        primary key (id)
    )
2026-07-20 16:52:49 [main] DEBUG org.hibernate.SQL - 
    create table produtos (
        ativo boolean not null,
        estoque integer not null,
        preco numeric(38,2) not null,
        categoria_id bigint not null,
        id bigint generated by default as identity,
        descricao TEXT,
        nome varchar(255) not null,
        primary key (id)
    )
2026-07-20 16:52:49 [main] DEBUG org.hibernate.SQL - 
    create table usuarios (
        ativo boolean not null,
        id bigint generated by default as identity,
        email varchar(255) not null unique,
        nome varchar(255) not null,
        senha varchar(255) not null,
        papel enum ('ADMIN','USER') not null,
        primary key (id)
    )
2026-07-20 16:52:49 [main] DEBUG org.hibernate.SQL - 
    alter table if exists itens_pedido 
       add constraint FK42mycompce3b7yt3l6ukdwsxy 
       foreign key (pedido_id) 
       references pedidos
2026-07-20 16:52:49 [main] DEBUG org.hibernate.SQL - 
    alter table if exists itens_pedido 
       add constraint FKxytdlekpdaobqphujy9bmuhl 
       foreign key (produto_id) 
       references produtos
2026-07-20 16:52:49 [main] DEBUG org.hibernate.SQL - 
    alter table if exists pagamentos 
       add constraint FKb0dh6865y8h4irwdrl4ici3kl 
       foreign key (pedido_id) 
       references pedidos
2026-07-20 16:52:49 [main] DEBUG org.hibernate.SQL - 
    alter table if exists pedidos 
       add constraint FKg7202lk0hwxn04bmdl2thth5b 
       foreign key (cliente_id) 
       references clientes
2026-07-20 16:52:49 [main] DEBUG org.hibernate.SQL - 
    alter table if exists produtos 
       add constraint FK8rqw0ljwdaom34jr2t46bjtrn 
       foreign key (categoria_id) 
       references categorias
2026-07-20 16:52:49 [main] INFO  o.s.o.j.LocalContainerEntityManagerFactoryBean - Initialized JPA EntityManagerFactory for persistence unit 'default'
2026-07-20 16:52:49 [main] DEBUG o.s.w.s.m.m.a.RequestMappingHandlerMapping - 45 mappings in 'requestMappingHandlerMapping'
2026-07-20 16:52:49 [main] DEBUG o.s.w.s.h.SimpleUrlHandlerMapping - Patterns [/h2-console] in 'viewControllerHandlerMapping'
2026-07-20 16:52:49 [main] DEBUG o.s.w.s.h.SimpleUrlHandlerMapping - Patterns [/webjars/**, /**, /swagger-ui/**, /swagger-ui/*swagger-initializer.js, /webjars/*swagger-ui/**, /webjars/*swagger-ui/*swagger-initializer.js, /webjars/*swagger-ui/5.32.2/*swagger-initializer.js] in 'resourceHandlerMapping'
2026-07-20 16:52:49 [main] DEBUG o.s.s.c.a.a.c.AuthenticationConfiguration$DefaultPasswordEncoderAuthenticationManagerBuilder - No authenticationProviders and no parentAuthenticationManager defined. Returning null.
2026-07-20 16:52:49 [main] DEBUG o.s.s.web.DefaultSecurityFilterChain - Will secure any request with filters: DisableEncodeUrlFilter, WebAsyncManagerIntegrationFilter, SecurityContextHolderFilter, HeaderWriterFilter, LogoutFilter, JwtAuthenticationFilter, RequestCacheAwareFilter, SecurityContextHolderAwareRequestFilter, AnonymousAuthenticationFilter, SessionManagementFilter, ExceptionTranslationFilter, AuthorizationFilter
2026-07-20 16:52:49 [main] DEBUG o.s.w.s.m.m.a.RequestMappingHandlerAdapter - ControllerAdvice beans: 0 @ModelAttribute, 0 @InitBinder, 1 RequestBodyAdvice, 1 ResponseBodyAdvice
2026-07-20 16:52:49 [main] DEBUG o.s.w.s.m.m.a.ExceptionHandlerExceptionResolver - ControllerAdvice beans: 2 @ExceptionHandler, 1 ResponseBodyAdvice
2026-07-20 16:52:50 [main] DEBUG c.e.a.s.JwtAuthenticationFilter - Filter 'jwtAuthenticationFilter' configured for use
2026-07-20 16:52:50 [main] INFO  o.s.b.t.m.w.SpringBootMockServletContext - Initializing Spring TestDispatcherServlet ''
2026-07-20 16:52:50 [main] INFO  o.s.t.w.s.TestDispatcherServlet - Initializing Servlet ''
2026-07-20 16:52:50 [main] INFO  o.s.t.w.s.TestDispatcherServlet - Completed initialization in 1 ms
2026-07-20 16:52:50 [main] INFO  com.ecommerce.ProdutoControllerTest - Started ProdutoControllerTest in 1.443 seconds (process running for 47.015)
2026-07-20 16:52:50 [main] WARN  o.s.c.events.SpringDocAppInitializer - SpringDoc /v3/api-docs endpoint is enabled by default. To disable it in production, set the property 'springdoc.api-docs.enabled=false'
2026-07-20 16:52:50 [main] DEBUG o.s.security.web.FilterChainProxy - Securing GET /produtos
2026-07-20 16:52:50 [main] DEBUG o.s.s.w.a.AnonymousAuthenticationFilter - Set SecurityContextHolder to anonymous SecurityContext
2026-07-20 16:52:50 [main] DEBUG o.s.security.web.FilterChainProxy - Securing GET /produtos/999
2026-07-20 16:52:50 [main] DEBUG o.s.security.web.FilterChainProxy - Secured GET /produtos/999
2026-07-20 16:52:50 [main] DEBUG o.s.w.s.m.m.a.RequestMappingHandlerMapping - Mapped to com.ecommerce.api.controller.ProdutoController#obterPorId(Long)
2026-07-20 16:52:50 [main] INFO  c.e.api.controller.ProdutoController - GET /api/produtos/999
2026-07-20 16:52:50 [main] DEBUG o.s.w.s.m.m.a.ExceptionHandlerExceptionResolver - Using @ExceptionHandler com.ecommerce.api.exception.GlobalExceptionHandler#handleRecursoNaoEncontrado(RecursoNaoEncontradoException, WebRequest)
2026-07-20 16:52:50 [main] ERROR c.e.a.e.GlobalExceptionHandler - Recurso não encontrado: Produto nao encontrado com ID: 999
2026-07-20 16:52:50 [main] DEBUG o.s.w.s.m.m.a.HttpEntityMethodProcessor - Using 'application/json', given [*/*] and supported [application/json, application/*+json, application/yaml]
2026-07-20 16:52:50 [main] DEBUG o.s.w.s.m.m.a.HttpEntityMethodProcessor - Writing [ErrorResponse(timestamp=2026-07-20T16:52:50.125282700, status=404, erro=Recurso não encontrado, mens (truncated)...]
2026-07-20 16:52:50 [main] DEBUG o.s.w.s.m.m.a.ExceptionHandlerExceptionResolver - Resolved [com.ecommerce.api.exception.RecursoNaoEncontradoException: Produto nao encontrado com ID: 999]
2026-07-20 16:52:50 [main] DEBUG o.s.security.web.FilterChainProxy - Securing POST /produtos
2026-07-20 16:52:50 [main] DEBUG o.s.security.web.FilterChainProxy - Secured POST /produtos
2026-07-20 16:52:50 [main] DEBUG o.s.w.s.m.m.a.RequestMappingHandlerMapping - Mapped to com.ecommerce.api.controller.ProdutoController#criar(ProdutoDTO)
2026-07-20 16:52:50 [main] DEBUG o.s.w.s.m.m.a.RequestResponseBodyMethodProcessor - Read "application/json;charset=UTF-8" to [ProdutoDTO(id=1, nome=Notebook Dell, descricao=Notebook 15 polegadas, preco=3500.00, estoque=10, cat (truncated)...]
2026-07-20 16:52:50 [main] INFO  c.e.api.controller.ProdutoController - POST /api/produtos - Criando produto: Notebook Dell
2026-07-20 16:52:50 [main] DEBUG o.s.w.s.m.m.a.HttpEntityMethodProcessor - Using 'application/json', given [*/*] and supported [application/json, application/*+json, application/yaml]
2026-07-20 16:52:50 [main] DEBUG o.s.w.s.m.m.a.HttpEntityMethodProcessor - Writing [ProdutoDTO(id=1, nome=Notebook Dell, descricao=Notebook 15 polegadas, preco=3500.00, estoque=10, cat (truncated)...]
2026-07-20 16:52:50 [main] DEBUG o.s.security.web.FilterChainProxy - Securing PATCH /produtos/1/estoque/aumentar
2026-07-20 16:52:50 [main] DEBUG o.s.security.web.FilterChainProxy - Secured PATCH /produtos/1/estoque/aumentar
2026-07-20 16:52:50 [main] DEBUG o.s.w.s.m.m.a.RequestMappingHandlerMapping - Mapped to com.ecommerce.api.controller.ProdutoController#aumentarEstoque(Long, Integer)
2026-07-20 16:52:50 [main] INFO  c.e.api.controller.ProdutoController - PATCH /api/produtos/1/estoque/aumentar?quantidade=5
2026-07-20 16:52:50 [main] DEBUG o.s.w.s.m.m.a.HttpEntityMethodProcessor - Using 'application/json', given [*/*] and supported [application/json, application/*+json, application/yaml]
2026-07-20 16:52:50 [main] DEBUG o.s.w.s.m.m.a.HttpEntityMethodProcessor - Writing [15]
2026-07-20 16:52:50 [main] DEBUG o.s.security.web.FilterChainProxy - Securing PATCH /produtos/1/estoque/diminuir
2026-07-20 16:52:50 [main] DEBUG o.s.security.web.FilterChainProxy - Secured PATCH /produtos/1/estoque/diminuir
2026-07-20 16:52:50 [main] DEBUG o.s.w.s.m.m.a.RequestMappingHandlerMapping - Mapped to com.ecommerce.api.controller.ProdutoController#diminuirEstoque(Long, Integer)
2026-07-20 16:52:50 [main] INFO  c.e.api.controller.ProdutoController - PATCH /api/produtos/1/estoque/diminuir?quantidade=5
2026-07-20 16:52:50 [main] DEBUG o.s.w.s.m.m.a.HttpEntityMethodProcessor - Using 'application/json', given [*/*] and supported [application/json, application/*+json, application/yaml]
2026-07-20 16:52:50 [main] DEBUG o.s.w.s.m.m.a.HttpEntityMethodProcessor - Writing [5]
2026-07-20 16:52:50 [main] DEBUG o.s.security.web.FilterChainProxy - Securing GET /produtos/1
2026-07-20 16:52:50 [main] DEBUG o.s.security.web.FilterChainProxy - Secured GET /produtos/1
2026-07-20 16:52:50 [main] DEBUG o.s.w.s.m.m.a.RequestMappingHandlerMapping - Mapped to com.ecommerce.api.controller.ProdutoController#obterPorId(Long)
2026-07-20 16:52:50 [main] INFO  c.e.api.controller.ProdutoController - GET /api/produtos/1
2026-07-20 16:52:50 [main] DEBUG o.s.w.s.m.m.a.HttpEntityMethodProcessor - Using 'application/json', given [*/*] and supported [application/json, application/*+json, application/yaml]
2026-07-20 16:52:50 [main] DEBUG o.s.w.s.m.m.a.HttpEntityMethodProcessor - Writing [ProdutoDTO(id=1, nome=Notebook Dell, descricao=Notebook 15 polegadas, preco=3500.00, estoque=10, cat (truncated)...]
2026-07-20 16:52:50 [main] DEBUG o.s.security.web.FilterChainProxy - Securing PUT /produtos/1
2026-07-20 16:52:50 [main] DEBUG o.s.security.web.FilterChainProxy - Secured PUT /produtos/1
2026-07-20 16:52:50 [main] DEBUG o.s.w.s.m.m.a.RequestMappingHandlerMapping - Mapped to com.ecommerce.api.controller.ProdutoController#atualizar(Long, ProdutoDTO)
2026-07-20 16:52:50 [main] DEBUG o.s.w.s.m.m.a.RequestResponseBodyMethodProcessor - Read "application/json;charset=UTF-8" to [ProdutoDTO(id=1, nome=Notebook Dell, descricao=Notebook 15 polegadas, preco=3500.00, estoque=10, cat (truncated)...]
2026-07-20 16:52:50 [main] INFO  c.e.api.controller.ProdutoController - PUT /api/produtos/1 - Atualizando produto
2026-07-20 16:52:50 [main] DEBUG o.s.w.s.m.m.a.HttpEntityMethodProcessor - Using 'application/json', given [*/*] and supported [application/json, application/*+json, application/yaml]
2026-07-20 16:52:50 [main] DEBUG o.s.w.s.m.m.a.HttpEntityMethodProcessor - Writing [ProdutoDTO(id=1, nome=Notebook Dell, descricao=Notebook 15 polegadas, preco=3500.00, estoque=10, cat (truncated)...]
2026-07-20 16:52:50 [main] DEBUG o.s.security.web.FilterChainProxy - Securing DELETE /produtos/1
2026-07-20 16:52:50 [main] DEBUG o.s.security.web.FilterChainProxy - Secured DELETE /produtos/1
2026-07-20 16:52:50 [main] DEBUG o.s.w.s.m.m.a.RequestMappingHandlerMapping - Mapped to com.ecommerce.api.controller.ProdutoController#deletar(Long)
2026-07-20 16:52:50 [main] INFO  c.e.api.controller.ProdutoController - DELETE /api/produtos/1
2026-07-20 16:52:50 [main] DEBUG o.s.w.s.m.m.a.HttpEntityMethodProcessor - Using 'application/json', given [*/*] and supported [application/json, application/*+json, application/yaml]
2026-07-20 16:52:50 [main] DEBUG o.s.w.s.m.m.a.HttpEntityMethodProcessor - Nothing to write: null body
2026-07-20 16:52:50 [main] DEBUG o.s.security.web.FilterChainProxy - Securing GET /produtos/todos
2026-07-20 16:52:50 [main] DEBUG o.s.security.web.FilterChainProxy - Secured GET /produtos/todos
2026-07-20 16:52:50 [main] DEBUG o.s.w.s.m.m.a.RequestMappingHandlerMapping - Mapped to com.ecommerce.api.controller.ProdutoController#listarTodos()
2026-07-20 16:52:50 [main] INFO  c.e.api.controller.ProdutoController - GET /api/produtos/todos
2026-07-20 16:52:50 [main] DEBUG o.s.w.s.m.m.a.HttpEntityMethodProcessor - Using 'application/json', given [*/*] and supported [application/json, application/*+json, application/yaml]
2026-07-20 16:52:50 [main] DEBUG o.s.w.s.m.m.a.HttpEntityMethodProcessor - Writing [[ProdutoDTO(id=1, nome=Notebook Dell, descricao=Notebook 15 polegadas, preco=3500.00, estoque=10, ca (truncated)...]
2026-07-20 16:52:50 [main] INFO  o.s.t.c.s.AnnotationConfigContextLoaderUtils - Could not detect default configuration classes for test class [com.ecommerce.ProdutoServiceTest]: ProdutoServiceTest does not declare any static, non-private, non-final, nested classes annotated with @Configuration.
2026-07-20 16:52:50 [main] INFO  o.s.b.t.c.SpringBootTestContextBootstrapper - Found @SpringBootConfiguration com.ecommerce.Application for test class com.ecommerce.ProdutoServiceTest
2026-07-20 16:52:50 [main] INFO  o.s.b.d.r.RestartApplicationListener - Restart disabled due to context in which it is running
2026-07-20 16:52:50 [main] INFO  com.ecommerce.ProdutoServiceTest - Starting ProdutoServiceTest using Java 25.0.2 with PID 29920 (started by PabloBezerradaSilva in C:\Users\PabloBezerradaSilva\Documents\Java\fourcamp26-pablosilva\ecommerce-api)
2026-07-20 16:52:50 [main] DEBUG com.ecommerce.ProdutoServiceTest - Running with Spring Boot v3.5.16, Spring v6.2.19
2026-07-20 16:52:50 [main] INFO  com.ecommerce.ProdutoServiceTest - No active profile set, falling back to 1 default profile: "default"
2026-07-20 16:52:50 [main] DEBUG o.s.w.c.s.GenericWebApplicationContext - Refreshing org.springframework.web.context.support.GenericWebApplicationContext@6dfcb752
2026-07-20 16:52:50 [main] INFO  o.s.d.r.c.RepositoryConfigurationDelegate - Bootstrapping Spring Data JPA repositories in DEFAULT mode.
2026-07-20 16:52:50 [main] INFO  o.s.d.r.c.RepositoryConfigurationDelegate - Finished Spring Data repository scanning in 42 ms. Found 6 JPA repository interfaces.
2026-07-20 16:52:50 [main] INFO  o.h.jpa.internal.util.LogHelper - HHH000204: Processing PersistenceUnitInfo [name: default]
2026-07-20 16:52:51 [main] INFO  o.h.c.i.RegionFactoryInitiator - HHH000026: Second-level cache disabled
2026-07-20 16:52:51 [main] INFO  o.s.o.j.p.SpringPersistenceUnitInfo - No LoadTimeWeaver setup: ignoring JPA class transformer
2026-07-20 16:52:51 [main] INFO  com.zaxxer.hikari.HikariDataSource - HikariPool-7 - Starting...
2026-07-20 16:52:51 [main] INFO  com.zaxxer.hikari.pool.HikariPool - HikariPool-7 - Added connection conn60: url=jdbc:h2:mem:ecommercedb user=SA
2026-07-20 16:52:51 [main] INFO  com.zaxxer.hikari.HikariDataSource - HikariPool-7 - Start completed.
2026-07-20 16:52:51 [main] WARN  org.hibernate.orm.deprecation - HHH90000025: H2Dialect does not need to be specified explicitly using 'hibernate.dialect' (remove the property setting and it will be selected by default)
2026-07-20 16:52:51 [main] INFO  o.hibernate.orm.connections.pooling - HHH10001005: Database info:
	Database JDBC URL [Connecting through datasource 'HikariDataSource (HikariPool-7)']
	Database driver: undefined/unknown
	Database version: 2.3.232
	Autocommit mode: undefined/unknown
	Isolation level: undefined/unknown
	Minimum pool size: undefined/unknown
	Maximum pool size: undefined/unknown
2026-07-20 16:52:51 [main] INFO  o.h.e.t.j.p.i.JtaPlatformInitiator - HHH000489: No JTA platform available (set 'hibernate.transaction.jta.platform' to enable JTA platform integration)
2026-07-20 16:52:51 [main] DEBUG org.hibernate.SQL - 
    drop table if exists categorias cascade 
2026-07-20 16:52:51 [main] DEBUG org.hibernate.SQL - 
    drop table if exists clientes cascade 
2026-07-20 16:52:51 [main] DEBUG org.hibernate.SQL - 
    drop table if exists itens_pedido cascade 
2026-07-20 16:52:51 [main] DEBUG org.hibernate.SQL - 
    drop table if exists pagamentos cascade 
2026-07-20 16:52:51 [main] DEBUG org.hibernate.SQL - 
    drop table if exists pedidos cascade 
2026-07-20 16:52:51 [main] DEBUG org.hibernate.SQL - 
    drop table if exists produtos cascade 
2026-07-20 16:52:51 [main] DEBUG org.hibernate.SQL - 
    drop table if exists usuarios cascade 
2026-07-20 16:52:51 [main] DEBUG org.hibernate.SQL - 
    create table categorias (
        ativo boolean not null,
        id bigint generated by default as identity,
        nome varchar(100) not null,
        descricao TEXT,
        primary key (id)
    )
2026-07-20 16:52:51 [main] DEBUG org.hibernate.SQL - 
    create table clientes (
        ativo boolean not null,
        data_atualizacao timestamp(6),
        data_criacao timestamp(6) not null,
        id bigint generated by default as identity,
        cpf varchar(11) not null unique,
        telefone varchar(20),
        email varchar(255) not null unique,
        endereco TEXT,
        nome varchar(255) not null,
        primary key (id)
    )
2026-07-20 16:52:51 [main] DEBUG org.hibernate.SQL - 
    create table itens_pedido (
        preco_unitario numeric(10,2) not null,
        quantidade integer not null,
        id bigint generated by default as identity,
        pedido_id bigint not null,
        produto_id bigint not null,
        primary key (id)
    )
2026-07-20 16:52:51 [main] DEBUG org.hibernate.SQL - 
    create table pagamentos (
        valor float(53) not null,
        data_criacao timestamp(6) not null,
        id bigint generated by default as identity,
        pedido_id bigint not null,
        metodo varchar(50) not null,
        status enum ('APROVADO','PENDENTE','RECUSADO','REEMBOLSADO') not null,
        primary key (id)
    )
2026-07-20 16:52:51 [main] DEBUG org.hibernate.SQL - 
    create table pedidos (
        total float(53) not null,
        cliente_id bigint not null,
        data_atualizacao timestamp(6),
        data_criacao timestamp(6) not null,
        id bigint generated by default as identity,
        status enum ('CANCELADO','CONFIRMADO','ENTREGUE','ENVIADO','PENDENTE') not null,
        primary key (id)
    )
2026-07-20 16:52:51 [main] DEBUG org.hibernate.SQL - 
    create table produtos (
        ativo boolean not null,
        estoque integer not null,
        preco numeric(38,2) not null,
        categoria_id bigint not null,
        id bigint generated by default as identity,
        descricao TEXT,
        nome varchar(255) not null,
        primary key (id)
    )
2026-07-20 16:52:51 [main] DEBUG org.hibernate.SQL - 
    create table usuarios (
        ativo boolean not null,
        id bigint generated by default as identity,
        email varchar(255) not null unique,
        nome varchar(255) not null,
        senha varchar(255) not null,
        papel enum ('ADMIN','USER') not null,
        primary key (id)
    )
2026-07-20 16:52:51 [main] DEBUG org.hibernate.SQL - 
    alter table if exists itens_pedido 
       add constraint FK42mycompce3b7yt3l6ukdwsxy 
       foreign key (pedido_id) 
       references pedidos
2026-07-20 16:52:51 [main] DEBUG org.hibernate.SQL - 
    alter table if exists itens_pedido 
       add constraint FKxytdlekpdaobqphujy9bmuhl 
       foreign key (produto_id) 
       references produtos
2026-07-20 16:52:51 [main] DEBUG org.hibernate.SQL - 
    alter table if exists pagamentos 
       add constraint FKb0dh6865y8h4irwdrl4ici3kl 
       foreign key (pedido_id) 
       references pedidos
2026-07-20 16:52:51 [main] DEBUG org.hibernate.SQL - 
    alter table if exists pedidos 
       add constraint FKg7202lk0hwxn04bmdl2thth5b 
       foreign key (cliente_id) 
       references clientes
2026-07-20 16:52:51 [main] DEBUG org.hibernate.SQL - 
    alter table if exists produtos 
       add constraint FK8rqw0ljwdaom34jr2t46bjtrn 
       foreign key (categoria_id) 
       references categorias
2026-07-20 16:52:51 [main] INFO  o.s.o.j.LocalContainerEntityManagerFactoryBean - Initialized JPA EntityManagerFactory for persistence unit 'default'
2026-07-20 16:52:51 [main] DEBUG o.s.w.s.m.m.a.RequestMappingHandlerMapping - 45 mappings in 'requestMappingHandlerMapping'
2026-07-20 16:52:51 [main] DEBUG o.s.w.s.h.SimpleUrlHandlerMapping - Patterns [/h2-console] in 'viewControllerHandlerMapping'
2026-07-20 16:52:51 [main] DEBUG o.s.w.s.h.SimpleUrlHandlerMapping - Patterns [/webjars/**, /**, /swagger-ui/**, /swagger-ui/*swagger-initializer.js, /webjars/*swagger-ui/**, /webjars/*swagger-ui/*swagger-initializer.js, /webjars/*swagger-ui/5.32.2/*swagger-initializer.js] in 'resourceHandlerMapping'
2026-07-20 16:52:51 [main] DEBUG o.s.s.c.a.a.c.AuthenticationConfiguration$DefaultPasswordEncoderAuthenticationManagerBuilder - No authenticationProviders and no parentAuthenticationManager defined. Returning null.
2026-07-20 16:52:51 [main] DEBUG o.s.s.web.DefaultSecurityFilterChain - Will secure any request with filters: DisableEncodeUrlFilter, WebAsyncManagerIntegrationFilter, SecurityContextHolderFilter, HeaderWriterFilter, LogoutFilter, JwtAuthenticationFilter, RequestCacheAwareFilter, SecurityContextHolderAwareRequestFilter, AnonymousAuthenticationFilter, SessionManagementFilter, ExceptionTranslationFilter, AuthorizationFilter
2026-07-20 16:52:51 [main] DEBUG o.s.w.s.m.m.a.RequestMappingHandlerAdapter - ControllerAdvice beans: 0 @ModelAttribute, 0 @InitBinder, 1 RequestBodyAdvice, 1 ResponseBodyAdvice
2026-07-20 16:52:51 [main] DEBUG o.s.w.s.m.m.a.ExceptionHandlerExceptionResolver - ControllerAdvice beans: 2 @ExceptionHandler, 1 ResponseBodyAdvice
2026-07-20 16:52:51 [main] INFO  com.ecommerce.ProdutoServiceTest - Started ProdutoServiceTest in 1.227 seconds (process running for 48.455)
2026-07-20 16:52:51 [main] WARN  o.s.c.events.SpringDocAppInitializer - SpringDoc /v3/api-docs endpoint is enabled by default. To disable it in production, set the property 'springdoc.api-docs.enabled=false'
2026-07-20 16:52:51 [main] DEBUG org.hibernate.SQL - 
    /* insert for
        com.ecommerce.api.model.Categoria */insert 
    into
        categorias (ativo, descricao, nome, id) 
    values
        (?, ?, ?, default)
2026-07-20 16:52:51 [main] DEBUG org.hibernate.SQL - 
    /* insert for
        com.ecommerce.api.model.Produto */insert 
    into
        produtos (ativo, categoria_id, descricao, estoque, nome, preco, id) 
    values
        (?, ?, ?, ?, ?, ?, default)
2026-07-20 16:52:51 [main] INFO  c.e.api.service.ProdutoService - Aumentando estoque do produto 1 em 5 unidades
2026-07-20 16:52:51 [main] DEBUG org.hibernate.SQL - 
    select
        p1_0.id,
        p1_0.ativo,
        p1_0.categoria_id,
        c1_0.id,
        c1_0.ativo,
        c1_0.descricao,
        c1_0.nome,
        p1_0.descricao,
        p1_0.estoque,
        p1_0.nome,
        p1_0.preco 
    from
        produtos p1_0 
    join
        categorias c1_0 
            on c1_0.id=p1_0.categoria_id 
    where
        p1_0.id=?
2026-07-20 16:52:51 [main] DEBUG c.e.api.service.ProdutoService - Estoque aumentado com sucesso. Novo estoque: 15
2026-07-20 16:52:51 [main] DEBUG org.hibernate.SQL - 
    /* update
        for com.ecommerce.api.model.Produto */update produtos 
    set
        ativo=?,
        categoria_id=?,
        descricao=?,
        estoque=?,
        nome=?,
        preco=? 
    where
        id=?
2026-07-20 16:52:51 [main] DEBUG org.hibernate.SQL - 
    /* insert for
        com.ecommerce.api.model.Categoria */insert 
    into
        categorias (ativo, descricao, nome, id) 
    values
        (?, ?, ?, default)
2026-07-20 16:52:51 [main] DEBUG org.hibernate.SQL - 
    /* insert for
        com.ecommerce.api.model.Produto */insert 
    into
        produtos (ativo, categoria_id, descricao, estoque, nome, preco, id) 
    values
        (?, ?, ?, ?, ?, ?, default)
2026-07-20 16:52:51 [main] INFO  c.e.api.service.ProdutoService - Diminuindo estoque do produto 2 em 3 unidades
2026-07-20 16:52:51 [main] DEBUG org.hibernate.SQL - 
    select
        p1_0.id,
        p1_0.ativo,
        p1_0.categoria_id,
        c1_0.id,
        c1_0.ativo,
        c1_0.descricao,
        c1_0.nome,
        p1_0.descricao,
        p1_0.estoque,
        p1_0.nome,
        p1_0.preco 
    from
        produtos p1_0 
    join
        categorias c1_0 
            on c1_0.id=p1_0.categoria_id 
    where
        p1_0.id=?
2026-07-20 16:52:51 [main] DEBUG c.e.api.service.ProdutoService - Estoque diminuído com sucesso. Novo estoque: 7
2026-07-20 16:52:51 [main] DEBUG org.hibernate.SQL - 
    /* update
        for com.ecommerce.api.model.Produto */update produtos 
    set
        ativo=?,
        categoria_id=?,
        descricao=?,
        estoque=?,
        nome=?,
        preco=? 
    where
        id=?
2026-07-20 16:52:51 [main] DEBUG org.hibernate.SQL - 
    /* insert for
        com.ecommerce.api.model.Categoria */insert 
    into
        categorias (ativo, descricao, nome, id) 
    values
        (?, ?, ?, default)
2026-07-20 16:52:51 [main] DEBUG org.hibernate.SQL - 
    /* insert for
        com.ecommerce.api.model.Produto */insert 
    into
        produtos (ativo, categoria_id, descricao, estoque, nome, preco, id) 
    values
        (?, ?, ?, ?, ?, ?, default)
2026-07-20 16:52:51 [main] INFO  c.e.api.service.ProdutoService - Diminuindo estoque do produto 3 em 15 unidades
2026-07-20 16:52:51 [main] DEBUG org.hibernate.SQL - 
    select
        p1_0.id,
        p1_0.ativo,
        p1_0.categoria_id,
        c1_0.id,
        c1_0.ativo,
        c1_0.descricao,
        c1_0.nome,
        p1_0.descricao,
        p1_0.estoque,
        p1_0.nome,
        p1_0.preco 
    from
        produtos p1_0 
    join
        categorias c1_0 
            on c1_0.id=p1_0.categoria_id 
    where
        p1_0.id=?
2026-07-20 16:52:51 [main] WARN  c.e.api.service.ProdutoService - Estoque insuficiente para produto 3: disponível 10, solicitado 15
2026-07-20 16:52:52 [main] WARN  c.e.api.service.UsuarioService - Tentativa de login com email não encontrado: naoexiste@teste.com
2026-07-20 16:52:52 [main] WARN  c.e.api.service.UsuarioService - Tentativa de registro com email já existente: usuario@teste.com
2026-07-20 16:52:52 [main] INFO  c.e.api.service.UsuarioService - Login realizado com sucesso: usuario@teste.com
2026-07-20 16:52:52 [main] WARN  c.e.api.service.UsuarioService - Tentativa de login com senha incorreta: usuario@teste.com
2026-07-20 16:52:52 [main] INFO  c.e.api.service.UsuarioService - Novo usuário registrado: usuario@teste.com
2026-07-20 16:52:52 [main] INFO  c.e.api.service.UsuarioService - Usuário atualizado: usuario@teste.com
2026-07-20 16:52:52 [main] INFO  c.e.api.service.UsuarioService - Usuário deletado com ID: 1
2026-07-20 16:52:52 [SpringApplicationShutdownHook] DEBUG o.s.w.c.s.GenericWebApplicationContext - Closing org.springframework.web.context.support.GenericWebApplicationContext@acb5508, started on Mon Jul 20 16:52:14 GMT-03:00 2026
2026-07-20 16:52:53 [SpringApplicationShutdownHook] INFO  o.s.o.j.LocalContainerEntityManagerFactoryBean - Closing JPA EntityManagerFactory for persistence unit 'default'
2026-07-20 16:52:53 [SpringApplicationShutdownHook] DEBUG org.hibernate.SQL - 
    drop table if exists categorias cascade 
2026-07-20 16:52:53 [SpringApplicationShutdownHook] DEBUG org.hibernate.SQL - 
    drop table if exists clientes cascade 
2026-07-20 16:52:53 [SpringApplicationShutdownHook] DEBUG org.hibernate.SQL - 
    drop table if exists itens_pedido cascade 
2026-07-20 16:52:53 [SpringApplicationShutdownHook] DEBUG org.hibernate.SQL - 
    drop table if exists pagamentos cascade 
2026-07-20 16:52:53 [SpringApplicationShutdownHook] DEBUG org.hibernate.SQL - 
    drop table if exists pedidos cascade 
2026-07-20 16:52:53 [SpringApplicationShutdownHook] DEBUG org.hibernate.SQL - 
    drop table if exists produtos cascade 
2026-07-20 16:52:53 [SpringApplicationShutdownHook] DEBUG org.hibernate.SQL - 
    drop table if exists usuarios cascade 
2026-07-20 16:52:53 [SpringApplicationShutdownHook] INFO  com.zaxxer.hikari.HikariDataSource - HikariPool-1 - Shutdown initiated...
2026-07-20 16:52:53 [SpringApplicationShutdownHook] INFO  com.zaxxer.hikari.HikariDataSource - HikariPool-1 - Shutdown completed.
2026-07-20 16:52:53 [SpringApplicationShutdownHook] DEBUG o.s.w.c.s.GenericWebApplicationContext - Closing org.springframework.web.context.support.GenericWebApplicationContext@510eb392, started on Mon Jul 20 16:52:35 GMT-03:00 2026
2026-07-20 16:52:53 [SpringApplicationShutdownHook] INFO  o.s.o.j.LocalContainerEntityManagerFactoryBean - Closing JPA EntityManagerFactory for persistence unit 'default'
2026-07-20 16:52:53 [SpringApplicationShutdownHook] DEBUG org.hibernate.SQL - 
    drop table if exists categorias cascade 
2026-07-20 16:52:53 [SpringApplicationShutdownHook] DEBUG org.hibernate.SQL - 
    drop table if exists clientes cascade 
2026-07-20 16:52:53 [SpringApplicationShutdownHook] DEBUG org.hibernate.SQL - 
    drop table if exists itens_pedido cascade 
2026-07-20 16:52:53 [SpringApplicationShutdownHook] DEBUG org.hibernate.SQL - 
    drop table if exists pagamentos cascade 
2026-07-20 16:52:53 [SpringApplicationShutdownHook] DEBUG org.hibernate.SQL - 
    drop table if exists pedidos cascade 
2026-07-20 16:52:53 [SpringApplicationShutdownHook] DEBUG org.hibernate.SQL - 
    drop table if exists produtos cascade 
2026-07-20 16:52:53 [SpringApplicationShutdownHook] DEBUG org.hibernate.SQL - 
    drop table if exists usuarios cascade 
2026-07-20 16:52:53 [SpringApplicationShutdownHook] INFO  com.zaxxer.hikari.HikariDataSource - HikariPool-2 - Shutdown initiated...
2026-07-20 16:52:53 [SpringApplicationShutdownHook] INFO  com.zaxxer.hikari.HikariDataSource - HikariPool-2 - Shutdown completed.
2026-07-20 16:52:53 [SpringApplicationShutdownHook] DEBUG o.s.w.c.s.GenericWebApplicationContext - Closing org.springframework.web.context.support.GenericWebApplicationContext@13dcb0ef, started on Mon Jul 20 16:52:39 GMT-03:00 2026
2026-07-20 16:52:53 [SpringApplicationShutdownHook] INFO  o.s.o.j.LocalContainerEntityManagerFactoryBean - Closing JPA EntityManagerFactory for persistence unit 'default'
2026-07-20 16:52:53 [SpringApplicationShutdownHook] DEBUG org.hibernate.SQL - 
    drop table if exists categorias cascade 
2026-07-20 16:52:53 [SpringApplicationShutdownHook] DEBUG org.hibernate.SQL - 
    drop table if exists clientes cascade 
2026-07-20 16:52:53 [SpringApplicationShutdownHook] DEBUG org.hibernate.SQL - 
    drop table if exists itens_pedido cascade 
2026-07-20 16:52:53 [SpringApplicationShutdownHook] DEBUG org.hibernate.SQL - 
    drop table if exists pagamentos cascade 
2026-07-20 16:52:53 [SpringApplicationShutdownHook] DEBUG org.hibernate.SQL - 
    drop table if exists pedidos cascade 
2026-07-20 16:52:53 [SpringApplicationShutdownHook] DEBUG org.hibernate.SQL - 
    drop table if exists produtos cascade 
2026-07-20 16:52:53 [SpringApplicationShutdownHook] DEBUG org.hibernate.SQL - 
    drop table if exists usuarios cascade 
2026-07-20 16:52:53 [SpringApplicationShutdownHook] INFO  com.zaxxer.hikari.HikariDataSource - HikariPool-3 - Shutdown initiated...
2026-07-20 16:52:53 [SpringApplicationShutdownHook] INFO  com.zaxxer.hikari.HikariDataSource - HikariPool-3 - Shutdown completed.
2026-07-20 16:52:53 [SpringApplicationShutdownHook] DEBUG o.s.w.c.s.GenericWebApplicationContext - Closing org.springframework.web.context.support.GenericWebApplicationContext@39853799, started on Mon Jul 20 16:52:43 GMT-03:00 2026
2026-07-20 16:52:53 [SpringApplicationShutdownHook] INFO  o.s.o.j.LocalContainerEntityManagerFactoryBean - Closing JPA EntityManagerFactory for persistence unit 'default'
2026-07-20 16:52:53 [SpringApplicationShutdownHook] DEBUG org.hibernate.SQL - 
    drop table if exists categorias cascade 
2026-07-20 16:52:53 [SpringApplicationShutdownHook] DEBUG org.hibernate.SQL - 
    drop table if exists clientes cascade 
2026-07-20 16:52:53 [SpringApplicationShutdownHook] DEBUG org.hibernate.SQL - 
    drop table if exists itens_pedido cascade 
2026-07-20 16:52:53 [SpringApplicationShutdownHook] DEBUG org.hibernate.SQL - 
    drop table if exists pagamentos cascade 
2026-07-20 16:52:53 [SpringApplicationShutdownHook] DEBUG org.hibernate.SQL - 
    drop table if exists pedidos cascade 
2026-07-20 16:52:53 [SpringApplicationShutdownHook] DEBUG org.hibernate.SQL - 
    drop table if exists produtos cascade 
2026-07-20 16:52:53 [SpringApplicationShutdownHook] DEBUG org.hibernate.SQL - 
    drop table if exists usuarios cascade 
2026-07-20 16:52:53 [SpringApplicationShutdownHook] INFO  com.zaxxer.hikari.HikariDataSource - HikariPool-4 - Shutdown initiated...
2026-07-20 16:52:53 [SpringApplicationShutdownHook] INFO  com.zaxxer.hikari.HikariDataSource - HikariPool-4 - Shutdown completed.
2026-07-20 16:52:53 [SpringApplicationShutdownHook] DEBUG o.s.w.c.s.GenericWebApplicationContext - Closing org.springframework.web.context.support.GenericWebApplicationContext@338c4622, started on Mon Jul 20 16:52:46 GMT-03:00 2026
2026-07-20 16:52:53 [SpringApplicationShutdownHook] INFO  o.s.o.j.LocalContainerEntityManagerFactoryBean - Closing JPA EntityManagerFactory for persistence unit 'default'
2026-07-20 16:52:53 [SpringApplicationShutdownHook] DEBUG org.hibernate.SQL - 
    drop table if exists categorias cascade 
2026-07-20 16:52:53 [SpringApplicationShutdownHook] DEBUG org.hibernate.SQL - 
    drop table if exists clientes cascade 
2026-07-20 16:52:53 [SpringApplicationShutdownHook] DEBUG org.hibernate.SQL - 
    drop table if exists itens_pedido cascade 
2026-07-20 16:52:53 [SpringApplicationShutdownHook] DEBUG org.hibernate.SQL - 
    drop table if exists pagamentos cascade 
2026-07-20 16:52:53 [SpringApplicationShutdownHook] DEBUG org.hibernate.SQL - 
    drop table if exists pedidos cascade 
2026-07-20 16:52:53 [SpringApplicationShutdownHook] DEBUG org.hibernate.SQL - 
    drop table if exists produtos cascade 
2026-07-20 16:52:53 [SpringApplicationShutdownHook] DEBUG org.hibernate.SQL - 
    drop table if exists usuarios cascade 
2026-07-20 16:52:53 [SpringApplicationShutdownHook] INFO  com.zaxxer.hikari.HikariDataSource - HikariPool-5 - Shutdown initiated...
2026-07-20 16:52:53 [SpringApplicationShutdownHook] INFO  com.zaxxer.hikari.HikariDataSource - HikariPool-5 - Shutdown completed.
2026-07-20 16:52:53 [SpringApplicationShutdownHook] DEBUG o.s.w.c.s.GenericWebApplicationContext - Closing org.springframework.web.context.support.GenericWebApplicationContext@3fb0b269, started on Mon Jul 20 16:52:48 GMT-03:00 2026
2026-07-20 16:52:53 [SpringApplicationShutdownHook] INFO  o.s.o.j.LocalContainerEntityManagerFactoryBean - Closing JPA EntityManagerFactory for persistence unit 'default'
2026-07-20 16:52:53 [SpringApplicationShutdownHook] DEBUG org.hibernate.SQL - 
    drop table if exists categorias cascade 
2026-07-20 16:52:53 [SpringApplicationShutdownHook] DEBUG org.hibernate.SQL - 
    drop table if exists clientes cascade 
2026-07-20 16:52:53 [SpringApplicationShutdownHook] DEBUG org.hibernate.SQL - 
    drop table if exists itens_pedido cascade 
2026-07-20 16:52:53 [SpringApplicationShutdownHook] DEBUG org.hibernate.SQL - 
    drop table if exists pagamentos cascade 
2026-07-20 16:52:53 [SpringApplicationShutdownHook] DEBUG org.hibernate.SQL - 
    drop table if exists pedidos cascade 
2026-07-20 16:52:53 [SpringApplicationShutdownHook] DEBUG org.hibernate.SQL - 
    drop table if exists produtos cascade 
2026-07-20 16:52:53 [SpringApplicationShutdownHook] DEBUG org.hibernate.SQL - 
    drop table if exists usuarios cascade 
2026-07-20 16:52:53 [SpringApplicationShutdownHook] INFO  com.zaxxer.hikari.HikariDataSource - HikariPool-6 - Shutdown initiated...
2026-07-20 16:52:53 [SpringApplicationShutdownHook] INFO  com.zaxxer.hikari.HikariDataSource - HikariPool-6 - Shutdown completed.
2026-07-20 16:52:53 [SpringApplicationShutdownHook] DEBUG o.s.w.c.s.GenericWebApplicationContext - Closing org.springframework.web.context.support.GenericWebApplicationContext@6dfcb752, started on Mon Jul 20 16:52:50 GMT-03:00 2026
2026-07-20 16:52:53 [SpringApplicationShutdownHook] INFO  o.s.o.j.LocalContainerEntityManagerFactoryBean - Closing JPA EntityManagerFactory for persistence unit 'default'
2026-07-20 16:52:53 [SpringApplicationShutdownHook] DEBUG org.hibernate.SQL - 
    drop table if exists categorias cascade 
2026-07-20 16:52:53 [SpringApplicationShutdownHook] DEBUG org.hibernate.SQL - 
    drop table if exists clientes cascade 
2026-07-20 16:52:53 [SpringApplicationShutdownHook] DEBUG org.hibernate.SQL - 
    drop table if exists itens_pedido cascade 
2026-07-20 16:52:53 [SpringApplicationShutdownHook] DEBUG org.hibernate.SQL - 
    drop table if exists pagamentos cascade 
2026-07-20 16:52:53 [SpringApplicationShutdownHook] DEBUG org.hibernate.SQL - 
    drop table if exists pedidos cascade 
2026-07-20 16:52:53 [SpringApplicationShutdownHook] DEBUG org.hibernate.SQL - 
    drop table if exists produtos cascade 
2026-07-20 16:52:53 [SpringApplicationShutdownHook] DEBUG org.hibernate.SQL - 
    drop table if exists usuarios cascade 
2026-07-20 16:52:53 [SpringApplicationShutdownHook] INFO  com.zaxxer.hikari.HikariDataSource - HikariPool-7 - Shutdown initiated...
2026-07-20 16:52:53 [SpringApplicationShutdownHook] INFO  com.zaxxer.hikari.HikariDataSource - HikariPool-7 - Shutdown completed.
2026-07-20 16:53:12 [background-preinit] INFO  o.h.validator.internal.util.Version - HV000001: Hibernate Validator 8.0.3.Final
2026-07-20 16:53:12 [main] INFO  com.ecommerce.AuthenticationIT - Starting AuthenticationIT using Java 25.0.2 with PID 9768 (started by PabloBezerradaSilva in C:\Users\PabloBezerradaSilva\Documents\Java\fourcamp26-pablosilva\ecommerce-api)
2026-07-20 16:53:12 [main] DEBUG com.ecommerce.AuthenticationIT - Running with Spring Boot v3.5.16, Spring v6.2.19
2026-07-20 16:53:12 [main] INFO  com.ecommerce.AuthenticationIT - No active profile set, falling back to 1 default profile: "default"
2026-07-20 16:53:19 [main] INFO  o.s.d.r.c.RepositoryConfigurationDelegate - Bootstrapping Spring Data JPA repositories in DEFAULT mode.
2026-07-20 16:53:19 [main] INFO  o.s.d.r.c.RepositoryConfigurationDelegate - Finished Spring Data repository scanning in 483 ms. Found 6 JPA repository interfaces.
2026-07-20 16:53:22 [main] INFO  o.s.b.w.e.tomcat.TomcatWebServer - Tomcat initialized with port 0 (http)
2026-07-20 16:53:22 [main] INFO  o.a.coyote.http11.Http11NioProtocol - Initializing ProtocolHandler ["http-nio-auto-1"]
2026-07-20 16:53:22 [main] INFO  o.a.catalina.core.StandardService - Starting service [Tomcat]
2026-07-20 16:53:22 [main] INFO  o.a.catalina.core.StandardEngine - Starting Servlet engine: [Apache Tomcat/10.1.55]
2026-07-20 16:53:22 [main] INFO  o.a.c.c.C.[.[localhost].[/api] - Initializing Spring embedded WebApplicationContext
2026-07-20 16:53:22 [main] INFO  o.s.b.w.s.c.ServletWebServerApplicationContext - Root WebApplicationContext: initialization completed in 8530 ms
2026-07-20 16:53:23 [main] DEBUG c.e.a.s.JwtAuthenticationFilter - Filter 'jwtAuthenticationFilter' configured for use
2026-07-20 16:53:23 [main] INFO  o.h.jpa.internal.util.LogHelper - HHH000204: Processing PersistenceUnitInfo [name: default]
2026-07-20 16:53:24 [main] INFO  org.hibernate.Version - HHH000412: Hibernate ORM core version 6.6.53.Final
2026-07-20 16:53:24 [main] INFO  o.h.c.i.RegionFactoryInitiator - HHH000026: Second-level cache disabled
2026-07-20 16:53:25 [main] INFO  o.s.o.j.p.SpringPersistenceUnitInfo - No LoadTimeWeaver setup: ignoring JPA class transformer
2026-07-20 16:53:26 [main] INFO  com.zaxxer.hikari.HikariDataSource - HikariPool-1 - Starting...
2026-07-20 16:53:27 [main] INFO  com.zaxxer.hikari.pool.HikariPool - HikariPool-1 - Added connection conn0: url=jdbc:h2:mem:ecommercedb user=SA
2026-07-20 16:53:27 [main] INFO  com.zaxxer.hikari.HikariDataSource - HikariPool-1 - Start completed.
2026-07-20 16:53:28 [main] WARN  org.hibernate.orm.deprecation - HHH90000025: H2Dialect does not need to be specified explicitly using 'hibernate.dialect' (remove the property setting and it will be selected by default)
2026-07-20 16:53:28 [main] INFO  o.hibernate.orm.connections.pooling - HHH10001005: Database info:
	Database JDBC URL [Connecting through datasource 'HikariDataSource (HikariPool-1)']
	Database driver: undefined/unknown
	Database version: 2.3.232
	Autocommit mode: undefined/unknown
	Isolation level: undefined/unknown
	Minimum pool size: undefined/unknown
	Maximum pool size: undefined/unknown
2026-07-20 16:53:33 [main] INFO  o.h.e.t.j.p.i.JtaPlatformInitiator - HHH000489: No JTA platform available (set 'hibernate.transaction.jta.platform' to enable JTA platform integration)
2026-07-20 16:53:33 [main] DEBUG org.hibernate.SQL - 
    drop table if exists categorias cascade 
2026-07-20 16:53:33 [main] DEBUG org.hibernate.SQL - 
    drop table if exists clientes cascade 
2026-07-20 16:53:33 [main] DEBUG org.hibernate.SQL - 
    drop table if exists itens_pedido cascade 
2026-07-20 16:53:33 [main] DEBUG org.hibernate.SQL - 
    drop table if exists pagamentos cascade 
2026-07-20 16:53:33 [main] DEBUG org.hibernate.SQL - 
    drop table if exists pedidos cascade 
2026-07-20 16:53:33 [main] DEBUG org.hibernate.SQL - 
    drop table if exists produtos cascade 
2026-07-20 16:53:33 [main] DEBUG org.hibernate.SQL - 
    drop table if exists usuarios cascade 
2026-07-20 16:53:33 [main] DEBUG org.hibernate.SQL - 
    create table categorias (
        ativo boolean not null,
        id bigint generated by default as identity,
        nome varchar(100) not null,
        descricao TEXT,
        primary key (id)
    )
2026-07-20 16:53:33 [main] DEBUG org.hibernate.SQL - 
    create table clientes (
        ativo boolean not null,
        data_atualizacao timestamp(6),
        data_criacao timestamp(6) not null,
        id bigint generated by default as identity,
        cpf varchar(11) not null unique,
        telefone varchar(20),
        email varchar(255) not null unique,
        endereco TEXT,
        nome varchar(255) not null,
        primary key (id)
    )
2026-07-20 16:53:33 [main] DEBUG org.hibernate.SQL - 
    create table itens_pedido (
        preco_unitario numeric(10,2) not null,
        quantidade integer not null,
        id bigint generated by default as identity,
        pedido_id bigint not null,
        produto_id bigint not null,
        primary key (id)
    )
2026-07-20 16:53:33 [main] DEBUG org.hibernate.SQL - 
    create table pagamentos (
        valor float(53) not null,
        data_criacao timestamp(6) not null,
        id bigint generated by default as identity,
        pedido_id bigint not null,
        metodo varchar(50) not null,
        status enum ('APROVADO','PENDENTE','RECUSADO','REEMBOLSADO') not null,
        primary key (id)
    )
2026-07-20 16:53:33 [main] DEBUG org.hibernate.SQL - 
    create table pedidos (
        total float(53) not null,
        cliente_id bigint not null,
        data_atualizacao timestamp(6),
        data_criacao timestamp(6) not null,
        id bigint generated by default as identity,
        status enum ('CANCELADO','CONFIRMADO','ENTREGUE','ENVIADO','PENDENTE') not null,
        primary key (id)
    )
2026-07-20 16:53:33 [main] DEBUG org.hibernate.SQL - 
    create table produtos (
        ativo boolean not null,
        estoque integer not null,
        preco numeric(38,2) not null,
        categoria_id bigint not null,
        id bigint generated by default as identity,
        descricao TEXT,
        nome varchar(255) not null,
        primary key (id)
    )
2026-07-20 16:53:33 [main] DEBUG org.hibernate.SQL - 
    create table usuarios (
        ativo boolean not null,
        id bigint generated by default as identity,
        email varchar(255) not null unique,
        nome varchar(255) not null,
        senha varchar(255) not null,
        papel enum ('ADMIN','USER') not null,
        primary key (id)
    )
2026-07-20 16:53:33 [main] DEBUG org.hibernate.SQL - 
    alter table if exists itens_pedido 
       add constraint FK42mycompce3b7yt3l6ukdwsxy 
       foreign key (pedido_id) 
       references pedidos
2026-07-20 16:53:33 [main] DEBUG org.hibernate.SQL - 
    alter table if exists itens_pedido 
       add constraint FKxytdlekpdaobqphujy9bmuhl 
       foreign key (produto_id) 
       references produtos
2026-07-20 16:53:33 [main] DEBUG org.hibernate.SQL - 
    alter table if exists pagamentos 
       add constraint FKb0dh6865y8h4irwdrl4ici3kl 
       foreign key (pedido_id) 
       references pedidos
2026-07-20 16:53:33 [main] DEBUG org.hibernate.SQL - 
    alter table if exists pedidos 
       add constraint FKg7202lk0hwxn04bmdl2thth5b 
       foreign key (cliente_id) 
       references clientes
2026-07-20 16:53:33 [main] DEBUG org.hibernate.SQL - 
    alter table if exists produtos 
       add constraint FK8rqw0ljwdaom34jr2t46bjtrn 
       foreign key (categoria_id) 
       references categorias
2026-07-20 16:53:33 [main] INFO  o.s.o.j.LocalContainerEntityManagerFactoryBean - Initialized JPA EntityManagerFactory for persistence unit 'default'
2026-07-20 16:53:35 [main] DEBUG o.s.w.s.m.m.a.RequestMappingHandlerMapping - 45 mappings in 'requestMappingHandlerMapping'
2026-07-20 16:53:35 [main] DEBUG o.s.w.s.h.SimpleUrlHandlerMapping - Patterns [/h2-console] in 'viewControllerHandlerMapping'
2026-07-20 16:53:35 [main] DEBUG o.s.w.s.h.SimpleUrlHandlerMapping - Patterns [/webjars/**, /**, /swagger-ui/**, /swagger-ui/*swagger-initializer.js, /webjars/*swagger-ui/**, /webjars/*swagger-ui/*swagger-initializer.js, /webjars/*swagger-ui/5.32.2/*swagger-initializer.js] in 'resourceHandlerMapping'
2026-07-20 16:53:35 [main] DEBUG o.s.s.c.a.a.c.AuthenticationConfiguration$DefaultPasswordEncoderAuthenticationManagerBuilder - No authenticationProviders and no parentAuthenticationManager defined. Returning null.
2026-07-20 16:53:36 [main] DEBUG o.s.s.web.DefaultSecurityFilterChain - Will secure any request with filters: DisableEncodeUrlFilter, WebAsyncManagerIntegrationFilter, SecurityContextHolderFilter, HeaderWriterFilter, LogoutFilter, JwtAuthenticationFilter, RequestCacheAwareFilter, SecurityContextHolderAwareRequestFilter, AnonymousAuthenticationFilter, SessionManagementFilter, ExceptionTranslationFilter, AuthorizationFilter
2026-07-20 16:53:36 [main] DEBUG o.s.w.s.m.m.a.RequestMappingHandlerAdapter - ControllerAdvice beans: 0 @ModelAttribute, 0 @InitBinder, 1 RequestBodyAdvice, 1 ResponseBodyAdvice
2026-07-20 16:53:36 [main] DEBUG o.s.w.s.m.m.a.ExceptionHandlerExceptionResolver - ControllerAdvice beans: 2 @ExceptionHandler, 1 ResponseBodyAdvice
2026-07-20 16:53:37 [main] INFO  o.a.coyote.http11.Http11NioProtocol - Starting ProtocolHandler ["http-nio-auto-1"]
2026-07-20 16:53:37 [main] INFO  o.s.b.w.e.tomcat.TomcatWebServer - Tomcat started on port 63115 (http) with context path '/api'
2026-07-20 16:53:37 [main] INFO  com.ecommerce.AuthenticationIT - Started AuthenticationIT in 29.175 seconds (process running for 36.686)
2026-07-20 16:53:37 [main] WARN  o.s.c.events.SpringDocAppInitializer - SpringDoc /v3/api-docs endpoint is enabled by default. To disable it in production, set the property 'springdoc.api-docs.enabled=false'
2026-07-20 16:53:40 [http-nio-auto-1-exec-1] INFO  o.a.c.c.C.[.[localhost].[/api] - Initializing Spring DispatcherServlet 'dispatcherServlet'
2026-07-20 16:53:40 [http-nio-auto-1-exec-1] INFO  o.s.web.servlet.DispatcherServlet - Initializing Servlet 'dispatcherServlet'
2026-07-20 16:53:40 [http-nio-auto-1-exec-1] DEBUG o.s.web.servlet.DispatcherServlet - Detected StandardServletMultipartResolver
2026-07-20 16:53:40 [http-nio-auto-1-exec-1] DEBUG o.s.web.servlet.DispatcherServlet - Detected AcceptHeaderLocaleResolver
2026-07-20 16:53:40 [http-nio-auto-1-exec-1] DEBUG o.s.web.servlet.DispatcherServlet - Detected FixedThemeResolver
2026-07-20 16:53:40 [http-nio-auto-1-exec-1] DEBUG o.s.web.servlet.DispatcherServlet - Detected org.springframework.web.servlet.view.DefaultRequestToViewNameTranslator@336af15e
2026-07-20 16:53:40 [http-nio-auto-1-exec-1] DEBUG o.s.web.servlet.DispatcherServlet - Detected org.springframework.web.servlet.support.SessionFlashMapManager@7cbf2b90
2026-07-20 16:53:40 [http-nio-auto-1-exec-1] DEBUG o.s.web.servlet.DispatcherServlet - enableLoggingRequestDetails='false': request parameters and headers will be masked to prevent unsafe logging of potentially sensitive data
2026-07-20 16:53:40 [http-nio-auto-1-exec-1] INFO  o.s.web.servlet.DispatcherServlet - Completed initialization in 4 ms
2026-07-20 16:53:40 [http-nio-auto-1-exec-1] DEBUG o.s.security.web.FilterChainProxy - Securing GET /v3/api-docs
2026-07-20 16:53:40 [http-nio-auto-1-exec-1] DEBUG o.s.s.w.a.AnonymousAuthenticationFilter - Set SecurityContextHolder to anonymous SecurityContext
2026-07-20 16:53:40 [http-nio-auto-1-exec-1] DEBUG o.s.security.web.FilterChainProxy - Secured GET /v3/api-docs
2026-07-20 16:53:40 [http-nio-auto-1-exec-1] DEBUG o.s.web.servlet.DispatcherServlet - GET "/api/v3/api-docs", parameters={}
2026-07-20 16:53:40 [http-nio-auto-1-exec-1] DEBUG o.s.w.s.m.m.a.RequestMappingHandlerMapping - Mapped to org.springdoc.webmvc.api.OpenApiWebMvcResource#openapiJson(HttpServletRequest, String, Locale)
2026-07-20 16:53:42 [http-nio-auto-1-exec-1] INFO  o.s.api.AbstractOpenApiResource - Init duration for springdoc-openapi is: 1773 ms
2026-07-20 16:53:42 [http-nio-auto-1-exec-1] DEBUG o.s.w.s.m.m.a.RequestResponseBodyMethodProcessor - Using 'application/json', given [*/*] and supported [application/json]
2026-07-20 16:53:42 [http-nio-auto-1-exec-1] DEBUG o.s.w.s.m.m.a.RequestResponseBodyMethodProcessor - Writing [{123, 34, 111, 112, 101, 110, 97, 112, 105, 34, 58, 34, 51, 46, 49, 46, 48, 34, 44, 34, 105, 110, 10 (truncated)...]
2026-07-20 16:53:42 [http-nio-auto-1-exec-1] DEBUG o.s.web.servlet.DispatcherServlet - Completed 200 OK
2026-07-20 16:53:43 [http-nio-auto-1-exec-2] DEBUG o.s.security.web.FilterChainProxy - Securing POST /auth/registrar
2026-07-20 16:53:43 [http-nio-auto-1-exec-2] DEBUG o.s.s.w.a.AnonymousAuthenticationFilter - Set SecurityContextHolder to anonymous SecurityContext
2026-07-20 16:53:43 [http-nio-auto-1-exec-2] DEBUG o.s.security.web.FilterChainProxy - Secured POST /auth/registrar
2026-07-20 16:53:43 [http-nio-auto-1-exec-2] DEBUG o.s.web.servlet.DispatcherServlet - POST "/api/auth/registrar", parameters={}
2026-07-20 16:53:43 [http-nio-auto-1-exec-2] DEBUG o.s.w.s.m.m.a.RequestMappingHandlerMapping - Mapped to com.ecommerce.api.controller.AuthController#registrar(UsuarioDTO)
2026-07-20 16:53:43 [http-nio-auto-1-exec-2] DEBUG o.s.w.s.m.m.a.RequestResponseBodyMethodProcessor - Read "application/json;charset=UTF-8" to [UsuarioDTO(id=null, email=it-senha-29dda035-97d0-4c15-8a0e-50d28fd983ab@teste.com, senha=senha123, n (truncated)...]
2026-07-20 16:53:43 [http-nio-auto-1-exec-2] INFO  c.e.api.controller.AuthController - Registrando novo usuário: it-senha-29dda035-97d0-4c15-8a0e-50d28fd983ab@teste.com
2026-07-20 16:53:43 [http-nio-auto-1-exec-2] DEBUG org.hibernate.SQL - 
    /* <criteria> */ select
        u1_0.id 
    from
        usuarios u1_0 
    where
        u1_0.email=? 
    fetch
        first ? rows only
2026-07-20 16:53:44 [http-nio-auto-1-exec-2] DEBUG org.hibernate.SQL - 
    /* insert for
        com.ecommerce.api.model.Usuario */insert 
    into
        usuarios (ativo, email, nome, papel, senha, id) 
    values
        (?, ?, ?, ?, ?, default)
2026-07-20 16:53:44 [http-nio-auto-1-exec-2] INFO  c.e.api.service.UsuarioService - Novo usuário registrado: it-senha-29dda035-97d0-4c15-8a0e-50d28fd983ab@teste.com
2026-07-20 16:53:44 [http-nio-auto-1-exec-2] DEBUG o.s.w.s.m.m.a.HttpEntityMethodProcessor - Using 'application/json', given [*/*] and supported [application/json, application/*+json, application/yaml]
2026-07-20 16:53:44 [http-nio-auto-1-exec-2] DEBUG o.s.w.s.m.m.a.HttpEntityMethodProcessor - Writing [UsuarioDTO(id=1, email=it-senha-29dda035-97d0-4c15-8a0e-50d28fd983ab@teste.com, senha=null, nome=Usu (truncated)...]
2026-07-20 16:53:44 [http-nio-auto-1-exec-2] DEBUG o.s.web.servlet.DispatcherServlet - Completed 201 CREATED
2026-07-20 16:53:44 [http-nio-auto-1-exec-3] DEBUG o.s.security.web.FilterChainProxy - Securing POST /auth/login
2026-07-20 16:53:44 [http-nio-auto-1-exec-3] DEBUG o.s.s.w.a.AnonymousAuthenticationFilter - Set SecurityContextHolder to anonymous SecurityContext
2026-07-20 16:53:44 [http-nio-auto-1-exec-3] DEBUG o.s.security.web.FilterChainProxy - Secured POST /auth/login
2026-07-20 16:53:44 [http-nio-auto-1-exec-3] DEBUG o.s.web.servlet.DispatcherServlet - POST "/api/auth/login", parameters={}
2026-07-20 16:53:44 [http-nio-auto-1-exec-3] DEBUG o.s.w.s.m.m.a.RequestMappingHandlerMapping - Mapped to com.ecommerce.api.controller.AuthController#login(LoginRequest)
2026-07-20 16:53:44 [http-nio-auto-1-exec-3] DEBUG o.s.w.s.m.m.a.RequestResponseBodyMethodProcessor - Read "application/json;charset=UTF-8" to [LoginRequest(email=it-senha-29dda035-97d0-4c15-8a0e-50d28fd983ab@teste.com, senha=senhaErrada)]
2026-07-20 16:53:44 [http-nio-auto-1-exec-3] INFO  c.e.api.controller.AuthController - Login realizado para: it-senha-29dda035-97d0-4c15-8a0e-50d28fd983ab@teste.com
2026-07-20 16:53:44 [http-nio-auto-1-exec-3] DEBUG org.hibernate.SQL - 
    /* <criteria> */ select
        u1_0.id,
        u1_0.ativo,
        u1_0.email,
        u1_0.nome,
        u1_0.papel,
        u1_0.senha 
    from
        usuarios u1_0 
    where
        u1_0.email=?
2026-07-20 16:53:44 [http-nio-auto-1-exec-3] WARN  c.e.api.service.UsuarioService - Tentativa de login com senha incorreta: it-senha-29dda035-97d0-4c15-8a0e-50d28fd983ab@teste.com
2026-07-20 16:53:44 [http-nio-auto-1-exec-3] DEBUG o.s.w.s.m.m.a.ExceptionHandlerExceptionResolver - Using @ExceptionHandler com.ecommerce.api.exception.GlobalExceptionHandler#handleIllegalArgument(IllegalArgumentException, WebRequest)
2026-07-20 16:53:44 [http-nio-auto-1-exec-3] ERROR c.e.a.e.GlobalExceptionHandler - Argumento inválido: Senha incorreta
2026-07-20 16:53:44 [http-nio-auto-1-exec-3] DEBUG o.s.w.s.m.m.a.HttpEntityMethodProcessor - Using 'application/json', given [*/*] and supported [application/json, application/*+json, application/yaml]
2026-07-20 16:53:44 [http-nio-auto-1-exec-3] DEBUG o.s.w.s.m.m.a.HttpEntityMethodProcessor - Writing [ErrorResponse(timestamp=2026-07-20T16:53:44.349674, status=400, erro=Argumento inválido, mensagem=Se (truncated)...]
2026-07-20 16:53:44 [http-nio-auto-1-exec-3] DEBUG o.s.w.s.m.m.a.ExceptionHandlerExceptionResolver - Resolved [java.lang.IllegalArgumentException: Senha incorreta]
2026-07-20 16:53:44 [http-nio-auto-1-exec-3] DEBUG o.s.web.servlet.DispatcherServlet - Completed 400 BAD_REQUEST
2026-07-20 16:53:44 [http-nio-auto-1-exec-4] DEBUG o.s.security.web.FilterChainProxy - Securing POST /auth/registrar
2026-07-20 16:53:44 [http-nio-auto-1-exec-4] DEBUG o.s.s.w.a.AnonymousAuthenticationFilter - Set SecurityContextHolder to anonymous SecurityContext
2026-07-20 16:53:44 [http-nio-auto-1-exec-4] DEBUG o.s.security.web.FilterChainProxy - Secured POST /auth/registrar
2026-07-20 16:53:44 [http-nio-auto-1-exec-4] DEBUG o.s.web.servlet.DispatcherServlet - POST "/api/auth/registrar", parameters={}
2026-07-20 16:53:44 [http-nio-auto-1-exec-4] DEBUG o.s.w.s.m.m.a.RequestMappingHandlerMapping - Mapped to com.ecommerce.api.controller.AuthController#registrar(UsuarioDTO)
2026-07-20 16:53:44 [http-nio-auto-1-exec-4] DEBUG o.s.w.s.m.m.a.RequestResponseBodyMethodProcessor - Read "application/json;charset=UTF-8" to [UsuarioDTO(id=null, email=nao-e-email, senha=senha123, nome=Usuário IT, papel=USER, ativo=true)]
2026-07-20 16:53:44 [http-nio-auto-1-exec-4] DEBUG o.s.w.s.m.m.a.ExceptionHandlerExceptionResolver - Using @ExceptionHandler com.ecommerce.api.exception.GlobalExceptionHandler#handleValidationExceptions(MethodArgumentNotValidException, WebRequest)
2026-07-20 16:53:44 [http-nio-auto-1-exec-4] ERROR c.e.a.e.GlobalExceptionHandler - Erro de validação: {email=Email inválido}
2026-07-20 16:53:44 [http-nio-auto-1-exec-4] DEBUG o.s.w.s.m.m.a.HttpEntityMethodProcessor - Using 'application/json', given [*/*] and supported [application/json, application/*+json, application/yaml]
2026-07-20 16:53:44 [http-nio-auto-1-exec-4] DEBUG o.s.w.s.m.m.a.HttpEntityMethodProcessor - Writing [ErrorResponse(timestamp=2026-07-20T16:53:44.415500600, status=400, erro=Erro de validação, mensagem= (truncated)...]
2026-07-20 16:53:44 [http-nio-auto-1-exec-4] DEBUG o.s.w.s.m.m.a.ExceptionHandlerExceptionResolver - Resolved [org.springframework.web.bind.MethodArgumentNotValidException: Validation failed for argument [0] in public org.springframework.http.ResponseEntity<com.ecommerce.api.dto.UsuarioDTO> com.ecommerce.api.controller.AuthController.registrar(com.ecommerce.api.dto.UsuarioDTO): [Field error in object 'usuarioDTO' on field 'email': rejected value [nao-e-email]; codes [Email.usuarioDTO.email,Email.email,Email.java.lang.String,Email]; arguments [org.springframework.context.support.DefaultMessageSourceResolvable: codes [usuarioDTO.email,email]; arguments []; default message [email],[Ljakarta.validation.constraints.Pattern$Flag;@5fd1a142,.*]; default message [Email inválido]] ]
2026-07-20 16:53:44 [http-nio-auto-1-exec-4] DEBUG o.s.web.servlet.DispatcherServlet - Completed 400 BAD_REQUEST
2026-07-20 16:53:44 [http-nio-auto-1-exec-5] DEBUG o.s.security.web.FilterChainProxy - Securing POST /auth/registrar
2026-07-20 16:53:44 [http-nio-auto-1-exec-5] DEBUG o.s.s.w.a.AnonymousAuthenticationFilter - Set SecurityContextHolder to anonymous SecurityContext
2026-07-20 16:53:44 [http-nio-auto-1-exec-5] DEBUG o.s.security.web.FilterChainProxy - Secured POST /auth/registrar
2026-07-20 16:53:44 [http-nio-auto-1-exec-5] DEBUG o.s.web.servlet.DispatcherServlet - POST "/api/auth/registrar", parameters={}
2026-07-20 16:53:44 [http-nio-auto-1-exec-5] DEBUG o.s.w.s.m.m.a.RequestMappingHandlerMapping - Mapped to com.ecommerce.api.controller.AuthController#registrar(UsuarioDTO)
2026-07-20 16:53:44 [http-nio-auto-1-exec-5] DEBUG o.s.w.s.m.m.a.RequestResponseBodyMethodProcessor - Read "application/json;charset=UTF-8" to [UsuarioDTO(id=null, email=it-45d9a38c-c650-4bbc-b80f-4f4cd68f9ae4@teste.com, senha=senha123, nome=Us (truncated)...]
2026-07-20 16:53:44 [http-nio-auto-1-exec-5] INFO  c.e.api.controller.AuthController - Registrando novo usuário: it-45d9a38c-c650-4bbc-b80f-4f4cd68f9ae4@teste.com
2026-07-20 16:53:44 [http-nio-auto-1-exec-5] DEBUG org.hibernate.SQL - 
    /* <criteria> */ select
        u1_0.id 
    from
        usuarios u1_0 
    where
        u1_0.email=? 
    fetch
        first ? rows only
2026-07-20 16:53:44 [http-nio-auto-1-exec-5] DEBUG org.hibernate.SQL - 
    /* insert for
        com.ecommerce.api.model.Usuario */insert 
    into
        usuarios (ativo, email, nome, papel, senha, id) 
    values
        (?, ?, ?, ?, ?, default)
2026-07-20 16:53:44 [http-nio-auto-1-exec-5] INFO  c.e.api.service.UsuarioService - Novo usuário registrado: it-45d9a38c-c650-4bbc-b80f-4f4cd68f9ae4@teste.com
2026-07-20 16:53:44 [http-nio-auto-1-exec-5] DEBUG o.s.w.s.m.m.a.HttpEntityMethodProcessor - Using 'application/json', given [*/*] and supported [application/json, application/*+json, application/yaml]
2026-07-20 16:53:44 [http-nio-auto-1-exec-5] DEBUG o.s.w.s.m.m.a.HttpEntityMethodProcessor - Writing [UsuarioDTO(id=2, email=it-45d9a38c-c650-4bbc-b80f-4f4cd68f9ae4@teste.com, senha=null, nome=Usuário I (truncated)...]
2026-07-20 16:53:44 [http-nio-auto-1-exec-5] DEBUG o.s.web.servlet.DispatcherServlet - Completed 201 CREATED
2026-07-20 16:53:45 [http-nio-auto-1-exec-7] DEBUG o.s.security.web.FilterChainProxy - Securing POST /auth/login
2026-07-20 16:53:45 [http-nio-auto-1-exec-7] DEBUG o.s.s.w.a.AnonymousAuthenticationFilter - Set SecurityContextHolder to anonymous SecurityContext
2026-07-20 16:53:45 [http-nio-auto-1-exec-7] DEBUG o.s.security.web.FilterChainProxy - Secured POST /auth/login
2026-07-20 16:53:45 [http-nio-auto-1-exec-7] DEBUG o.s.web.servlet.DispatcherServlet - POST "/api/auth/login", parameters={}
2026-07-20 16:53:45 [http-nio-auto-1-exec-7] DEBUG o.s.w.s.m.m.a.RequestMappingHandlerMapping - Mapped to com.ecommerce.api.controller.AuthController#login(LoginRequest)
2026-07-20 16:53:45 [http-nio-auto-1-exec-7] DEBUG o.s.w.s.m.m.a.RequestResponseBodyMethodProcessor - Read "application/json;charset=UTF-8" to [LoginRequest(email=it-45d9a38c-c650-4bbc-b80f-4f4cd68f9ae4@teste.com, senha=senha123)]
2026-07-20 16:53:45 [http-nio-auto-1-exec-7] INFO  c.e.api.controller.AuthController - Login realizado para: it-45d9a38c-c650-4bbc-b80f-4f4cd68f9ae4@teste.com
2026-07-20 16:53:45 [http-nio-auto-1-exec-7] DEBUG org.hibernate.SQL - 
    /* <criteria> */ select
        u1_0.id,
        u1_0.ativo,
        u1_0.email,
        u1_0.nome,
        u1_0.papel,
        u1_0.senha 
    from
        usuarios u1_0 
    where
        u1_0.email=?
2026-07-20 16:53:46 [http-nio-auto-1-exec-7] DEBUG c.ecommerce.api.security.JwtProvider - Gerando token JWT para usuário: it-45d9a38c-c650-4bbc-b80f-4f4cd68f9ae4@teste.com
2026-07-20 16:53:46 [http-nio-auto-1-exec-7] INFO  c.e.api.service.UsuarioService - Login realizado com sucesso: it-45d9a38c-c650-4bbc-b80f-4f4cd68f9ae4@teste.com
2026-07-20 16:53:46 [http-nio-auto-1-exec-7] DEBUG o.s.w.s.m.m.a.HttpEntityMethodProcessor - Using 'application/json', given [*/*] and supported [application/json, application/*+json, application/yaml]
2026-07-20 16:53:46 [http-nio-auto-1-exec-7] DEBUG o.s.w.s.m.m.a.HttpEntityMethodProcessor - Writing [LoginResponse(token=eyJhbGciOiJIUzUxMiJ9.eyJzdWIiOiJpdC00NWQ5YTM4Yy1jNjUwLTRiYmMtYjgwZi00ZjRjZDY4Zjl (truncated)...]
2026-07-20 16:53:46 [http-nio-auto-1-exec-7] DEBUG o.s.web.servlet.DispatcherServlet - Completed 200 OK
2026-07-20 16:53:46 [http-nio-auto-1-exec-8] DEBUG o.s.security.web.FilterChainProxy - Securing GET /produtos/todos
2026-07-20 16:53:46 [http-nio-auto-1-exec-8] DEBUG o.s.s.w.a.AnonymousAuthenticationFilter - Set SecurityContextHolder to anonymous SecurityContext
2026-07-20 16:53:46 [http-nio-auto-1-exec-9] DEBUG o.s.security.web.FilterChainProxy - Securing GET /produtos/todos
2026-07-20 16:53:46 [http-nio-auto-1-exec-9] DEBUG c.ecommerce.api.security.JwtProvider - Token JWT válido
2026-07-20 16:53:46 [http-nio-auto-1-exec-9] DEBUG o.s.security.web.FilterChainProxy - Secured GET /produtos/todos
2026-07-20 16:53:46 [http-nio-auto-1-exec-9] DEBUG o.s.web.servlet.DispatcherServlet - GET "/api/produtos/todos", parameters={}
2026-07-20 16:53:46 [http-nio-auto-1-exec-9] DEBUG o.s.w.s.m.m.a.RequestMappingHandlerMapping - Mapped to com.ecommerce.api.controller.ProdutoController#listarTodos()
2026-07-20 16:53:46 [http-nio-auto-1-exec-9] INFO  c.e.api.controller.ProdutoController - GET /api/produtos/todos
2026-07-20 16:53:46 [http-nio-auto-1-exec-9] INFO  c.e.api.service.ProdutoService - Listando todos os produtos
2026-07-20 16:53:46 [http-nio-auto-1-exec-9] DEBUG org.hibernate.SQL - 
    /* <criteria> */ select
        p1_0.id,
        p1_0.ativo,
        p1_0.categoria_id,
        p1_0.descricao,
        p1_0.estoque,
        p1_0.nome,
        p1_0.preco 
    from
        produtos p1_0
2026-07-20 16:53:46 [http-nio-auto-1-exec-9] DEBUG o.s.w.s.m.m.a.HttpEntityMethodProcessor - Using 'application/json', given [*/*] and supported [application/json, application/*+json, application/yaml]
2026-07-20 16:53:46 [http-nio-auto-1-exec-9] DEBUG o.s.w.s.m.m.a.HttpEntityMethodProcessor - Writing [[]]
2026-07-20 16:53:46 [http-nio-auto-1-exec-9] DEBUG o.s.web.servlet.DispatcherServlet - Completed 200 OK
2026-07-20 16:53:46 [main] INFO  o.s.t.c.s.AnnotationConfigContextLoaderUtils - Could not detect default configuration classes for test class [com.ecommerce.EcommerceFlowIT]: EcommerceFlowIT does not declare any static, non-private, non-final, nested classes annotated with @Configuration.
2026-07-20 16:53:46 [main] INFO  o.s.b.t.c.SpringBootTestContextBootstrapper - Found @SpringBootConfiguration com.ecommerce.Application for test class com.ecommerce.EcommerceFlowIT
2026-07-20 16:53:46 [http-nio-auto-1-exec-10] DEBUG o.s.security.web.FilterChainProxy - Securing POST /auth/registrar
2026-07-20 16:53:46 [http-nio-auto-1-exec-10] DEBUG o.s.s.w.a.AnonymousAuthenticationFilter - Set SecurityContextHolder to anonymous SecurityContext
2026-07-20 16:53:46 [http-nio-auto-1-exec-10] DEBUG o.s.security.web.FilterChainProxy - Secured POST /auth/registrar
2026-07-20 16:53:46 [http-nio-auto-1-exec-10] DEBUG o.s.web.servlet.DispatcherServlet - POST "/api/auth/registrar", parameters={}
2026-07-20 16:53:46 [http-nio-auto-1-exec-10] DEBUG o.s.w.s.m.m.a.RequestMappingHandlerMapping - Mapped to com.ecommerce.api.controller.AuthController#registrar(UsuarioDTO)
2026-07-20 16:53:46 [http-nio-auto-1-exec-10] DEBUG o.s.w.s.m.m.a.RequestResponseBodyMethodProcessor - Read "application/json;charset=UTF-8" to [UsuarioDTO(id=null, email=flow-accc324b-477c-4318-b89f-3d36129edb91@teste.com, senha=senha123, nome= (truncated)...]
2026-07-20 16:53:46 [http-nio-auto-1-exec-10] INFO  c.e.api.controller.AuthController - Registrando novo usuário: flow-accc324b-477c-4318-b89f-3d36129edb91@teste.com
2026-07-20 16:53:46 [http-nio-auto-1-exec-10] DEBUG org.hibernate.SQL - 
    /* <criteria> */ select
        u1_0.id 
    from
        usuarios u1_0 
    where
        u1_0.email=? 
    fetch
        first ? rows only
2026-07-20 16:53:46 [http-nio-auto-1-exec-10] DEBUG org.hibernate.SQL - 
    /* insert for
        com.ecommerce.api.model.Usuario */insert 
    into
        usuarios (ativo, email, nome, papel, senha, id) 
    values
        (?, ?, ?, ?, ?, default)
2026-07-20 16:53:46 [http-nio-auto-1-exec-10] INFO  c.e.api.service.UsuarioService - Novo usuário registrado: flow-accc324b-477c-4318-b89f-3d36129edb91@teste.com
2026-07-20 16:53:46 [http-nio-auto-1-exec-10] DEBUG o.s.w.s.m.m.a.HttpEntityMethodProcessor - Using 'application/json', given [*/*] and supported [application/json, application/*+json, application/yaml]
2026-07-20 16:53:46 [http-nio-auto-1-exec-10] DEBUG o.s.w.s.m.m.a.HttpEntityMethodProcessor - Writing [UsuarioDTO(id=3, email=flow-accc324b-477c-4318-b89f-3d36129edb91@teste.com, senha=null, nome=Usuário (truncated)...]
2026-07-20 16:53:46 [http-nio-auto-1-exec-10] DEBUG o.s.web.servlet.DispatcherServlet - Completed 201 CREATED
2026-07-20 16:53:46 [http-nio-auto-1-exec-1] DEBUG o.s.security.web.FilterChainProxy - Securing POST /auth/login
2026-07-20 16:53:46 [http-nio-auto-1-exec-1] DEBUG o.s.s.w.a.AnonymousAuthenticationFilter - Set SecurityContextHolder to anonymous SecurityContext
2026-07-20 16:53:46 [http-nio-auto-1-exec-1] DEBUG o.s.security.web.FilterChainProxy - Secured POST /auth/login
2026-07-20 16:53:46 [http-nio-auto-1-exec-1] DEBUG o.s.web.servlet.DispatcherServlet - POST "/api/auth/login", parameters={}
2026-07-20 16:53:46 [http-nio-auto-1-exec-1] DEBUG o.s.w.s.m.m.a.RequestMappingHandlerMapping - Mapped to com.ecommerce.api.controller.AuthController#login(LoginRequest)
2026-07-20 16:53:46 [http-nio-auto-1-exec-1] DEBUG o.s.w.s.m.m.a.RequestResponseBodyMethodProcessor - Read "application/json;charset=UTF-8" to [LoginRequest(email=flow-accc324b-477c-4318-b89f-3d36129edb91@teste.com, senha=senha123)]
2026-07-20 16:53:46 [http-nio-auto-1-exec-1] INFO  c.e.api.controller.AuthController - Login realizado para: flow-accc324b-477c-4318-b89f-3d36129edb91@teste.com
2026-07-20 16:53:46 [http-nio-auto-1-exec-1] DEBUG org.hibernate.SQL - 
    /* <criteria> */ select
        u1_0.id,
        u1_0.ativo,
        u1_0.email,
        u1_0.nome,
        u1_0.papel,
        u1_0.senha 
    from
        usuarios u1_0 
    where
        u1_0.email=?
2026-07-20 16:53:46 [http-nio-auto-1-exec-1] DEBUG c.ecommerce.api.security.JwtProvider - Gerando token JWT para usuário: flow-accc324b-477c-4318-b89f-3d36129edb91@teste.com
2026-07-20 16:53:46 [http-nio-auto-1-exec-1] INFO  c.e.api.service.UsuarioService - Login realizado com sucesso: flow-accc324b-477c-4318-b89f-3d36129edb91@teste.com
2026-07-20 16:53:46 [http-nio-auto-1-exec-1] DEBUG o.s.w.s.m.m.a.HttpEntityMethodProcessor - Using 'application/json', given [*/*] and supported [application/json, application/*+json, application/yaml]
2026-07-20 16:53:46 [http-nio-auto-1-exec-1] DEBUG o.s.w.s.m.m.a.HttpEntityMethodProcessor - Writing [LoginResponse(token=eyJhbGciOiJIUzUxMiJ9.eyJzdWIiOiJmbG93LWFjY2MzMjRiLTQ3N2MtNDMxOC1iODlmLTNkMzYxMjl (truncated)...]
2026-07-20 16:53:46 [http-nio-auto-1-exec-1] DEBUG o.s.web.servlet.DispatcherServlet - Completed 200 OK
2026-07-20 16:53:46 [http-nio-auto-1-exec-2] DEBUG o.s.security.web.FilterChainProxy - Securing POST /pedidos
2026-07-20 16:53:46 [http-nio-auto-1-exec-2] DEBUG c.ecommerce.api.security.JwtProvider - Token JWT válido
2026-07-20 16:53:46 [http-nio-auto-1-exec-2] DEBUG o.s.security.web.FilterChainProxy - Secured POST /pedidos
2026-07-20 16:53:46 [http-nio-auto-1-exec-2] DEBUG o.s.web.servlet.DispatcherServlet - POST "/api/pedidos", parameters={}
2026-07-20 16:53:46 [http-nio-auto-1-exec-2] DEBUG o.s.w.s.m.m.a.RequestMappingHandlerMapping - Mapped to com.ecommerce.api.controller.PedidoController#criar(PedidoDTO)
2026-07-20 16:53:46 [http-nio-auto-1-exec-2] DEBUG o.s.w.s.m.m.a.RequestResponseBodyMethodProcessor - Read "application/json;charset=UTF-8" to [PedidoDTO(id=null, clienteId=999999, total=100.0, status=null, dataCriacao=null, dataAtualizacao=nul (truncated)...]
2026-07-20 16:53:46 [http-nio-auto-1-exec-2] DEBUG org.hibernate.SQL - 
    select
        c1_0.id,
        c1_0.ativo,
        c1_0.cpf,
        c1_0.data_atualizacao,
        c1_0.data_criacao,
        c1_0.email,
        c1_0.endereco,
        c1_0.nome,
        c1_0.telefone 
    from
        clientes c1_0 
    where
        c1_0.id=?
2026-07-20 16:53:46 [http-nio-auto-1-exec-2] DEBUG o.s.w.s.m.m.a.ExceptionHandlerExceptionResolver - Using @ExceptionHandler com.ecommerce.api.exception.GlobalExceptionHandler#handleRecursoNaoEncontrado(RecursoNaoEncontradoException, WebRequest)
2026-07-20 16:53:46 [http-nio-auto-1-exec-2] ERROR c.e.a.e.GlobalExceptionHandler - Recurso não encontrado: Cliente não encontrado com ID: 999999
2026-07-20 16:53:46 [http-nio-auto-1-exec-2] DEBUG o.s.w.s.m.m.a.HttpEntityMethodProcessor - Using 'application/json', given [*/*] and supported [application/json, application/*+json, application/yaml]
2026-07-20 16:53:46 [http-nio-auto-1-exec-2] DEBUG o.s.w.s.m.m.a.HttpEntityMethodProcessor - Writing [ErrorResponse(timestamp=2026-07-20T16:53:46.929413900, status=404, erro=Recurso não encontrado, mens (truncated)...]
2026-07-20 16:53:46 [http-nio-auto-1-exec-2] DEBUG o.s.w.s.m.m.a.ExceptionHandlerExceptionResolver - Resolved [com.ecommerce.api.exception.RecursoNaoEncontradoException: Cliente não encontrado com ID: 999999]
2026-07-20 16:53:46 [http-nio-auto-1-exec-2] DEBUG o.s.web.servlet.DispatcherServlet - Completed 404 NOT_FOUND
2026-07-20 16:53:46 [http-nio-auto-1-exec-3] DEBUG o.s.security.web.FilterChainProxy - Securing POST /auth/registrar
2026-07-20 16:53:46 [http-nio-auto-1-exec-3] DEBUG o.s.s.w.a.AnonymousAuthenticationFilter - Set SecurityContextHolder to anonymous SecurityContext
2026-07-20 16:53:46 [http-nio-auto-1-exec-3] DEBUG o.s.security.web.FilterChainProxy - Secured POST /auth/registrar
2026-07-20 16:53:46 [http-nio-auto-1-exec-3] DEBUG o.s.web.servlet.DispatcherServlet - POST "/api/auth/registrar", parameters={}
2026-07-20 16:53:46 [http-nio-auto-1-exec-3] DEBUG o.s.w.s.m.m.a.RequestMappingHandlerMapping - Mapped to com.ecommerce.api.controller.AuthController#registrar(UsuarioDTO)
2026-07-20 16:53:46 [http-nio-auto-1-exec-3] DEBUG o.s.w.s.m.m.a.RequestResponseBodyMethodProcessor - Read "application/json;charset=UTF-8" to [UsuarioDTO(id=null, email=flow-3266aeae-a627-435f-b127-e9199140029e@teste.com, senha=senha123, nome= (truncated)...]
2026-07-20 16:53:46 [http-nio-auto-1-exec-3] INFO  c.e.api.controller.AuthController - Registrando novo usuário: flow-3266aeae-a627-435f-b127-e9199140029e@teste.com
2026-07-20 16:53:46 [http-nio-auto-1-exec-3] DEBUG org.hibernate.SQL - 
    /* <criteria> */ select
        u1_0.id 
    from
        usuarios u1_0 
    where
        u1_0.email=? 
    fetch
        first ? rows only
2026-07-20 16:53:47 [http-nio-auto-1-exec-3] DEBUG org.hibernate.SQL - 
    /* insert for
        com.ecommerce.api.model.Usuario */insert 
    into
        usuarios (ativo, email, nome, papel, senha, id) 
    values
        (?, ?, ?, ?, ?, default)
2026-07-20 16:53:47 [http-nio-auto-1-exec-3] INFO  c.e.api.service.UsuarioService - Novo usuário registrado: flow-3266aeae-a627-435f-b127-e9199140029e@teste.com
2026-07-20 16:53:47 [http-nio-auto-1-exec-3] DEBUG o.s.w.s.m.m.a.HttpEntityMethodProcessor - Using 'application/json', given [*/*] and supported [application/json, application/*+json, application/yaml]
2026-07-20 16:53:47 [http-nio-auto-1-exec-3] DEBUG o.s.w.s.m.m.a.HttpEntityMethodProcessor - Writing [UsuarioDTO(id=4, email=flow-3266aeae-a627-435f-b127-e9199140029e@teste.com, senha=null, nome=Usuário (truncated)...]
2026-07-20 16:53:47 [http-nio-auto-1-exec-3] DEBUG o.s.web.servlet.DispatcherServlet - Completed 201 CREATED
2026-07-20 16:53:47 [http-nio-auto-1-exec-4] DEBUG o.s.security.web.FilterChainProxy - Securing POST /auth/login
2026-07-20 16:53:47 [http-nio-auto-1-exec-4] DEBUG o.s.s.w.a.AnonymousAuthenticationFilter - Set SecurityContextHolder to anonymous SecurityContext
2026-07-20 16:53:47 [http-nio-auto-1-exec-4] DEBUG o.s.security.web.FilterChainProxy - Secured POST /auth/login
2026-07-20 16:53:47 [http-nio-auto-1-exec-4] DEBUG o.s.web.servlet.DispatcherServlet - POST "/api/auth/login", parameters={}
2026-07-20 16:53:47 [http-nio-auto-1-exec-4] DEBUG o.s.w.s.m.m.a.RequestMappingHandlerMapping - Mapped to com.ecommerce.api.controller.AuthController#login(LoginRequest)
2026-07-20 16:53:47 [http-nio-auto-1-exec-4] DEBUG o.s.w.s.m.m.a.RequestResponseBodyMethodProcessor - Read "application/json;charset=UTF-8" to [LoginRequest(email=flow-3266aeae-a627-435f-b127-e9199140029e@teste.com, senha=senha123)]
2026-07-20 16:53:47 [http-nio-auto-1-exec-4] INFO  c.e.api.controller.AuthController - Login realizado para: flow-3266aeae-a627-435f-b127-e9199140029e@teste.com
2026-07-20 16:53:47 [http-nio-auto-1-exec-4] DEBUG org.hibernate.SQL - 
    /* <criteria> */ select
        u1_0.id,
        u1_0.ativo,
        u1_0.email,
        u1_0.nome,
        u1_0.papel,
        u1_0.senha 
    from
        usuarios u1_0 
    where
        u1_0.email=?
2026-07-20 16:53:47 [http-nio-auto-1-exec-4] DEBUG c.ecommerce.api.security.JwtProvider - Gerando token JWT para usuário: flow-3266aeae-a627-435f-b127-e9199140029e@teste.com
2026-07-20 16:53:47 [http-nio-auto-1-exec-4] INFO  c.e.api.service.UsuarioService - Login realizado com sucesso: flow-3266aeae-a627-435f-b127-e9199140029e@teste.com
2026-07-20 16:53:47 [http-nio-auto-1-exec-4] DEBUG o.s.w.s.m.m.a.HttpEntityMethodProcessor - Using 'application/json', given [*/*] and supported [application/json, application/*+json, application/yaml]
2026-07-20 16:53:47 [http-nio-auto-1-exec-4] DEBUG o.s.w.s.m.m.a.HttpEntityMethodProcessor - Writing [LoginResponse(token=eyJhbGciOiJIUzUxMiJ9.eyJzdWIiOiJmbG93LTMyNjZhZWFlLWE2MjctNDM1Zi1iMTI3LWU5MTk5MTQ (truncated)...]
2026-07-20 16:53:47 [http-nio-auto-1-exec-4] DEBUG o.s.web.servlet.DispatcherServlet - Completed 200 OK
2026-07-20 16:53:47 [http-nio-auto-1-exec-5] DEBUG o.s.security.web.FilterChainProxy - Securing POST /categorias
2026-07-20 16:53:47 [http-nio-auto-1-exec-5] DEBUG c.ecommerce.api.security.JwtProvider - Token JWT válido
2026-07-20 16:53:47 [http-nio-auto-1-exec-5] DEBUG o.s.security.web.FilterChainProxy - Secured POST /categorias
2026-07-20 16:53:47 [http-nio-auto-1-exec-5] DEBUG o.s.web.servlet.DispatcherServlet - POST "/api/categorias", parameters={}
2026-07-20 16:53:47 [http-nio-auto-1-exec-5] DEBUG o.s.w.s.m.m.a.RequestMappingHandlerMapping - Mapped to com.ecommerce.api.controller.CategoriaController#criar(CategoriaDTO)
2026-07-20 16:53:47 [http-nio-auto-1-exec-5] DEBUG o.s.w.s.m.m.a.RequestResponseBodyMethodProcessor - Read "application/json;charset=UTF-8" to [CategoriaDTO(id=null, nome=Eletrônicos IT, descricao=Categoria de teste, ativo=true)]
2026-07-20 16:53:47 [http-nio-auto-1-exec-5] DEBUG org.hibernate.SQL - 
    /* insert for
        com.ecommerce.api.model.Categoria */insert 
    into
        categorias (ativo, descricao, nome, id) 
    values
        (?, ?, ?, default)
2026-07-20 16:53:47 [http-nio-auto-1-exec-5] DEBUG o.s.w.s.m.m.a.HttpEntityMethodProcessor - Using 'application/json', given [*/*] and supported [application/json, application/*+json, application/yaml]
2026-07-20 16:53:47 [http-nio-auto-1-exec-5] DEBUG o.s.w.s.m.m.a.HttpEntityMethodProcessor - Writing [CategoriaDTO(id=1, nome=Eletrônicos IT, descricao=Categoria de teste, ativo=true)]
2026-07-20 16:53:47 [http-nio-auto-1-exec-5] DEBUG o.s.web.servlet.DispatcherServlet - Completed 201 CREATED
2026-07-20 16:53:47 [http-nio-auto-1-exec-6] DEBUG o.s.security.web.FilterChainProxy - Securing POST /produtos
2026-07-20 16:53:47 [http-nio-auto-1-exec-6] DEBUG c.ecommerce.api.security.JwtProvider - Token JWT válido
2026-07-20 16:53:47 [http-nio-auto-1-exec-6] DEBUG o.s.security.web.FilterChainProxy - Secured POST /produtos
2026-07-20 16:53:47 [http-nio-auto-1-exec-6] DEBUG o.s.web.servlet.DispatcherServlet - POST "/api/produtos", parameters={}
2026-07-20 16:53:47 [http-nio-auto-1-exec-6] DEBUG o.s.w.s.m.m.a.RequestMappingHandlerMapping - Mapped to com.ecommerce.api.controller.ProdutoController#criar(ProdutoDTO)
2026-07-20 16:53:47 [http-nio-auto-1-exec-6] DEBUG o.s.w.s.m.m.a.RequestResponseBodyMethodProcessor - Read "application/json;charset=UTF-8" to [ProdutoDTO(id=null, nome=Notebook IT, descricao=Notebook de teste, preco=3500.0, estoque=10, categor (truncated)...]
2026-07-20 16:53:47 [http-nio-auto-1-exec-6] INFO  c.e.api.controller.ProdutoController - POST /api/produtos - Criando produto: Notebook IT
2026-07-20 16:53:47 [http-nio-auto-1-exec-6] INFO  c.e.api.service.ProdutoService - Criando novo produto: Notebook IT
2026-07-20 16:53:47 [http-nio-auto-1-exec-6] DEBUG org.hibernate.SQL - 
    select
        c1_0.id,
        c1_0.ativo,
        c1_0.descricao,
        c1_0.nome 
    from
        categorias c1_0 
    where
        c1_0.id=?
2026-07-20 16:53:47 [http-nio-auto-1-exec-6] DEBUG org.hibernate.SQL - 
    /* insert for
        com.ecommerce.api.model.Produto */insert 
    into
        produtos (ativo, categoria_id, descricao, estoque, nome, preco, id) 
    values
        (?, ?, ?, ?, ?, ?, default)
2026-07-20 16:53:47 [http-nio-auto-1-exec-6] DEBUG c.e.api.service.ProdutoService - Produto criado com ID: 1
2026-07-20 16:53:47 [http-nio-auto-1-exec-6] DEBUG o.s.w.s.m.m.a.HttpEntityMethodProcessor - Using 'application/json', given [*/*] and supported [application/json, application/*+json, application/yaml]
2026-07-20 16:53:47 [http-nio-auto-1-exec-6] DEBUG o.s.w.s.m.m.a.HttpEntityMethodProcessor - Writing [ProdutoDTO(id=1, nome=Notebook IT, descricao=Notebook de teste, preco=3500.0, estoque=10, categoriaI (truncated)...]
2026-07-20 16:53:47 [http-nio-auto-1-exec-6] DEBUG o.s.web.servlet.DispatcherServlet - Completed 201 CREATED
2026-07-20 16:53:47 [http-nio-auto-1-exec-7] DEBUG o.s.security.web.FilterChainProxy - Securing POST /clientes
2026-07-20 16:53:47 [http-nio-auto-1-exec-7] DEBUG c.ecommerce.api.security.JwtProvider - Token JWT válido
2026-07-20 16:53:47 [http-nio-auto-1-exec-7] DEBUG o.s.security.web.FilterChainProxy - Secured POST /clientes
2026-07-20 16:53:47 [http-nio-auto-1-exec-7] DEBUG o.s.web.servlet.DispatcherServlet - POST "/api/clientes", parameters={}
2026-07-20 16:53:47 [http-nio-auto-1-exec-7] DEBUG o.s.w.s.m.m.a.RequestMappingHandlerMapping - Mapped to com.ecommerce.api.controller.ClienteController#criar(ClienteDTO)
2026-07-20 16:53:47 [http-nio-auto-1-exec-7] DEBUG o.s.w.s.m.m.a.RequestResponseBodyMethodProcessor - Read "application/json;charset=UTF-8" to [ClienteDTO(id=null, nome=Cliente IT, cpf=89737556988, email=cliente-18a0391b-f307-45a7-baad-d6cc824b (truncated)...]
2026-07-20 16:53:47 [http-nio-auto-1-exec-7] DEBUG org.hibernate.SQL - 
    /* insert for
        com.ecommerce.api.model.Cliente */insert 
    into
        clientes (ativo, cpf, data_atualizacao, data_criacao, email, endereco, nome, telefone, id) 
    values
        (?, ?, ?, ?, ?, ?, ?, ?, default)
2026-07-20 16:53:47 [http-nio-auto-1-exec-7] DEBUG o.s.w.s.m.m.a.HttpEntityMethodProcessor - Using 'application/json', given [*/*] and supported [application/json, application/*+json, application/yaml]
2026-07-20 16:53:47 [http-nio-auto-1-exec-7] DEBUG o.s.w.s.m.m.a.HttpEntityMethodProcessor - Writing [ClienteDTO(id=1, nome=Cliente IT, cpf=89737556988, email=cliente-18a0391b-f307-45a7-baad-d6cc824b3bf (truncated)...]
2026-07-20 16:53:47 [http-nio-auto-1-exec-7] DEBUG o.s.web.servlet.DispatcherServlet - Completed 201 CREATED
2026-07-20 16:53:47 [http-nio-auto-1-exec-8] DEBUG o.s.security.web.FilterChainProxy - Securing POST /pedidos
2026-07-20 16:53:47 [http-nio-auto-1-exec-8] DEBUG c.ecommerce.api.security.JwtProvider - Token JWT válido
2026-07-20 16:53:47 [http-nio-auto-1-exec-8] DEBUG o.s.security.web.FilterChainProxy - Secured POST /pedidos
2026-07-20 16:53:47 [http-nio-auto-1-exec-8] DEBUG o.s.web.servlet.DispatcherServlet - POST "/api/pedidos", parameters={}
2026-07-20 16:53:47 [http-nio-auto-1-exec-8] DEBUG o.s.w.s.m.m.a.RequestMappingHandlerMapping - Mapped to com.ecommerce.api.controller.PedidoController#criar(PedidoDTO)
2026-07-20 16:53:47 [http-nio-auto-1-exec-8] DEBUG o.s.w.s.m.m.a.RequestResponseBodyMethodProcessor - Read "application/json;charset=UTF-8" to [PedidoDTO(id=null, clienteId=1, total=3500.0, status=null, dataCriacao=null, dataAtualizacao=null)]
2026-07-20 16:53:47 [http-nio-auto-1-exec-8] DEBUG org.hibernate.SQL - 
    select
        c1_0.id,
        c1_0.ativo,
        c1_0.cpf,
        c1_0.data_atualizacao,
        c1_0.data_criacao,
        c1_0.email,
        c1_0.endereco,
        c1_0.nome,
        c1_0.telefone 
    from
        clientes c1_0 
    where
        c1_0.id=?
2026-07-20 16:53:47 [http-nio-auto-1-exec-8] DEBUG org.hibernate.SQL - 
    /* insert for
        com.ecommerce.api.model.Pedido */insert 
    into
        pedidos (cliente_id, data_atualizacao, data_criacao, status, total, id) 
    values
        (?, ?, ?, ?, ?, default)
2026-07-20 16:53:47 [http-nio-auto-1-exec-8] DEBUG o.s.w.s.m.m.a.HttpEntityMethodProcessor - Using 'application/json', given [*/*] and supported [application/json, application/*+json, application/yaml]
2026-07-20 16:53:47 [http-nio-auto-1-exec-8] DEBUG o.s.w.s.m.m.a.HttpEntityMethodProcessor - Writing [PedidoDTO(id=1, clienteId=1, total=3500.0, status=PENDENTE, dataCriacao=2026-07-20T16:53:47.66745050 (truncated)...]
2026-07-20 16:53:47 [http-nio-auto-1-exec-8] DEBUG o.s.web.servlet.DispatcherServlet - Completed 201 CREATED
2026-07-20 16:53:47 [http-nio-auto-1-exec-10] DEBUG o.s.security.web.FilterChainProxy - Securing POST /pagamentos
2026-07-20 16:53:47 [http-nio-auto-1-exec-10] DEBUG c.ecommerce.api.security.JwtProvider - Token JWT válido
2026-07-20 16:53:47 [http-nio-auto-1-exec-10] DEBUG o.s.security.web.FilterChainProxy - Secured POST /pagamentos
2026-07-20 16:53:47 [http-nio-auto-1-exec-10] DEBUG o.s.web.servlet.DispatcherServlet - POST "/api/pagamentos", parameters={}
2026-07-20 16:53:47 [http-nio-auto-1-exec-10] DEBUG o.s.w.s.m.m.a.RequestMappingHandlerMapping - Mapped to com.ecommerce.api.controller.PagamentoController#criar(PagamentoDTO)
2026-07-20 16:53:47 [http-nio-auto-1-exec-10] DEBUG o.s.w.s.m.m.a.RequestResponseBodyMethodProcessor - Read "application/json;charset=UTF-8" to [PagamentoDTO(id=null, pedidoId=1, valor=3500.0, metodo=CARTAO, status=null, dataCriacao=null)]
2026-07-20 16:53:47 [http-nio-auto-1-exec-10] DEBUG org.hibernate.SQL - 
    select
        p1_0.id,
        p1_0.cliente_id,
        c1_0.id,
        c1_0.ativo,
        c1_0.cpf,
        c1_0.data_atualizacao,
        c1_0.data_criacao,
        c1_0.email,
        c1_0.endereco,
        c1_0.nome,
        c1_0.telefone,
        p1_0.data_atualizacao,
        p1_0.data_criacao,
        p1_0.status,
        p1_0.total 
    from
        pedidos p1_0 
    join
        clientes c1_0 
            on c1_0.id=p1_0.cliente_id 
    where
        p1_0.id=?
2026-07-20 16:53:47 [http-nio-auto-1-exec-10] DEBUG org.hibernate.SQL - 
    /* insert for
        com.ecommerce.api.model.Pagamento */insert 
    into
        pagamentos (data_criacao, metodo, pedido_id, status, valor, id) 
    values
        (?, ?, ?, ?, ?, default)
2026-07-20 16:53:47 [http-nio-auto-1-exec-10] DEBUG o.s.w.s.m.m.a.HttpEntityMethodProcessor - Using 'application/json', given [*/*] and supported [application/json, application/*+json, application/yaml]
2026-07-20 16:53:47 [http-nio-auto-1-exec-10] DEBUG o.s.w.s.m.m.a.HttpEntityMethodProcessor - Writing [PagamentoDTO(id=1, pedidoId=1, valor=3500.0, metodo=CARTAO, status=PENDENTE, dataCriacao=2026-07-20T (truncated)...]
2026-07-20 16:53:47 [http-nio-auto-1-exec-10] DEBUG o.s.web.servlet.DispatcherServlet - Completed 201 CREATED
2026-07-20 16:53:47 [http-nio-auto-1-exec-1] DEBUG o.s.security.web.FilterChainProxy - Securing PATCH /produtos/1/estoque/diminuir?quantidade=3
2026-07-20 16:53:47 [http-nio-auto-1-exec-1] DEBUG c.ecommerce.api.security.JwtProvider - Token JWT válido
2026-07-20 16:53:47 [http-nio-auto-1-exec-1] DEBUG o.s.security.web.FilterChainProxy - Secured PATCH /produtos/1/estoque/diminuir?quantidade=3
2026-07-20 16:53:47 [http-nio-auto-1-exec-1] DEBUG o.s.web.servlet.DispatcherServlet - PATCH "/api/produtos/1/estoque/diminuir?quantidade=3", parameters={masked}
2026-07-20 16:53:47 [http-nio-auto-1-exec-1] DEBUG o.s.w.s.m.m.a.RequestMappingHandlerMapping - Mapped to com.ecommerce.api.controller.ProdutoController#diminuirEstoque(Long, Integer)
2026-07-20 16:53:47 [http-nio-auto-1-exec-1] INFO  c.e.api.controller.ProdutoController - PATCH /api/produtos/1/estoque/diminuir?quantidade=3
2026-07-20 16:53:47 [http-nio-auto-1-exec-1] INFO  c.e.api.service.ProdutoService - Diminuindo estoque do produto 1 em 3 unidades
2026-07-20 16:53:47 [http-nio-auto-1-exec-1] DEBUG org.hibernate.SQL - 
    select
        p1_0.id,
        p1_0.ativo,
        p1_0.categoria_id,
        c1_0.id,
        c1_0.ativo,
        c1_0.descricao,
        c1_0.nome,
        p1_0.descricao,
        p1_0.estoque,
        p1_0.nome,
        p1_0.preco 
    from
        produtos p1_0 
    join
        categorias c1_0 
            on c1_0.id=p1_0.categoria_id 
    where
        p1_0.id=?
2026-07-20 16:53:47 [http-nio-auto-1-exec-1] DEBUG c.e.api.service.ProdutoService - Estoque diminuído com sucesso. Novo estoque: 7
2026-07-20 16:53:47 [http-nio-auto-1-exec-1] DEBUG org.hibernate.SQL - 
    /* update
        for com.ecommerce.api.model.Produto */update produtos 
    set
        ativo=?,
        categoria_id=?,
        descricao=?,
        estoque=?,
        nome=?,
        preco=? 
    where
        id=?
2026-07-20 16:53:47 [http-nio-auto-1-exec-1] DEBUG o.s.w.s.m.m.a.HttpEntityMethodProcessor - Using 'application/json', given [*/*] and supported [application/json, application/*+json, application/yaml]
2026-07-20 16:53:47 [http-nio-auto-1-exec-1] DEBUG o.s.w.s.m.m.a.HttpEntityMethodProcessor - Writing [7]
2026-07-20 16:53:47 [http-nio-auto-1-exec-1] DEBUG o.s.web.servlet.DispatcherServlet - Completed 200 OK
2026-07-20 16:53:47 [http-nio-auto-1-exec-2] DEBUG o.s.security.web.FilterChainProxy - Securing GET /produtos?pagina=0&tamanho=50
2026-07-20 16:53:47 [http-nio-auto-1-exec-2] DEBUG c.ecommerce.api.security.JwtProvider - Token JWT válido
2026-07-20 16:53:47 [http-nio-auto-1-exec-2] DEBUG o.s.security.web.FilterChainProxy - Secured GET /produtos?pagina=0&tamanho=50
2026-07-20 16:53:47 [http-nio-auto-1-exec-2] DEBUG o.s.web.servlet.DispatcherServlet - GET "/api/produtos?pagina=0&tamanho=50", parameters={masked}
2026-07-20 16:53:47 [http-nio-auto-1-exec-2] DEBUG o.s.w.s.m.m.a.RequestMappingHandlerMapping - Mapped to com.ecommerce.api.controller.ProdutoController#listar(int, int, String, String)
2026-07-20 16:53:47 [http-nio-auto-1-exec-2] INFO  c.e.api.controller.ProdutoController - GET /api/produtos - Página: 0, Tamanho: 50, Ordenar por: id, Direção: DESC
2026-07-20 16:53:47 [http-nio-auto-1-exec-2] INFO  c.e.api.service.ProdutoService - Listando produtos com paginação - Página: 0, Tamanho: 50, Ordenar por: id, Direção: DESC
2026-07-20 16:53:47 [http-nio-auto-1-exec-2] DEBUG org.hibernate.SQL - 
    /* <criteria> */ select
        p1_0.id,
        p1_0.ativo,
        p1_0.categoria_id,
        p1_0.descricao,
        p1_0.estoque,
        p1_0.nome,
        p1_0.preco 
    from
        produtos p1_0 
    order by
        p1_0.id desc 
    offset
        ? rows 
    fetch
        first ? rows only
2026-07-20 16:53:47 [http-nio-auto-1-exec-2] DEBUG org.hibernate.SQL - 
    select
        c1_0.id,
        c1_0.ativo,
        c1_0.descricao,
        c1_0.nome 
    from
        categorias c1_0 
    where
        c1_0.id=?
2026-07-20 16:53:47 [http-nio-auto-1-exec-2] DEBUG c.e.api.service.ProdutoService - Total de produtos encontrados: 1, Página atual: 0, Total de páginas: 1
2026-07-20 16:53:47 [http-nio-auto-1-exec-2] DEBUG o.s.w.s.m.m.a.HttpEntityMethodProcessor - Using 'application/json', given [*/*] and supported [application/json, application/*+json, application/yaml]
2026-07-20 16:53:47 [http-nio-auto-1-exec-2] DEBUG o.s.w.s.m.m.a.HttpEntityMethodProcessor - Writing [Page 1 of 1 containing com.ecommerce.api.dto.ProdutoDTO instances]
2026-07-20 16:53:48 [http-nio-auto-1-exec-2] DEBUG o.s.web.servlet.DispatcherServlet - Completed 200 OK
2026-07-20 16:53:48 [http-nio-auto-1-exec-3] DEBUG o.s.security.web.FilterChainProxy - Securing DELETE /produtos/1
2026-07-20 16:53:48 [http-nio-auto-1-exec-3] DEBUG c.ecommerce.api.security.JwtProvider - Token JWT válido
2026-07-20 16:53:48 [http-nio-auto-1-exec-3] DEBUG o.s.security.web.FilterChainProxy - Secured DELETE /produtos/1
2026-07-20 16:53:48 [http-nio-auto-1-exec-3] DEBUG o.s.web.servlet.DispatcherServlet - DELETE "/api/produtos/1", parameters={}
2026-07-20 16:53:48 [http-nio-auto-1-exec-3] DEBUG o.s.w.s.m.m.a.RequestMappingHandlerMapping - Mapped to com.ecommerce.api.controller.ProdutoController#deletar(Long)
2026-07-20 16:53:48 [http-nio-auto-1-exec-3] INFO  c.e.api.controller.ProdutoController - DELETE /api/produtos/1
2026-07-20 16:53:48 [http-nio-auto-1-exec-3] INFO  c.e.api.service.ProdutoService - Deletando produto com ID: 1
2026-07-20 16:53:48 [http-nio-auto-1-exec-3] DEBUG org.hibernate.SQL - 
    /* select
        count(*) 
    from
        Produto x 
    WHERE
        x.id = :id */ select
            count(*) 
        from
            produtos p1_0 
        where
            p1_0.id=?
2026-07-20 16:53:48 [http-nio-auto-1-exec-3] DEBUG org.hibernate.SQL - 
    select
        p1_0.id,
        p1_0.ativo,
        p1_0.categoria_id,
        c1_0.id,
        c1_0.ativo,
        c1_0.descricao,
        c1_0.nome,
        p1_0.descricao,
        p1_0.estoque,
        p1_0.nome,
        p1_0.preco 
    from
        produtos p1_0 
    join
        categorias c1_0 
            on c1_0.id=p1_0.categoria_id 
    where
        p1_0.id=?
2026-07-20 16:53:48 [http-nio-auto-1-exec-3] DEBUG c.e.api.service.ProdutoService - Produto deletado com sucesso: 1
2026-07-20 16:53:48 [http-nio-auto-1-exec-3] DEBUG org.hibernate.SQL - 
    /* delete for com.ecommerce.api.model.Produto */delete 
    from
        produtos 
    where
        id=?
2026-07-20 16:53:48 [http-nio-auto-1-exec-3] DEBUG o.s.w.s.m.m.a.HttpEntityMethodProcessor - Using 'application/json', given [*/*] and supported [application/json, application/*+json, application/yaml]
2026-07-20 16:53:48 [http-nio-auto-1-exec-3] DEBUG o.s.w.s.m.m.a.HttpEntityMethodProcessor - Nothing to write: null body
2026-07-20 16:53:48 [http-nio-auto-1-exec-3] DEBUG o.s.web.servlet.DispatcherServlet - Completed 204 NO_CONTENT
2026-07-20 16:53:48 [http-nio-auto-1-exec-8] DEBUG o.s.security.web.FilterChainProxy - Securing GET /produtos/1
2026-07-20 16:53:48 [http-nio-auto-1-exec-8] DEBUG c.ecommerce.api.security.JwtProvider - Token JWT válido
2026-07-20 16:53:48 [http-nio-auto-1-exec-8] DEBUG o.s.security.web.FilterChainProxy - Secured GET /produtos/1
2026-07-20 16:53:48 [http-nio-auto-1-exec-8] DEBUG o.s.web.servlet.DispatcherServlet - GET "/api/produtos/1", parameters={}
2026-07-20 16:53:48 [http-nio-auto-1-exec-8] DEBUG o.s.w.s.m.m.a.RequestMappingHandlerMapping - Mapped to com.ecommerce.api.controller.ProdutoController#obterPorId(Long)
2026-07-20 16:53:48 [http-nio-auto-1-exec-8] INFO  c.e.api.controller.ProdutoController - GET /api/produtos/1
2026-07-20 16:53:48 [http-nio-auto-1-exec-8] DEBUG c.e.api.service.ProdutoService - Buscando produto com ID: 1
2026-07-20 16:53:48 [http-nio-auto-1-exec-8] DEBUG org.hibernate.SQL - 
    select
        p1_0.id,
        p1_0.ativo,
        p1_0.categoria_id,
        c1_0.id,
        c1_0.ativo,
        c1_0.descricao,
        c1_0.nome,
        p1_0.descricao,
        p1_0.estoque,
        p1_0.nome,
        p1_0.preco 
    from
        produtos p1_0 
    join
        categorias c1_0 
            on c1_0.id=p1_0.categoria_id 
    where
        p1_0.id=?
2026-07-20 16:53:48 [http-nio-auto-1-exec-8] WARN  c.e.api.service.ProdutoService - Produto não encontrado com ID: 1
2026-07-20 16:53:48 [http-nio-auto-1-exec-8] DEBUG o.s.w.s.m.m.a.ExceptionHandlerExceptionResolver - Using @ExceptionHandler com.ecommerce.api.exception.GlobalExceptionHandler#handleRecursoNaoEncontrado(RecursoNaoEncontradoException, WebRequest)
2026-07-20 16:53:48 [http-nio-auto-1-exec-8] ERROR c.e.a.e.GlobalExceptionHandler - Recurso não encontrado: Produto não encontrado com ID: 1
2026-07-20 16:53:48 [http-nio-auto-1-exec-8] DEBUG o.s.w.s.m.m.a.HttpEntityMethodProcessor - Using 'application/json', given [*/*] and supported [application/json, application/*+json, application/yaml]
2026-07-20 16:53:48 [http-nio-auto-1-exec-8] DEBUG o.s.w.s.m.m.a.HttpEntityMethodProcessor - Writing [ErrorResponse(timestamp=2026-07-20T16:53:48.795448100, status=404, erro=Recurso não encontrado, mens (truncated)...]
2026-07-20 16:53:48 [http-nio-auto-1-exec-8] DEBUG o.s.w.s.m.m.a.ExceptionHandlerExceptionResolver - Resolved [com.ecommerce.api.exception.RecursoNaoEncontradoException: Produto não encontrado com ID: 1]
2026-07-20 16:53:48 [http-nio-auto-1-exec-8] DEBUG o.s.web.servlet.DispatcherServlet - Completed 404 NOT_FOUND
2026-07-20 16:53:48 [http-nio-auto-1-exec-10] DEBUG o.s.security.web.FilterChainProxy - Securing POST /auth/registrar
2026-07-20 16:53:48 [http-nio-auto-1-exec-10] DEBUG o.s.s.w.a.AnonymousAuthenticationFilter - Set SecurityContextHolder to anonymous SecurityContext
2026-07-20 16:53:48 [http-nio-auto-1-exec-10] DEBUG o.s.security.web.FilterChainProxy - Secured POST /auth/registrar
2026-07-20 16:53:48 [http-nio-auto-1-exec-10] DEBUG o.s.web.servlet.DispatcherServlet - POST "/api/auth/registrar", parameters={}
2026-07-20 16:53:48 [http-nio-auto-1-exec-10] DEBUG o.s.w.s.m.m.a.RequestMappingHandlerMapping - Mapped to com.ecommerce.api.controller.AuthController#registrar(UsuarioDTO)
2026-07-20 16:53:48 [http-nio-auto-1-exec-10] DEBUG o.s.w.s.m.m.a.RequestResponseBodyMethodProcessor - Read "application/json;charset=UTF-8" to [UsuarioDTO(id=null, email=flow-8daee590-2aa9-4b52-ab05-d9f0628c811a@teste.com, senha=senha123, nome= (truncated)...]
2026-07-20 16:53:48 [http-nio-auto-1-exec-10] INFO  c.e.api.controller.AuthController - Registrando novo usuário: flow-8daee590-2aa9-4b52-ab05-d9f0628c811a@teste.com
2026-07-20 16:53:48 [http-nio-auto-1-exec-10] DEBUG org.hibernate.SQL - 
    /* <criteria> */ select
        u1_0.id 
    from
        usuarios u1_0 
    where
        u1_0.email=? 
    fetch
        first ? rows only
2026-07-20 16:53:48 [http-nio-auto-1-exec-10] DEBUG org.hibernate.SQL - 
    /* insert for
        com.ecommerce.api.model.Usuario */insert 
    into
        usuarios (ativo, email, nome, papel, senha, id) 
    values
        (?, ?, ?, ?, ?, default)
2026-07-20 16:53:48 [http-nio-auto-1-exec-10] INFO  c.e.api.service.UsuarioService - Novo usuário registrado: flow-8daee590-2aa9-4b52-ab05-d9f0628c811a@teste.com
2026-07-20 16:53:48 [http-nio-auto-1-exec-10] DEBUG o.s.w.s.m.m.a.HttpEntityMethodProcessor - Using 'application/json', given [*/*] and supported [application/json, application/*+json, application/yaml]
2026-07-20 16:53:48 [http-nio-auto-1-exec-10] DEBUG o.s.w.s.m.m.a.HttpEntityMethodProcessor - Writing [UsuarioDTO(id=5, email=flow-8daee590-2aa9-4b52-ab05-d9f0628c811a@teste.com, senha=null, nome=Usuário (truncated)...]
2026-07-20 16:53:48 [http-nio-auto-1-exec-10] DEBUG o.s.web.servlet.DispatcherServlet - Completed 201 CREATED
2026-07-20 16:53:49 [http-nio-auto-1-exec-1] DEBUG o.s.security.web.FilterChainProxy - Securing POST /auth/login
2026-07-20 16:53:49 [http-nio-auto-1-exec-1] DEBUG o.s.s.w.a.AnonymousAuthenticationFilter - Set SecurityContextHolder to anonymous SecurityContext
2026-07-20 16:53:49 [http-nio-auto-1-exec-1] DEBUG o.s.security.web.FilterChainProxy - Secured POST /auth/login
2026-07-20 16:53:49 [http-nio-auto-1-exec-1] DEBUG o.s.web.servlet.DispatcherServlet - POST "/api/auth/login", parameters={}
2026-07-20 16:53:49 [http-nio-auto-1-exec-1] DEBUG o.s.w.s.m.m.a.RequestMappingHandlerMapping - Mapped to com.ecommerce.api.controller.AuthController#login(LoginRequest)
2026-07-20 16:53:49 [http-nio-auto-1-exec-1] DEBUG o.s.w.s.m.m.a.RequestResponseBodyMethodProcessor - Read "application/json;charset=UTF-8" to [LoginRequest(email=flow-8daee590-2aa9-4b52-ab05-d9f0628c811a@teste.com, senha=senha123)]
2026-07-20 16:53:49 [http-nio-auto-1-exec-1] INFO  c.e.api.controller.AuthController - Login realizado para: flow-8daee590-2aa9-4b52-ab05-d9f0628c811a@teste.com
2026-07-20 16:53:49 [http-nio-auto-1-exec-1] DEBUG org.hibernate.SQL - 
    /* <criteria> */ select
        u1_0.id,
        u1_0.ativo,
        u1_0.email,
        u1_0.nome,
        u1_0.papel,
        u1_0.senha 
    from
        usuarios u1_0 
    where
        u1_0.email=?
2026-07-20 16:53:49 [http-nio-auto-1-exec-1] DEBUG c.ecommerce.api.security.JwtProvider - Gerando token JWT para usuário: flow-8daee590-2aa9-4b52-ab05-d9f0628c811a@teste.com
2026-07-20 16:53:49 [http-nio-auto-1-exec-1] INFO  c.e.api.service.UsuarioService - Login realizado com sucesso: flow-8daee590-2aa9-4b52-ab05-d9f0628c811a@teste.com
2026-07-20 16:53:49 [http-nio-auto-1-exec-1] DEBUG o.s.w.s.m.m.a.HttpEntityMethodProcessor - Using 'application/json', given [*/*] and supported [application/json, application/*+json, application/yaml]
2026-07-20 16:53:49 [http-nio-auto-1-exec-1] DEBUG o.s.w.s.m.m.a.HttpEntityMethodProcessor - Writing [LoginResponse(token=eyJhbGciOiJIUzUxMiJ9.eyJzdWIiOiJmbG93LThkYWVlNTkwLTJhYTktNGI1Mi1hYjA1LWQ5ZjA2Mjh (truncated)...]
2026-07-20 16:53:49 [http-nio-auto-1-exec-1] DEBUG o.s.web.servlet.DispatcherServlet - Completed 200 OK
2026-07-20 16:53:49 [http-nio-auto-1-exec-2] DEBUG o.s.security.web.FilterChainProxy - Securing POST /categorias
2026-07-20 16:53:49 [http-nio-auto-1-exec-2] DEBUG c.ecommerce.api.security.JwtProvider - Token JWT válido
2026-07-20 16:53:49 [http-nio-auto-1-exec-2] DEBUG o.s.security.web.FilterChainProxy - Secured POST /categorias
2026-07-20 16:53:49 [http-nio-auto-1-exec-2] DEBUG o.s.web.servlet.DispatcherServlet - POST "/api/categorias", parameters={}
2026-07-20 16:53:49 [http-nio-auto-1-exec-2] DEBUG o.s.w.s.m.m.a.RequestMappingHandlerMapping - Mapped to com.ecommerce.api.controller.CategoriaController#criar(CategoriaDTO)
2026-07-20 16:53:49 [http-nio-auto-1-exec-2] DEBUG o.s.w.s.m.m.a.RequestResponseBodyMethodProcessor - Read "application/json;charset=UTF-8" to [CategoriaDTO(id=null, nome=Categoria Paginação ced972c2-6e61-40df-a8f9-6e1c1e723250, descricao=null, (truncated)...]
2026-07-20 16:53:49 [http-nio-auto-1-exec-2] DEBUG org.hibernate.SQL - 
    /* insert for
        com.ecommerce.api.model.Categoria */insert 
    into
        categorias (ativo, descricao, nome, id) 
    values
        (?, ?, ?, default)
2026-07-20 16:53:49 [http-nio-auto-1-exec-2] DEBUG o.s.w.s.m.m.a.HttpEntityMethodProcessor - Using 'application/json', given [*/*] and supported [application/json, application/*+json, application/yaml]
2026-07-20 16:53:49 [http-nio-auto-1-exec-2] DEBUG o.s.w.s.m.m.a.HttpEntityMethodProcessor - Writing [CategoriaDTO(id=2, nome=Categoria Paginação ced972c2-6e61-40df-a8f9-6e1c1e723250, descricao=null, at (truncated)...]
2026-07-20 16:53:49 [http-nio-auto-1-exec-2] DEBUG o.s.web.servlet.DispatcherServlet - Completed 201 CREATED
2026-07-20 16:53:49 [http-nio-auto-1-exec-4] DEBUG o.s.security.web.FilterChainProxy - Securing GET /categorias?pagina=0&tamanho=5
2026-07-20 16:53:49 [http-nio-auto-1-exec-4] DEBUG c.ecommerce.api.security.JwtProvider - Token JWT válido
2026-07-20 16:53:49 [http-nio-auto-1-exec-4] DEBUG o.s.security.web.FilterChainProxy - Secured GET /categorias?pagina=0&tamanho=5
2026-07-20 16:53:49 [http-nio-auto-1-exec-4] DEBUG o.s.web.servlet.DispatcherServlet - GET "/api/categorias?pagina=0&tamanho=5", parameters={masked}
2026-07-20 16:53:49 [http-nio-auto-1-exec-4] DEBUG o.s.w.s.m.m.a.RequestMappingHandlerMapping - Mapped to com.ecommerce.api.controller.CategoriaController#listar(int, int, String, String)
2026-07-20 16:53:49 [http-nio-auto-1-exec-4] DEBUG org.hibernate.SQL - 
    /* <criteria> */ select
        c1_0.id,
        c1_0.ativo,
        c1_0.descricao,
        c1_0.nome 
    from
        categorias c1_0 
    order by
        c1_0.id desc 
    offset
        ? rows 
    fetch
        first ? rows only
2026-07-20 16:53:49 [http-nio-auto-1-exec-4] DEBUG o.s.w.s.m.m.a.HttpEntityMethodProcessor - Using 'application/json', given [*/*] and supported [application/json, application/*+json, application/yaml]
2026-07-20 16:53:49 [http-nio-auto-1-exec-4] DEBUG o.s.w.s.m.m.a.HttpEntityMethodProcessor - Writing [Page 1 of 1 containing com.ecommerce.api.dto.CategoriaDTO instances]
2026-07-20 16:53:49 [http-nio-auto-1-exec-4] DEBUG o.s.web.servlet.DispatcherServlet - Completed 200 OK
2026-07-20 16:53:49 [SpringApplicationShutdownHook] INFO  o.s.b.w.e.tomcat.GracefulShutdown - Commencing graceful shutdown. Waiting for active requests to complete
2026-07-20 16:53:49 [tomcat-shutdown] INFO  o.s.b.w.e.tomcat.GracefulShutdown - Graceful shutdown complete
2026-07-20 16:53:51 [SpringApplicationShutdownHook] INFO  o.s.o.j.LocalContainerEntityManagerFactoryBean - Closing JPA EntityManagerFactory for persistence unit 'default'
2026-07-20 16:53:51 [SpringApplicationShutdownHook] DEBUG org.hibernate.SQL - 
    drop table if exists categorias cascade 
2026-07-20 16:53:51 [SpringApplicationShutdownHook] DEBUG org.hibernate.SQL - 
    drop table if exists clientes cascade 
2026-07-20 16:53:51 [SpringApplicationShutdownHook] DEBUG org.hibernate.SQL - 
    drop table if exists itens_pedido cascade 
2026-07-20 16:53:51 [SpringApplicationShutdownHook] DEBUG org.hibernate.SQL - 
    drop table if exists pagamentos cascade 
2026-07-20 16:53:51 [SpringApplicationShutdownHook] DEBUG org.hibernate.SQL - 
    drop table if exists pedidos cascade 
2026-07-20 16:53:51 [SpringApplicationShutdownHook] DEBUG org.hibernate.SQL - 
    drop table if exists produtos cascade 
2026-07-20 16:53:51 [SpringApplicationShutdownHook] DEBUG org.hibernate.SQL - 
    drop table if exists usuarios cascade 
2026-07-20 16:53:51 [SpringApplicationShutdownHook] INFO  com.zaxxer.hikari.HikariDataSource - HikariPool-1 - Shutdown initiated...
2026-07-20 16:53:51 [SpringApplicationShutdownHook] INFO  com.zaxxer.hikari.HikariDataSource - HikariPool-1 - Shutdown completed.
2026-07-20 16:57:28 [background-preinit] INFO  o.h.validator.internal.util.Version - HV000001: Hibernate Validator 8.0.3.Final
2026-07-20 16:57:28 [Thread-0] INFO  o.s.boot.SpringApplication - Starting application using Java 17.0.19 with PID 29600 (started by PabloBezerradaSilva in C:\Users\PabloBezerradaSilva\Documents\Java\fourcamp26-pablosilva\ecommerce-api)
2026-07-20 16:57:28 [Thread-0] INFO  o.s.boot.SpringApplication - No active profile set, falling back to 1 default profile: "default"
2026-07-20 16:57:28 [Thread-0] INFO  o.s.b.d.e.DevToolsPropertyDefaultsPostProcessor - For additional web related logging consider setting the 'logging.level.web' property to 'DEBUG'
2026-07-20 16:57:31 [Thread-0] INFO  o.s.d.r.c.RepositoryConfigurationDelegate - Bootstrapping Spring Data JPA repositories in DEFAULT mode.
2026-07-20 16:57:31 [Thread-0] INFO  o.s.d.r.c.RepositoryConfigurationDelegate - Finished Spring Data repository scanning in 182 ms. Found 6 JPA repository interfaces.
2026-07-20 16:57:32 [Thread-0] INFO  o.s.b.w.e.tomcat.TomcatWebServer - Tomcat initialized with port 8080 (http)
2026-07-20 16:57:32 [Thread-0] INFO  o.a.coyote.http11.Http11NioProtocol - Initializing ProtocolHandler ["http-nio-8080"]
2026-07-20 16:57:33 [Thread-0] INFO  o.a.catalina.core.StandardService - Starting service [Tomcat]
2026-07-20 16:57:33 [Thread-0] INFO  o.a.catalina.core.StandardEngine - Starting Servlet engine: [Apache Tomcat/10.1.55]
2026-07-20 16:57:33 [Thread-0] INFO  o.a.c.c.C.[.[localhost].[/api] - Initializing Spring embedded WebApplicationContext
2026-07-20 16:57:33 [Thread-0] INFO  o.s.b.w.s.c.ServletWebServerApplicationContext - Root WebApplicationContext: initialization completed in 4366 ms
2026-07-20 16:57:33 [Thread-0] DEBUG c.e.a.s.JwtAuthenticationFilter - Filter 'jwtAuthenticationFilter' configured for use
2026-07-20 16:57:33 [Thread-0] INFO  o.h.jpa.internal.util.LogHelper - HHH000204: Processing PersistenceUnitInfo [name: default]
2026-07-20 16:57:34 [Thread-0] INFO  org.hibernate.Version - HHH000412: Hibernate ORM core version 6.6.53.Final
2026-07-20 16:57:34 [Thread-0] INFO  o.h.c.i.RegionFactoryInitiator - HHH000026: Second-level cache disabled
2026-07-20 16:57:35 [Thread-0] INFO  o.s.o.j.p.SpringPersistenceUnitInfo - No LoadTimeWeaver setup: ignoring JPA class transformer
2026-07-20 16:57:35 [Thread-0] INFO  com.zaxxer.hikari.HikariDataSource - HikariPool-1 - Starting...
2026-07-20 16:57:36 [Thread-0] INFO  com.zaxxer.hikari.pool.HikariPool - HikariPool-1 - Added connection conn0: url=jdbc:h2:mem:ecommercedb user=SA
2026-07-20 16:57:36 [Thread-0] INFO  com.zaxxer.hikari.HikariDataSource - HikariPool-1 - Start completed.
2026-07-20 16:57:36 [Thread-0] WARN  org.hibernate.orm.deprecation - HHH90000025: H2Dialect does not need to be specified explicitly using 'hibernate.dialect' (remove the property setting and it will be selected by default)
2026-07-20 16:57:36 [Thread-0] INFO  o.hibernate.orm.connections.pooling - HHH10001005: Database info:
	Database JDBC URL [Connecting through datasource 'HikariDataSource (HikariPool-1)']
	Database driver: undefined/unknown
	Database version: 2.3.232
	Autocommit mode: undefined/unknown
	Isolation level: undefined/unknown
	Minimum pool size: undefined/unknown
	Maximum pool size: undefined/unknown
2026-07-20 16:57:38 [Thread-0] INFO  o.h.e.t.j.p.i.JtaPlatformInitiator - HHH000489: No JTA platform available (set 'hibernate.transaction.jta.platform' to enable JTA platform integration)
2026-07-20 16:57:38 [Thread-0] DEBUG org.hibernate.SQL - 
    drop table if exists categorias cascade 
2026-07-20 16:57:38 [Thread-0] DEBUG org.hibernate.SQL - 
    drop table if exists clientes cascade 
2026-07-20 16:57:38 [Thread-0] DEBUG org.hibernate.SQL - 
    drop table if exists itens_pedido cascade 
2026-07-20 16:57:38 [Thread-0] DEBUG org.hibernate.SQL - 
    drop table if exists pagamentos cascade 
2026-07-20 16:57:38 [Thread-0] DEBUG org.hibernate.SQL - 
    drop table if exists pedidos cascade 
2026-07-20 16:57:38 [Thread-0] DEBUG org.hibernate.SQL - 
    drop table if exists produtos cascade 
2026-07-20 16:57:38 [Thread-0] DEBUG org.hibernate.SQL - 
    drop table if exists usuarios cascade 
2026-07-20 16:57:38 [Thread-0] DEBUG org.hibernate.SQL - 
    create table categorias (
        ativo boolean not null,
        id bigint generated by default as identity,
        nome varchar(100) not null,
        descricao TEXT,
        primary key (id)
    )
2026-07-20 16:57:38 [Thread-0] DEBUG org.hibernate.SQL - 
    create table clientes (
        ativo boolean not null,
        data_atualizacao timestamp(6),
        data_criacao timestamp(6) not null,
        id bigint generated by default as identity,
        cpf varchar(11) not null unique,
        telefone varchar(20),
        email varchar(255) not null unique,
        endereco TEXT,
        nome varchar(255) not null,
        primary key (id)
    )
2026-07-20 16:57:38 [Thread-0] DEBUG org.hibernate.SQL - 
    create table itens_pedido (
        preco_unitario numeric(10,2) not null,
        quantidade integer not null,
        id bigint generated by default as identity,
        pedido_id bigint not null,
        produto_id bigint not null,
        primary key (id)
    )
2026-07-20 16:57:38 [Thread-0] DEBUG org.hibernate.SQL - 
    create table pagamentos (
        valor float(53) not null,
        data_criacao timestamp(6) not null,
        id bigint generated by default as identity,
        pedido_id bigint not null,
        metodo varchar(50) not null,
        status enum ('APROVADO','PENDENTE','RECUSADO','REEMBOLSADO') not null,
        primary key (id)
    )
2026-07-20 16:57:38 [Thread-0] DEBUG org.hibernate.SQL - 
    create table pedidos (
        total float(53) not null,
        cliente_id bigint not null,
        data_atualizacao timestamp(6),
        data_criacao timestamp(6) not null,
        id bigint generated by default as identity,
        status enum ('CANCELADO','CONFIRMADO','ENTREGUE','ENVIADO','PENDENTE') not null,
        primary key (id)
    )
2026-07-20 16:57:38 [Thread-0] DEBUG org.hibernate.SQL - 
    create table produtos (
        ativo boolean not null,
        estoque integer not null,
        preco numeric(38,2) not null,
        categoria_id bigint not null,
        id bigint generated by default as identity,
        descricao TEXT,
        nome varchar(255) not null,
        primary key (id)
    )
2026-07-20 16:57:38 [Thread-0] DEBUG org.hibernate.SQL - 
    create table usuarios (
        ativo boolean not null,
        id bigint generated by default as identity,
        email varchar(255) not null unique,
        nome varchar(255) not null,
        senha varchar(255) not null,
        papel enum ('ADMIN','USER') not null,
        primary key (id)
    )
2026-07-20 16:57:38 [Thread-0] DEBUG org.hibernate.SQL - 
    alter table if exists itens_pedido 
       add constraint FK42mycompce3b7yt3l6ukdwsxy 
       foreign key (pedido_id) 
       references pedidos
2026-07-20 16:57:38 [Thread-0] DEBUG org.hibernate.SQL - 
    alter table if exists itens_pedido 
       add constraint FKxytdlekpdaobqphujy9bmuhl 
       foreign key (produto_id) 
       references produtos
2026-07-20 16:57:38 [Thread-0] DEBUG org.hibernate.SQL - 
    alter table if exists pagamentos 
       add constraint FKb0dh6865y8h4irwdrl4ici3kl 
       foreign key (pedido_id) 
       references pedidos
2026-07-20 16:57:38 [Thread-0] DEBUG org.hibernate.SQL - 
    alter table if exists pedidos 
       add constraint FKg7202lk0hwxn04bmdl2thth5b 
       foreign key (cliente_id) 
       references clientes
2026-07-20 16:57:38 [Thread-0] DEBUG org.hibernate.SQL - 
    alter table if exists produtos 
       add constraint FK8rqw0ljwdaom34jr2t46bjtrn 
       foreign key (categoria_id) 
       references categorias
2026-07-20 16:57:38 [Thread-0] INFO  o.s.o.j.LocalContainerEntityManagerFactoryBean - Initialized JPA EntityManagerFactory for persistence unit 'default'
2026-07-20 16:57:40 [Thread-0] DEBUG o.s.w.s.m.m.a.RequestMappingHandlerMapping - 45 mappings in 'requestMappingHandlerMapping'
2026-07-20 16:57:40 [Thread-0] DEBUG o.s.w.s.h.SimpleUrlHandlerMapping - Patterns [/h2-console] in 'viewControllerHandlerMapping'
2026-07-20 16:57:40 [Thread-0] DEBUG o.s.w.s.h.SimpleUrlHandlerMapping - Patterns [/webjars/**, /**, /swagger-ui/**, /swagger-ui/*swagger-initializer.js, /webjars/*swagger-ui/**, /webjars/*swagger-ui/*swagger-initializer.js, /webjars/*swagger-ui/5.32.2/*swagger-initializer.js] in 'resourceHandlerMapping'
2026-07-20 16:57:40 [Thread-0] DEBUG o.s.s.c.a.a.c.AuthenticationConfiguration$DefaultPasswordEncoderAuthenticationManagerBuilder - No authenticationProviders and no parentAuthenticationManager defined. Returning null.
2026-07-20 16:57:41 [Thread-0] DEBUG o.s.s.web.DefaultSecurityFilterChain - Will secure any request with filters: DisableEncodeUrlFilter, WebAsyncManagerIntegrationFilter, SecurityContextHolderFilter, HeaderWriterFilter, LogoutFilter, JwtAuthenticationFilter, RequestCacheAwareFilter, SecurityContextHolderAwareRequestFilter, AnonymousAuthenticationFilter, SessionManagementFilter, ExceptionTranslationFilter, AuthorizationFilter
2026-07-20 16:57:41 [Thread-0] DEBUG o.s.w.s.m.m.a.RequestMappingHandlerAdapter - ControllerAdvice beans: 0 @ModelAttribute, 0 @InitBinder, 1 RequestBodyAdvice, 1 ResponseBodyAdvice
2026-07-20 16:57:41 [Thread-0] DEBUG o.s.w.s.m.m.a.ExceptionHandlerExceptionResolver - ControllerAdvice beans: 2 @ExceptionHandler, 1 ResponseBodyAdvice
2026-07-20 16:57:41 [Thread-0] INFO  o.a.coyote.http11.Http11NioProtocol - Starting ProtocolHandler ["http-nio-8080"]
2026-07-20 16:57:41 [Thread-0] INFO  o.s.b.w.e.tomcat.TomcatWebServer - Tomcat started on port 8080 (http) with context path '/api'
2026-07-20 16:57:41 [Thread-0] INFO  o.s.boot.SpringApplication - Started application in 14.869 seconds (process running for 18.089)
2026-07-20 16:57:41 [Thread-0] WARN  o.s.c.events.SpringDocAppInitializer - SpringDoc /v3/api-docs endpoint is enabled by default. To disable it in production, set the property 'springdoc.api-docs.enabled=false'
2026-07-20 16:58:00 [http-nio-8080-exec-1] INFO  o.a.c.c.C.[.[localhost].[/api] - Initializing Spring DispatcherServlet 'dispatcherServlet'
2026-07-20 16:58:00 [http-nio-8080-exec-1] INFO  o.s.web.servlet.DispatcherServlet - Initializing Servlet 'dispatcherServlet'
2026-07-20 16:58:00 [http-nio-8080-exec-1] DEBUG o.s.web.servlet.DispatcherServlet - Detected StandardServletMultipartResolver
2026-07-20 16:58:00 [http-nio-8080-exec-1] DEBUG o.s.web.servlet.DispatcherServlet - Detected AcceptHeaderLocaleResolver
2026-07-20 16:58:00 [http-nio-8080-exec-1] DEBUG o.s.web.servlet.DispatcherServlet - Detected FixedThemeResolver
2026-07-20 16:58:00 [http-nio-8080-exec-1] DEBUG o.s.web.servlet.DispatcherServlet - Detected org.springframework.web.servlet.view.DefaultRequestToViewNameTranslator@299c2198
2026-07-20 16:58:00 [http-nio-8080-exec-1] DEBUG o.s.web.servlet.DispatcherServlet - Detected org.springframework.web.servlet.support.SessionFlashMapManager@56c1017f
2026-07-20 16:58:00 [http-nio-8080-exec-1] DEBUG o.s.web.servlet.DispatcherServlet - enableLoggingRequestDetails='false': request parameters and headers will be masked to prevent unsafe logging of potentially sensitive data
2026-07-20 16:58:00 [http-nio-8080-exec-1] INFO  o.s.web.servlet.DispatcherServlet - Completed initialization in 11 ms
2026-07-20 16:58:00 [http-nio-8080-exec-1] DEBUG o.s.security.web.FilterChainProxy - Securing GET /swagger-ui.html
2026-07-20 16:58:00 [http-nio-8080-exec-1] DEBUG o.s.s.w.a.AnonymousAuthenticationFilter - Set SecurityContextHolder to anonymous SecurityContext
2026-07-20 16:58:07 [http-nio-8080-exec-4] DEBUG o.s.security.web.FilterChainProxy - Securing GET /
2026-07-20 16:58:07 [http-nio-8080-exec-4] DEBUG o.s.s.w.a.AnonymousAuthenticationFilter - Set SecurityContextHolder to anonymous SecurityContext
2026-07-20 16:58:15 [http-nio-8080-exec-5] DEBUG o.s.security.web.FilterChainProxy - Securing GET /swagger-ui.html
2026-07-20 16:58:15 [http-nio-8080-exec-5] DEBUG o.s.s.w.a.AnonymousAuthenticationFilter - Set SecurityContextHolder to anonymous SecurityContext
2026-07-20 16:58:25 [http-nio-8080-exec-6] DEBUG o.s.security.web.FilterChainProxy - Securing GET /
2026-07-20 16:58:25 [http-nio-8080-exec-6] DEBUG o.s.s.w.a.AnonymousAuthenticationFilter - Set SecurityContextHolder to anonymous SecurityContext
2026-07-20 16:58:41 [http-nio-8080-exec-7] DEBUG o.s.security.web.FilterChainProxy - Securing GET /categorias
2026-07-20 16:58:41 [http-nio-8080-exec-7] DEBUG o.s.s.w.a.AnonymousAuthenticationFilter - Set SecurityContextHolder to anonymous SecurityContext
2026-07-20 16:58:42 [http-nio-8080-exec-8] DEBUG o.s.security.web.FilterChainProxy - Securing GET /clientes
2026-07-20 16:58:42 [http-nio-8080-exec-8] DEBUG o.s.s.w.a.AnonymousAuthenticationFilter - Set SecurityContextHolder to anonymous SecurityContext
2026-07-20 16:58:43 [http-nio-8080-exec-9] DEBUG o.s.security.web.FilterChainProxy - Securing GET /clientes
2026-07-20 16:58:43 [http-nio-8080-exec-9] DEBUG o.s.s.w.a.AnonymousAuthenticationFilter - Set SecurityContextHolder to anonymous SecurityContext
2026-07-20 16:58:43 [http-nio-8080-exec-10] DEBUG o.s.security.web.FilterChainProxy - Securing GET /clientes
2026-07-20 16:58:43 [http-nio-8080-exec-10] DEBUG o.s.s.w.a.AnonymousAuthenticationFilter - Set SecurityContextHolder to anonymous SecurityContext
2026-07-20 16:59:11 [http-nio-8080-exec-2] DEBUG o.s.security.web.FilterChainProxy - Securing POST /clientes
2026-07-20 16:59:11 [http-nio-8080-exec-2] DEBUG o.s.s.w.a.AnonymousAuthenticationFilter - Set SecurityContextHolder to anonymous SecurityContext
2026-07-20 16:59:15 [SpringApplicationShutdownHook] INFO  o.s.b.w.e.tomcat.GracefulShutdown - Commencing graceful shutdown. Waiting for active requests to complete
2026-07-20 16:59:16 [tomcat-shutdown] INFO  o.s.b.w.e.tomcat.GracefulShutdown - Graceful shutdown complete
2026-07-20 16:59:16 [SpringApplicationShutdownHook] INFO  o.s.o.j.LocalContainerEntityManagerFactoryBean - Closing JPA EntityManagerFactory for persistence unit 'default'
2026-07-20 16:59:16 [SpringApplicationShutdownHook] DEBUG org.hibernate.SQL - 
    drop table if exists categorias cascade 
2026-07-20 16:59:16 [SpringApplicationShutdownHook] DEBUG org.hibernate.SQL - 
    drop table if exists clientes cascade 
2026-07-20 16:59:16 [SpringApplicationShutdownHook] DEBUG org.hibernate.SQL - 
    drop table if exists itens_pedido cascade 
2026-07-20 16:59:16 [SpringApplicationShutdownHook] DEBUG org.hibernate.SQL - 
    drop table if exists pagamentos cascade 
2026-07-20 16:59:16 [SpringApplicationShutdownHook] DEBUG org.hibernate.SQL - 
    drop table if exists pedidos cascade 
2026-07-20 16:59:16 [SpringApplicationShutdownHook] DEBUG org.hibernate.SQL - 
    drop table if exists produtos cascade 
2026-07-20 16:59:16 [SpringApplicationShutdownHook] DEBUG org.hibernate.SQL - 
    drop table if exists usuarios cascade 
2026-07-20 16:59:16 [SpringApplicationShutdownHook] WARN  o.s.b.f.s.DisposableBeanAdapter - Invocation of destroy method failed on bean with name 'inMemoryDatabaseShutdownExecutor': org.h2.jdbc.JdbcSQLNonTransientConnectionException: Database is already closed (to disable automatic closing at VM shutdown, add ";DB_CLOSE_ON_EXIT=FALSE" to the db URL) [90121-232]
2026-07-20 16:59:16 [SpringApplicationShutdownHook] INFO  com.zaxxer.hikari.HikariDataSource - HikariPool-1 - Shutdown initiated...
2026-07-20 16:59:16 [SpringApplicationShutdownHook] INFO  com.zaxxer.hikari.HikariDataSource - HikariPool-1 - Shutdown completed.
